EmployeeID,RoleID,RoleName,WeightedSkillReadiness,MandatorySkillCoverage,RoleReadinessScore,TotalSkillGap,CriticalGapCount,MissingSkillCount,Department,JobLevel,Location,TenureYears,PerformanceRating,PotentialCategory,MobilityInterest,ReadinessBand
E0001,R001,People Analytics Specialist,25.9,0.0,22.0,30.0,5.0,7.0,Marketing,L3,"Toronto, ON",2.4,3,High,Low,Significant Gap
E0001,R002,Senior People Analytics Analyst,11.7,16.7,12.4,43.0,5.0,10.0,Marketing,L3,"Toronto, ON",2.4,3,High,Low,Significant Gap
E0001,R003,Talent Intelligence Analyst,15.4,0.0,13.1,32.0,5.0,8.0,Marketing,L3,"Toronto, ON",2.4,3,High,Low,Significant Gap
E0001,R004,Workforce Planning Analyst,15.3,0.0,13.0,31.0,4.0,7.0,Marketing,L3,"Toronto, ON",2.4,3,High,Low,Significant Gap
E0001,R005,HR Data Analyst,24.6,0.0,20.9,20.0,4.0,5.0,Marketing,L3,"Toronto, ON",2.4,3,High,Low,Significant Gap
E0001,R006,People Analytics Manager,10.0,0.0,8.5,47.0,5.0,10.0,Marketing,L3,"Toronto, ON",2.4,3,High,Low,Significant Gap
E0001,R007,HRIS & People Data Specialist,17.0,0.0,14.5,30.0,5.0,7.0,Marketing,L3,"Toronto, ON",2.4,3,High,Low,Significant Gap
E0001,R008,Talent Management Analytics Specialist,20.1,0.0,17.1,28.0,4.0,7.0,Marketing,L3,"Toronto, ON",2.4,3,High,Low,Significant Gap
E0002,R001,People Analytics Specialist,31.2,20.0,29.6,28.0,4.0,7.0,Legal & Compliance,L6,"Calgary, AB",0.3,3,High,Low,Significant Gap
E0002,R002,Senior People Analytics Analyst,33.3,16.7,30.8,32.0,5.0,7.0,Legal & Compliance,L6,"Calgary, AB",0.3,3,High,Low,Significant Gap
E0002,R003,Talent Intelligence Analyst,15.4,0.0,13.1,33.0,5.0,9.0,Legal & Compliance,L6,"Calgary, AB",0.3,3,High,Low,Significant Gap
E0002,R004,Workforce Planning Analyst,34.2,0.0,29.0,23.0,4.0,5.0,Legal & Compliance,L6,"Calgary, AB",0.3,3,High,Low,Significant Gap
E0002,R005,HR Data Analyst,30.4,0.0,25.9,19.0,4.0,4.0,Legal & Compliance,L6,"Calgary, AB",0.3,3,High,Low,Significant Gap
E0002,R006,People Analytics Manager,49.7,20.0,45.2,26.0,4.0,4.0,Legal & Compliance,L6,"Calgary, AB",0.3,3,High,Low,Significant Gap
E0002,R007,HRIS & People Data Specialist,33.0,20.0,31.0,24.0,4.0,5.0,Legal & Compliance,L6,"Calgary, AB",0.3,3,High,Low,Significant Gap
E0002,R008,Talent Management Analytics Specialist,13.2,0.0,11.2,31.0,4.0,7.0,Legal & Compliance,L6,"Calgary, AB",0.3,3,High,Low,Significant Gap
E0003,R001,People Analytics Specialist,23.2,0.0,19.7,31.0,5.0,8.0,Sales,L1,"Ottawa, ON",0.3,3,Solid,High,Significant Gap
E0003,R002,Senior People Analytics Analyst,18.2,0.0,15.4,39.0,6.0,8.0,Sales,L1,"Ottawa, ON",0.3,3,Solid,High,Significant Gap
E0003,R003,Talent Intelligence Analyst,12.8,0.0,10.9,34.0,5.0,9.0,Sales,L1,"Ottawa, ON",0.3,3,Solid,High,Significant Gap
E0003,R004,Workforce Planning Analyst,27.8,0.0,23.6,26.0,4.0,5.0,Sales,L1,"Ottawa, ON",0.3,3,Solid,High,Significant Gap
E0003,R005,HR Data Analyst,15.8,0.0,13.5,23.0,4.0,6.0,Sales,L1,"Ottawa, ON",0.3,3,Solid,High,Significant Gap
E0003,R006,People Analytics Manager,17.9,0.0,15.2,43.0,5.0,8.0,Sales,L1,"Ottawa, ON",0.3,3,Solid,High,Significant Gap
E0003,R007,HRIS & People Data Specialist,10.1,0.0,8.6,32.0,5.0,8.0,Sales,L1,"Ottawa, ON",0.3,3,Solid,High,Significant Gap
E0003,R008,Talent Management Analytics Specialist,13.9,0.0,11.8,31.0,4.0,7.0,Sales,L1,"Ottawa, ON",0.3,3,Solid,High,Significant Gap
E0004,R001,People Analytics Specialist,19.0,0.0,16.2,33.0,5.0,8.0,Sales,L4,"Toronto, ON",7.5,5,Solid,Low,Significant Gap
E0004,R002,Senior People Analytics Analyst,22.3,16.7,21.5,37.0,5.0,8.0,Sales,L4,"Toronto, ON",7.5,5,Solid,Low,Significant Gap
E0004,R003,Talent Intelligence Analyst,12.8,0.0,10.9,34.0,5.0,9.0,Sales,L4,"Toronto, ON",7.5,5,Solid,Low,Significant Gap
E0004,R004,Workforce Planning Analyst,24.3,0.0,20.7,27.0,4.0,6.0,Sales,L4,"Toronto, ON",7.5,5,Solid,Low,Significant Gap
E0004,R005,HR Data Analyst,10.0,0.0,8.5,26.0,4.0,7.0,Sales,L4,"Toronto, ON",7.5,5,Solid,Low,Significant Gap
E0004,R006,People Analytics Manager,33.1,20.0,31.1,35.0,4.0,7.0,Sales,L4,"Toronto, ON",7.5,5,Solid,Low,Significant Gap
E0004,R007,HRIS & People Data Specialist,16.7,0.0,14.2,29.0,5.0,6.0,Sales,L4,"Toronto, ON",7.5,5,Solid,Low,Significant Gap
E0004,R008,Talent Management Analytics Specialist,11.1,0.0,9.4,32.0,4.0,8.0,Sales,L4,"Toronto, ON",7.5,5,Solid,Low,Significant Gap
E0005,R001,People Analytics Specialist,32.4,0.0,27.6,28.0,5.0,6.0,Finance,L4,"Vancouver, BC",6.1,3,Developing,High,Significant Gap
E0005,R002,Senior People Analytics Analyst,31.0,16.7,28.8,33.0,5.0,7.0,Finance,L4,"Vancouver, BC",6.1,3,Developing,High,Significant Gap
E0005,R003,Talent Intelligence Analyst,20.5,0.0,17.4,31.0,5.0,8.0,Finance,L4,"Vancouver, BC",6.1,3,Developing,High,Significant Gap
E0005,R004,Workforce Planning Analyst,44.4,0.0,37.8,20.0,4.0,3.0,Finance,L4,"Vancouver, BC",6.1,3,Developing,High,Significant Gap
E0005,R005,HR Data Analyst,9.2,0.0,7.8,26.0,4.0,7.0,Finance,L4,"Vancouver, BC",6.1,3,Developing,High,Significant Gap
E0005,R006,People Analytics Manager,36.6,0.0,31.1,33.0,5.0,6.0,Finance,L4,"Vancouver, BC",6.1,3,Developing,High,Significant Gap
E0005,R007,HRIS & People Data Specialist,13.0,0.0,11.1,30.0,5.0,7.0,Finance,L4,"Vancouver, BC",6.1,3,Developing,High,Significant Gap
E0005,R008,Talent Management Analytics Specialist,13.9,0.0,11.8,31.0,4.0,8.0,Finance,L4,"Vancouver, BC",6.1,3,Developing,High,Significant Gap
E0006,R001,People Analytics Specialist,29.5,20.0,28.0,30.0,4.0,7.0,Engineering,L1,"Montreal, QC",5.8,3,High,Low,Significant Gap
E0006,R002,Senior People Analytics Analyst,17.2,0.0,14.6,40.0,6.0,8.0,Engineering,L1,"Montreal, QC",5.8,3,High,Low,Significant Gap
E0006,R003,Talent Intelligence Analyst,11.5,0.0,9.8,33.0,5.0,8.0,Engineering,L1,"Montreal, QC",5.8,3,High,Low,Significant Gap
E0006,R004,Workforce Planning Analyst,14.6,0.0,12.4,32.0,4.0,7.0,Engineering,L1,"Montreal, QC",5.8,3,High,Low,Significant Gap
E0006,R005,HR Data Analyst,40.8,25.0,38.5,18.0,3.0,4.0,Engineering,L1,"Montreal, QC",5.8,3,High,Low,Significant Gap
E0006,R006,People Analytics Manager,15.9,0.0,13.5,44.0,5.0,8.0,Engineering,L1,"Montreal, QC",5.8,3,High,Low,Significant Gap
E0006,R007,HRIS & People Data Specialist,29.7,0.0,25.3,27.0,5.0,5.0,Engineering,L1,"Montreal, QC",5.8,3,High,Low,Significant Gap
E0006,R008,Talent Management Analytics Specialist,2.1,0.0,1.8,36.0,4.0,9.0,Engineering,L1,"Montreal, QC",5.8,3,High,Low,Significant Gap
E0007,R001,People Analytics Specialist,31.0,20.0,29.3,29.0,4.0,7.0,Human Resources,L1,"Calgary, AB",6.8,3,Solid,Medium,Significant Gap
E0007,R002,Senior People Analytics Analyst,13.4,0.0,11.4,41.0,6.0,7.0,Human Resources,L1,"Calgary, AB",6.8,3,Solid,Medium,Significant Gap
E0007,R003,Talent Intelligence Analyst,10.3,0.0,8.7,35.0,5.0,9.0,Human Resources,L1,"Calgary, AB",6.8,3,Solid,Medium,Significant Gap
E0007,R004,Workforce Planning Analyst,13.2,0.0,11.2,33.0,4.0,7.0,Human Resources,L1,"Calgary, AB",6.8,3,Solid,Medium,Significant Gap
E0007,R005,HR Data Analyst,42.5,25.0,39.9,18.0,3.0,4.0,Human Resources,L1,"Calgary, AB",6.8,3,Solid,Medium,Significant Gap
E0007,R006,People Analytics Manager,12.8,0.0,10.8,45.0,5.0,8.0,Human Resources,L1,"Calgary, AB",6.8,3,Solid,Medium,Significant Gap
E0007,R007,HRIS & People Data Specialist,34.7,0.0,29.5,24.0,5.0,4.0,Human Resources,L1,"Calgary, AB",6.8,3,Solid,Medium,Significant Gap
E0007,R008,Talent Management Analytics Specialist,16.7,0.0,14.2,31.0,4.0,7.0,Human Resources,L1,"Calgary, AB",6.8,3,Solid,Medium,Significant Gap
E0008,R001,People Analytics Specialist,19.6,0.0,16.7,33.0,5.0,8.0,Sales,L2,"Toronto, ON",7.4,4,High,Medium,Significant Gap
E0008,R002,Senior People Analytics Analyst,11.2,0.0,9.5,43.0,6.0,9.0,Sales,L2,"Toronto, ON",7.4,4,High,Medium,Significant Gap
E0008,R003,Talent Intelligence Analyst,10.3,0.0,8.7,35.0,5.0,9.0,Sales,L2,"Toronto, ON",7.4,4,High,Medium,Significant Gap
E0008,R004,Workforce Planning Analyst,11.8,0.0,10.0,33.0,4.0,7.0,Sales,L2,"Toronto, ON",7.4,4,High,Medium,Significant Gap
E0008,R005,HR Data Analyst,16.2,0.0,13.8,24.0,4.0,6.0,Sales,L2,"Toronto, ON",7.4,4,High,Medium,Significant Gap
E0008,R006,People Analytics Manager,11.7,0.0,10.0,46.0,5.0,8.0,Sales,L2,"Toronto, ON",7.4,4,High,Medium,Significant Gap
E0008,R007,HRIS & People Data Specialist,18.5,0.0,15.7,29.0,5.0,6.0,Sales,L2,"Toronto, ON",7.4,4,High,Medium,Significant Gap
E0008,R008,Talent Management Analytics Specialist,11.1,0.0,9.4,32.0,4.0,7.0,Sales,L2,"Toronto, ON",7.4,4,High,Medium,Significant Gap
E0009,R001,People Analytics Specialist,23.5,0.0,20.0,31.0,5.0,7.0,Sales,L3,Remote - Canada,1.0,2,Solid,Medium,Significant Gap
E0009,R002,Senior People Analytics Analyst,13.7,0.0,11.6,40.0,6.0,7.0,Sales,L3,Remote - Canada,1.0,2,Solid,Medium,Significant Gap
E0009,R003,Talent Intelligence Analyst,2.6,0.0,2.2,38.0,5.0,10.0,Sales,L3,Remote - Canada,1.0,2,Solid,Medium,Significant Gap
E0009,R004,Workforce Planning Analyst,14.6,0.0,12.4,32.0,4.0,6.0,Sales,L3,Remote - Canada,1.0,2,Solid,Medium,Significant Gap
E0009,R005,HR Data Analyst,27.9,0.0,23.7,19.0,4.0,5.0,Sales,L3,Remote - Canada,1.0,2,Solid,Medium,Significant Gap
E0009,R006,People Analytics Manager,12.8,0.0,10.8,45.0,5.0,8.0,Sales,L3,Remote - Canada,1.0,2,Solid,Medium,Significant Gap
E0009,R007,HRIS & People Data Specialist,25.7,0.0,21.9,27.0,5.0,6.0,Sales,L3,Remote - Canada,1.0,2,Solid,Medium,Significant Gap
E0009,R008,Talent Management Analytics Specialist,6.2,0.0,5.3,34.0,4.0,9.0,Sales,L3,Remote - Canada,1.0,2,Solid,Medium,Significant Gap
E0010,R001,People Analytics Specialist,8.9,0.0,7.6,37.0,5.0,10.0,Engineering,L2,"Montreal, QC",7.7,3,Solid,Medium,Significant Gap
E0010,R002,Senior People Analytics Analyst,11.7,0.0,9.9,42.0,6.0,10.0,Engineering,L2,"Montreal, QC",7.7,3,Solid,Medium,Significant Gap
E0010,R003,Talent Intelligence Analyst,12.8,0.0,10.9,33.0,5.0,8.0,Engineering,L2,"Montreal, QC",7.7,3,Solid,Medium,Significant Gap
E0010,R004,Workforce Planning Analyst,2.1,0.0,1.8,37.0,4.0,9.0,Engineering,L2,"Montreal, QC",7.7,3,Solid,Medium,Significant Gap
E0010,R005,HR Data Analyst,18.8,0.0,15.9,22.0,4.0,6.0,Engineering,L2,"Montreal, QC",7.7,3,Solid,Medium,Significant Gap
E0010,R006,People Analytics Manager,0.0,0.0,0.0,52.0,5.0,12.0,Engineering,L2,"Montreal, QC",7.7,3,Solid,Medium,Significant Gap
E0010,R007,HRIS & People Data Specialist,18.5,0.0,15.7,31.0,5.0,8.0,Engineering,L2,"Montreal, QC",7.7,3,Solid,Medium,Significant Gap
E0010,R008,Talent Management Analytics Specialist,6.2,0.0,5.3,34.0,4.0,9.0,Engineering,L2,"Montreal, QC",7.7,3,Solid,Medium,Significant Gap
E0011,R001,People Analytics Specialist,20.5,20.0,20.5,33.0,4.0,9.0,Operations,L6,"Montreal, QC",1.8,4,Developing,High,Significant Gap
E0011,R002,Senior People Analytics Analyst,23.8,0.0,20.3,36.0,6.0,8.0,Operations,L6,"Montreal, QC",1.8,4,Developing,High,Significant Gap
E0011,R003,Talent Intelligence Analyst,15.4,0.0,13.1,33.0,5.0,9.0,Operations,L6,"Montreal, QC",1.8,4,Developing,High,Significant Gap
E0011,R004,Workforce Planning Analyst,38.2,0.0,32.5,23.0,4.0,4.0,Operations,L6,"Montreal, QC",1.8,4,Developing,High,Significant Gap
E0011,R005,HR Data Analyst,6.7,0.0,5.7,26.0,4.0,7.0,Operations,L6,"Montreal, QC",1.8,4,Developing,High,Significant Gap
E0011,R006,People Analytics Manager,33.1,0.0,28.1,35.0,5.0,6.0,Operations,L6,"Montreal, QC",1.8,4,Developing,High,Significant Gap
E0011,R007,HRIS & People Data Specialist,10.1,0.0,8.6,31.0,5.0,7.0,Operations,L6,"Montreal, QC",1.8,4,Developing,High,Significant Gap
E0011,R008,Talent Management Analytics Specialist,10.4,0.0,8.9,32.0,4.0,8.0,Operations,L6,"Montreal, QC",1.8,4,Developing,High,Significant Gap
E0012,R001,People Analytics Specialist,35.7,20.0,33.4,26.0,4.0,6.0,Human Resources,L4,"Toronto, ON",6.3,4,Solid,Medium,Significant Gap
E0012,R002,Senior People Analytics Analyst,34.7,16.7,32.0,32.0,5.0,7.0,Human Resources,L4,"Toronto, ON",6.3,4,Solid,Medium,Significant Gap
E0012,R003,Talent Intelligence Analyst,26.9,20.0,25.9,29.0,4.0,8.0,Human Resources,L4,"Toronto, ON",6.3,4,Solid,Medium,Significant Gap
E0012,R004,Workforce Planning Analyst,30.6,0.0,26.0,25.0,4.0,6.0,Human Resources,L4,"Toronto, ON",6.3,4,Solid,Medium,Significant Gap
E0012,R005,HR Data Analyst,28.7,25.0,28.2,23.0,3.0,6.0,Human Resources,L4,"Toronto, ON",6.3,4,Solid,Medium,Significant Gap
E0012,R006,People Analytics Manager,48.7,20.0,44.4,27.0,4.0,5.0,Human Resources,L4,"Toronto, ON",6.3,4,Solid,Medium,Significant Gap
E0012,R007,HRIS & People Data Specialist,28.9,0.0,24.6,24.0,5.0,5.0,Human Resources,L4,"Toronto, ON",6.3,4,Solid,Medium,Significant Gap
E0012,R008,Talent Management Analytics Specialist,23.6,25.0,23.8,28.0,3.0,7.0,Human Resources,L4,"Toronto, ON",6.3,4,Solid,Medium,Significant Gap
E0013,R001,People Analytics Specialist,16.1,20.0,16.7,35.0,4.0,10.0,Engineering,L3,"Toronto, ON",5.1,4,Solid,Medium,Significant Gap
E0013,R002,Senior People Analytics Analyst,9.7,0.0,8.3,44.0,6.0,10.0,Engineering,L3,"Toronto, ON",5.1,4,Solid,Medium,Significant Gap
E0013,R003,Talent Intelligence Analyst,9.0,0.0,7.6,34.0,5.0,9.0,Engineering,L3,"Toronto, ON",5.1,4,Solid,Medium,Significant Gap
E0013,R004,Workforce Planning Analyst,6.2,0.0,5.3,35.0,4.0,9.0,Engineering,L3,"Toronto, ON",5.1,4,Solid,Medium,Significant Gap
E0013,R005,HR Data Analyst,27.5,25.0,27.1,21.0,3.0,5.0,Engineering,L3,"Toronto, ON",5.1,4,Solid,Medium,Significant Gap
E0013,R006,People Analytics Manager,10.3,0.0,8.8,47.0,5.0,9.0,Engineering,L3,"Toronto, ON",5.1,4,Solid,Medium,Significant Gap
E0013,R007,HRIS & People Data Specialist,14.5,0.0,12.3,32.0,5.0,7.0,Engineering,L3,"Toronto, ON",5.1,4,Solid,Medium,Significant Gap
E0013,R008,Talent Management Analytics Specialist,2.1,0.0,1.8,36.0,4.0,9.0,Engineering,L3,"Toronto, ON",5.1,4,Solid,Medium,Significant Gap
E0014,R001,People Analytics Specialist,22.3,0.0,19.0,32.0,5.0,7.0,Finance,L2,"Toronto, ON",4.4,4,Solid,Low,Significant Gap
E0014,R002,Senior People Analytics Analyst,20.2,0.0,17.1,38.0,6.0,7.0,Finance,L2,"Toronto, ON",4.4,4,Solid,Low,Significant Gap
E0014,R003,Talent Intelligence Analyst,10.9,0.0,9.3,35.0,5.0,9.0,Finance,L2,"Toronto, ON",4.4,4,Solid,Low,Significant Gap
E0014,R004,Workforce Planning Analyst,25.0,0.0,21.2,28.0,4.0,4.0,Finance,L2,"Toronto, ON",4.4,4,Solid,Low,Significant Gap
E0014,R005,HR Data Analyst,14.2,0.0,12.0,24.0,4.0,6.0,Finance,L2,"Toronto, ON",4.4,4,Solid,Low,Significant Gap
E0014,R006,People Analytics Manager,17.9,0.0,15.2,43.0,5.0,8.0,Finance,L2,"Toronto, ON",4.4,4,Solid,Low,Significant Gap
E0014,R007,HRIS & People Data Specialist,17.4,0.0,14.8,30.0,5.0,7.0,Finance,L2,"Toronto, ON",4.4,4,Solid,Low,Significant Gap
E0014,R008,Talent Management Analytics Specialist,12.5,0.0,10.6,32.0,4.0,8.0,Finance,L2,"Toronto, ON",4.4,4,Solid,Low,Significant Gap
E0015,R001,People Analytics Specialist,18.2,0.0,15.4,33.0,5.0,8.0,Finance,L3,"Calgary, AB",7.4,3,Solid,Medium,Significant Gap
E0015,R002,Senior People Analytics Analyst,10.0,16.7,11.0,44.0,5.0,11.0,Finance,L3,"Calgary, AB",7.4,3,Solid,Medium,Significant Gap
E0015,R003,Talent Intelligence Analyst,10.3,0.0,8.7,35.0,5.0,9.0,Finance,L3,"Calgary, AB",7.4,3,Solid,Medium,Significant Gap
E0015,R004,Workforce Planning Analyst,25.0,0.0,21.2,28.0,4.0,6.0,Finance,L3,"Calgary, AB",7.4,3,Solid,Medium,Significant Gap
E0015,R005,HR Data Analyst,12.5,0.0,10.6,25.0,4.0,7.0,Finance,L3,"Calgary, AB",7.4,3,Solid,Medium,Significant Gap
E0015,R006,People Analytics Manager,8.3,0.0,7.0,48.0,5.0,11.0,Finance,L3,"Calgary, AB",7.4,3,Solid,Medium,Significant Gap
E0015,R007,HRIS & People Data Specialist,10.9,0.0,9.2,32.0,5.0,8.0,Finance,L3,"Calgary, AB",7.4,3,Solid,Medium,Significant Gap
E0015,R008,Talent Management Analytics Specialist,11.1,0.0,9.4,32.0,4.0,8.0,Finance,L3,"Calgary, AB",7.4,3,Solid,Medium,Significant Gap
E0016,R001,People Analytics Specialist,17.3,20.0,17.7,35.0,4.0,9.0,Engineering,L1,"Toronto, ON",3.1,3,Solid,High,Significant Gap
E0016,R002,Senior People Analytics Analyst,26.7,16.7,25.2,36.0,5.0,8.0,Engineering,L1,"Toronto, ON",3.1,3,Solid,High,Significant Gap
E0016,R003,Talent Intelligence Analyst,16.7,0.0,14.2,31.0,5.0,8.0,Engineering,L1,"Toronto, ON",3.1,3,Solid,High,Significant Gap
E0016,R004,Workforce Planning Analyst,6.2,0.0,5.3,35.0,4.0,8.0,Engineering,L1,"Toronto, ON",3.1,3,Solid,High,Significant Gap
E0016,R005,HR Data Analyst,17.5,25.0,18.6,25.0,3.0,7.0,Engineering,L1,"Toronto, ON",3.1,3,Solid,High,Significant Gap
E0016,R006,People Analytics Manager,12.8,0.0,10.8,46.0,5.0,9.0,Engineering,L1,"Toronto, ON",3.1,3,Solid,High,Significant Gap
E0016,R007,HRIS & People Data Specialist,26.1,20.0,25.2,27.0,4.0,6.0,Engineering,L1,"Toronto, ON",3.1,3,Solid,High,Significant Gap
E0016,R008,Talent Management Analytics Specialist,4.2,0.0,3.5,35.0,4.0,9.0,Engineering,L1,"Toronto, ON",3.1,3,Solid,High,Significant Gap
E0017,R001,People Analytics Specialist,34.8,0.0,29.6,25.0,5.0,5.0,Human Resources,L3,"Toronto, ON",7.2,4,Solid,Medium,Significant Gap
E0017,R002,Senior People Analytics Analyst,12.3,0.0,10.5,42.0,6.0,9.0,Human Resources,L3,"Toronto, ON",7.2,4,Solid,Medium,Significant Gap
E0017,R003,Talent Intelligence Analyst,7.7,0.0,6.5,36.0,5.0,10.0,Human Resources,L3,"Toronto, ON",7.2,4,Solid,Medium,Significant Gap
E0017,R004,Workforce Planning Analyst,22.4,0.0,19.0,29.0,4.0,6.0,Human Resources,L3,"Toronto, ON",7.2,4,Solid,Medium,Significant Gap
E0017,R005,HR Data Analyst,32.9,0.0,28.0,19.0,4.0,4.0,Human Resources,L3,"Toronto, ON",7.2,4,Solid,Medium,Significant Gap
E0017,R006,People Analytics Manager,14.5,0.0,12.3,44.0,5.0,8.0,Human Resources,L3,"Toronto, ON",7.2,4,Solid,Medium,Significant Gap
E0017,R007,HRIS & People Data Specialist,23.0,0.0,19.5,28.0,5.0,5.0,Human Resources,L3,"Toronto, ON",7.2,4,Solid,Medium,Significant Gap
E0017,R008,Talent Management Analytics Specialist,22.2,0.0,18.9,29.0,4.0,7.0,Human Resources,L3,"Toronto, ON",7.2,4,Solid,Medium,Significant Gap
E0018,R001,People Analytics Specialist,27.1,0.0,23.0,30.0,5.0,7.0,Operations,L1,Remote - Canada,1.6,4,Solid,Medium,Significant Gap
E0018,R002,Senior People Analytics Analyst,20.3,0.0,17.2,38.0,6.0,7.0,Operations,L1,Remote - Canada,1.6,4,Solid,Medium,Significant Gap
E0018,R003,Talent Intelligence Analyst,10.3,0.0,8.7,35.0,5.0,9.0,Operations,L1,Remote - Canada,1.6,4,Solid,Medium,Significant Gap
E0018,R004,Workforce Planning Analyst,24.0,0.0,20.4,28.0,4.0,5.0,Operations,L1,Remote - Canada,1.6,4,Solid,Medium,Significant Gap
E0018,R005,HR Data Analyst,34.6,0.0,29.4,18.0,4.0,4.0,Operations,L1,Remote - Canada,1.6,4,Solid,Medium,Significant Gap
E0018,R006,People Analytics Manager,15.7,0.0,13.4,44.0,5.0,8.0,Operations,L1,Remote - Canada,1.6,4,Solid,Medium,Significant Gap
E0018,R007,HRIS & People Data Specialist,24.6,0.0,20.9,28.0,5.0,6.0,Operations,L1,Remote - Canada,1.6,4,Solid,Medium,Significant Gap
E0018,R008,Talent Management Analytics Specialist,8.3,0.0,7.1,33.0,4.0,8.0,Operations,L1,Remote - Canada,1.6,4,Solid,Medium,Significant Gap
E0019,R001,People Analytics Specialist,26.2,20.0,25.3,30.0,4.0,8.0,Sales,L3,"Toronto, ON",6.7,2,Solid,Medium,Significant Gap
E0019,R002,Senior People Analytics Analyst,18.8,0.0,16.0,39.0,6.0,9.0,Sales,L3,"Toronto, ON",6.7,2,Solid,Medium,Significant Gap
E0019,R003,Talent Intelligence Analyst,15.4,0.0,13.1,33.0,5.0,9.0,Sales,L3,"Toronto, ON",6.7,2,Solid,Medium,Significant Gap
E0019,R004,Workforce Planning Analyst,22.9,0.0,19.5,28.0,4.0,6.0,Sales,L3,"Toronto, ON",6.7,2,Solid,Medium,Significant Gap
E0019,R005,HR Data Analyst,12.5,0.0,10.6,25.0,4.0,7.0,Sales,L3,"Toronto, ON",6.7,2,Solid,Medium,Significant Gap
E0019,R006,People Analytics Manager,18.6,0.0,15.8,43.0,5.0,9.0,Sales,L3,"Toronto, ON",6.7,2,Solid,Medium,Significant Gap
E0019,R007,HRIS & People Data Specialist,10.9,0.0,9.2,32.0,5.0,8.0,Sales,L3,"Toronto, ON",6.7,2,Solid,Medium,Significant Gap
E0019,R008,Talent Management Analytics Specialist,9.0,0.0,7.7,33.0,4.0,8.0,Sales,L3,"Toronto, ON",6.7,2,Solid,Medium,Significant Gap
E0020,R001,People Analytics Specialist,29.2,20.0,27.8,29.0,4.0,6.0,Human Resources,L1,"Montreal, QC",0.6,3,Solid,Medium,Significant Gap
E0020,R002,Senior People Analytics Analyst,17.2,0.0,14.6,40.0,6.0,8.0,Human Resources,L1,"Montreal, QC",0.6,3,Solid,Medium,Significant Gap
E0020,R003,Talent Intelligence Analyst,5.1,0.0,4.4,37.0,5.0,10.0,Human Resources,L1,"Montreal, QC",0.6,3,Solid,Medium,Significant Gap
E0020,R004,Workforce Planning Analyst,11.8,0.0,10.0,33.0,4.0,7.0,Human Resources,L1,"Montreal, QC",0.6,3,Solid,Medium,Significant Gap
E0020,R005,HR Data Analyst,26.2,0.0,22.3,21.0,4.0,5.0,Human Resources,L1,"Montreal, QC",0.6,3,Solid,Medium,Significant Gap
E0020,R006,People Analytics Manager,16.1,0.0,13.7,44.0,5.0,8.0,Human Resources,L1,"Montreal, QC",0.6,3,Solid,Medium,Significant Gap
E0020,R007,HRIS & People Data Specialist,22.7,0.0,19.3,28.0,5.0,6.0,Human Resources,L1,"Montreal, QC",0.6,3,Solid,Medium,Significant Gap
E0020,R008,Talent Management Analytics Specialist,22.2,0.0,18.9,29.0,4.0,7.0,Human Resources,L1,"Montreal, QC",0.6,3,Solid,Medium,Significant Gap
E0021,R001,People Analytics Specialist,24.4,20.0,23.7,31.0,4.0,8.0,Operations,L4,"Vancouver, BC",3.6,4,Solid,High,Significant Gap
E0021,R002,Senior People Analytics Analyst,23.3,16.7,22.3,36.0,5.0,8.0,Operations,L4,"Vancouver, BC",3.6,4,Solid,High,Significant Gap
E0021,R003,Talent Intelligence Analyst,12.8,0.0,10.9,34.0,5.0,9.0,Operations,L4,"Vancouver, BC",3.6,4,Solid,High,Significant Gap
E0021,R004,Workforce Planning Analyst,47.2,0.0,40.1,20.0,4.0,3.0,Operations,L4,"Vancouver, BC",3.6,4,Solid,High,Significant Gap
E0021,R005,HR Data Analyst,16.7,0.0,14.2,22.0,4.0,6.0,Operations,L4,"Vancouver, BC",3.6,4,Solid,High,Significant Gap
E0021,R006,People Analytics Manager,32.8,20.0,30.8,35.0,4.0,6.0,Operations,L4,"Vancouver, BC",3.6,4,Solid,High,Significant Gap
E0021,R007,HRIS & People Data Specialist,10.1,0.0,8.6,32.0,5.0,7.0,Operations,L4,"Vancouver, BC",3.6,4,Solid,High,Significant Gap
E0021,R008,Talent Management Analytics Specialist,10.4,0.0,8.9,32.0,4.0,8.0,Operations,L4,"Vancouver, BC",3.6,4,Solid,High,Significant Gap
E0022,R001,People Analytics Specialist,8.6,0.0,7.3,37.0,5.0,9.0,Sales,L3,"Ottawa, ON",2.8,4,High,High,Significant Gap
E0022,R002,Senior People Analytics Analyst,7.5,0.0,6.4,44.0,6.0,9.0,Sales,L3,"Ottawa, ON",2.8,4,High,High,Significant Gap
E0022,R003,Talent Intelligence Analyst,2.6,0.0,2.2,38.0,5.0,10.0,Sales,L3,"Ottawa, ON",2.8,4,High,High,Significant Gap
E0022,R004,Workforce Planning Analyst,13.2,0.0,11.2,32.0,4.0,6.0,Sales,L3,"Ottawa, ON",2.8,4,High,High,Significant Gap
E0022,R005,HR Data Analyst,11.7,0.0,9.9,24.0,4.0,6.0,Sales,L3,"Ottawa, ON",2.8,4,High,High,Significant Gap
E0022,R006,People Analytics Manager,11.4,0.0,9.7,46.0,5.0,8.0,Sales,L3,"Ottawa, ON",2.8,4,High,High,Significant Gap
E0022,R007,HRIS & People Data Specialist,7.2,0.0,6.2,33.0,5.0,7.0,Sales,L3,"Ottawa, ON",2.8,4,High,High,Significant Gap
E0022,R008,Talent Management Analytics Specialist,11.8,0.0,10.0,32.0,4.0,7.0,Sales,L3,"Ottawa, ON",2.8,4,High,High,Significant Gap
E0023,R001,People Analytics Specialist,31.2,0.0,26.6,27.0,5.0,6.0,Human Resources,L1,"Toronto, ON",2.4,4,Solid,Medium,Significant Gap
E0023,R002,Senior People Analytics Analyst,22.6,0.0,19.2,37.0,6.0,7.0,Human Resources,L1,"Toronto, ON",2.4,4,Solid,Medium,Significant Gap
E0023,R003,Talent Intelligence Analyst,32.6,0.0,27.7,26.0,5.0,6.0,Human Resources,L1,"Toronto, ON",2.4,4,Solid,Medium,Significant Gap
E0023,R004,Workforce Planning Analyst,31.1,0.0,26.4,25.0,4.0,4.0,Human Resources,L1,"Toronto, ON",2.4,4,Solid,Medium,Significant Gap
E0023,R005,HR Data Analyst,30.4,0.0,25.9,21.0,4.0,5.0,Human Resources,L1,"Toronto, ON",2.4,4,Solid,Medium,Significant Gap
E0023,R006,People Analytics Manager,23.1,0.0,19.6,40.0,5.0,7.0,Human Resources,L1,"Toronto, ON",2.4,4,Solid,Medium,Significant Gap
E0023,R007,HRIS & People Data Specialist,23.2,0.0,19.7,27.0,5.0,6.0,Human Resources,L1,"Toronto, ON",2.4,4,Solid,Medium,Significant Gap
E0023,R008,Talent Management Analytics Specialist,30.4,0.0,25.9,25.0,4.0,6.0,Human Resources,L1,"Toronto, ON",2.4,4,Solid,Medium,Significant Gap
E0024,R001,People Analytics Specialist,10.7,0.0,9.1,36.0,5.0,8.0,Operations,L3,"Toronto, ON",3.7,3,High,Low,Significant Gap
E0024,R002,Senior People Analytics Analyst,7.5,0.0,6.4,44.0,6.0,9.0,Operations,L3,"Toronto, ON",3.7,3,High,Low,Significant Gap
E0024,R003,Talent Intelligence Analyst,2.6,0.0,2.2,38.0,5.0,10.0,Operations,L3,"Toronto, ON",3.7,3,High,Low,Significant Gap
E0024,R004,Workforce Planning Analyst,15.6,0.0,13.3,32.0,4.0,7.0,Operations,L3,"Toronto, ON",3.7,3,High,Low,Significant Gap
E0024,R005,HR Data Analyst,13.8,0.0,11.7,23.0,4.0,6.0,Operations,L3,"Toronto, ON",3.7,3,High,Low,Significant Gap
E0024,R006,People Analytics Manager,7.2,0.0,6.2,48.0,5.0,10.0,Operations,L3,"Toronto, ON",3.7,3,High,Low,Significant Gap
E0024,R007,HRIS & People Data Specialist,14.9,0.0,12.6,30.0,5.0,6.0,Operations,L3,"Toronto, ON",3.7,3,High,Low,Significant Gap
E0024,R008,Talent Management Analytics Specialist,8.3,0.0,7.1,33.0,4.0,8.0,Operations,L3,"Toronto, ON",3.7,3,High,Low,Significant Gap
E0025,R001,People Analytics Specialist,25.3,20.0,24.5,32.0,4.0,8.0,Engineering,L2,"Toronto, ON",6.6,3,Solid,Low,Significant Gap
E0025,R002,Senior People Analytics Analyst,24.4,0.0,20.8,37.0,6.0,7.0,Engineering,L2,"Toronto, ON",6.6,3,Solid,Low,Significant Gap
E0025,R003,Talent Intelligence Analyst,11.5,0.0,9.8,33.0,5.0,9.0,Engineering,L2,"Toronto, ON",6.6,3,Solid,Low,Significant Gap
E0025,R004,Workforce Planning Analyst,9.0,0.0,7.7,34.0,4.0,8.0,Engineering,L2,"Toronto, ON",6.6,3,Solid,Low,Significant Gap
E0025,R005,HR Data Analyst,32.5,25.0,31.4,21.0,3.0,5.0,Engineering,L2,"Toronto, ON",6.6,3,Solid,Low,Significant Gap
E0025,R006,People Analytics Manager,20.0,0.0,17.0,42.0,5.0,7.0,Engineering,L2,"Toronto, ON",6.6,3,Solid,Low,Significant Gap
E0025,R007,HRIS & People Data Specialist,37.3,0.0,31.7,23.0,5.0,3.0,Engineering,L2,"Toronto, ON",6.6,3,Solid,Low,Significant Gap
E0025,R008,Talent Management Analytics Specialist,6.2,0.0,5.3,34.0,4.0,9.0,Engineering,L2,"Toronto, ON",6.6,3,Solid,Low,Significant Gap
E0026,R001,People Analytics Specialist,15.2,0.0,12.9,35.0,5.0,9.0,Finance,L3,"Toronto, ON",7.8,4,Developing,Low,Significant Gap
E0026,R002,Senior People Analytics Analyst,12.5,0.0,10.6,41.0,6.0,9.0,Finance,L3,"Toronto, ON",7.8,4,Developing,Low,Significant Gap
E0026,R003,Talent Intelligence Analyst,0.0,0.0,0.0,39.0,5.0,11.0,Finance,L3,"Toronto, ON",7.8,4,Developing,Low,Significant Gap
E0026,R004,Workforce Planning Analyst,23.6,0.0,20.1,29.0,4.0,5.0,Finance,L3,"Toronto, ON",7.8,4,Developing,Low,Significant Gap
E0026,R005,HR Data Analyst,19.2,0.0,16.3,23.0,4.0,6.0,Finance,L3,"Toronto, ON",7.8,4,Developing,Low,Significant Gap
E0026,R006,People Analytics Manager,11.4,0.0,9.7,46.0,5.0,10.0,Finance,L3,"Toronto, ON",7.8,4,Developing,Low,Significant Gap
E0026,R007,HRIS & People Data Specialist,15.2,0.0,12.9,32.0,5.0,8.0,Finance,L3,"Toronto, ON",7.8,4,Developing,Low,Significant Gap
E0026,R008,Talent Management Analytics Specialist,2.1,0.0,1.8,36.0,4.0,9.0,Finance,L3,"Toronto, ON",7.8,4,Developing,Low,Significant Gap
E0027,R001,People Analytics Specialist,29.2,0.0,24.8,28.0,5.0,7.0,Customer Success,L2,"Calgary, AB",4.0,3,Solid,High,Significant Gap
E0027,R002,Senior People Analytics Analyst,20.2,0.0,17.1,38.0,6.0,8.0,Customer Success,L2,"Calgary, AB",4.0,3,Solid,High,Significant Gap
E0027,R003,Talent Intelligence Analyst,15.4,0.0,13.1,33.0,5.0,9.0,Customer Success,L2,"Calgary, AB",4.0,3,Solid,High,Significant Gap
E0027,R004,Workforce Planning Analyst,29.2,0.0,24.8,26.0,4.0,5.0,Customer Success,L2,"Calgary, AB",4.0,3,Solid,High,Significant Gap
E0027,R005,HR Data Analyst,15.0,0.0,12.8,24.0,4.0,7.0,Customer Success,L2,"Calgary, AB",4.0,3,Solid,High,Significant Gap
E0027,R006,People Analytics Manager,21.4,0.0,18.2,41.0,5.0,7.0,Customer Success,L2,"Calgary, AB",4.0,3,Solid,High,Significant Gap
E0027,R007,HRIS & People Data Specialist,14.5,0.0,12.3,30.0,5.0,7.0,Customer Success,L2,"Calgary, AB",4.0,3,Solid,High,Significant Gap
E0027,R008,Talent Management Analytics Specialist,6.2,0.0,5.3,34.0,4.0,9.0,Customer Success,L2,"Calgary, AB",4.0,3,Solid,High,Significant Gap
E0028,R001,People Analytics Specialist,8.3,0.0,7.1,37.0,5.0,10.0,Operations,L2,"Vancouver, BC",7.6,5,Developing,Low,Significant Gap
E0028,R002,Senior People Analytics Analyst,5.0,0.0,4.2,45.0,6.0,11.0,Operations,L2,"Vancouver, BC",7.6,5,Developing,Low,Significant Gap
E0028,R003,Talent Intelligence Analyst,0.0,0.0,0.0,39.0,5.0,11.0,Operations,L2,"Vancouver, BC",7.6,5,Developing,Low,Significant Gap
E0028,R004,Workforce Planning Analyst,22.9,0.0,19.5,29.0,4.0,6.0,Operations,L2,"Vancouver, BC",7.6,5,Developing,Low,Significant Gap
E0028,R005,HR Data Analyst,12.5,0.0,10.6,25.0,4.0,7.0,Operations,L2,"Vancouver, BC",7.6,5,Developing,Low,Significant Gap
E0028,R006,People Analytics Manager,7.9,0.0,6.7,48.0,5.0,10.0,Operations,L2,"Vancouver, BC",7.6,5,Developing,Low,Significant Gap
E0028,R007,HRIS & People Data Specialist,8.0,0.0,6.8,34.0,5.0,8.0,Operations,L2,"Vancouver, BC",7.6,5,Developing,Low,Significant Gap
E0028,R008,Talent Management Analytics Specialist,0.0,0.0,0.0,37.0,4.0,10.0,Operations,L2,"Vancouver, BC",7.6,5,Developing,Low,Significant Gap
E0029,R001,People Analytics Specialist,22.6,0.0,19.2,32.0,5.0,8.0,Engineering,L3,Remote - Canada,4.9,4,Solid,Medium,Significant Gap
E0029,R002,Senior People Analytics Analyst,26.1,0.0,22.2,36.0,6.0,7.0,Engineering,L3,Remote - Canada,4.9,4,Solid,Medium,Significant Gap
E0029,R003,Talent Intelligence Analyst,24.4,0.0,20.7,28.0,5.0,7.0,Engineering,L3,Remote - Canada,4.9,4,Solid,Medium,Significant Gap
E0029,R004,Workforce Planning Analyst,8.3,0.0,7.1,34.0,4.0,8.0,Engineering,L3,Remote - Canada,4.9,4,Solid,Medium,Significant Gap
E0029,R005,HR Data Analyst,21.7,0.0,18.4,23.0,4.0,6.0,Engineering,L3,Remote - Canada,4.9,4,Solid,Medium,Significant Gap
E0029,R006,People Analytics Manager,15.6,0.0,13.3,44.0,5.0,8.0,Engineering,L3,Remote - Canada,4.9,4,Solid,Medium,Significant Gap
E0029,R007,HRIS & People Data Specialist,18.8,0.0,16.0,29.0,5.0,6.0,Engineering,L3,Remote - Canada,4.9,4,Solid,Medium,Significant Gap
E0029,R008,Talent Management Analytics Specialist,4.2,0.0,3.5,35.0,4.0,9.0,Engineering,L3,Remote - Canada,4.9,4,Solid,Medium,Significant Gap
E0030,R001,People Analytics Specialist,15.2,0.0,12.9,35.0,5.0,9.0,Sales,L3,"Montreal, QC",1.9,4,High,Medium,Significant Gap
E0030,R002,Senior People Analytics Analyst,13.1,0.0,11.1,41.0,6.0,8.0,Sales,L3,"Montreal, QC",1.9,4,High,Medium,Significant Gap
E0030,R003,Talent Intelligence Analyst,2.6,0.0,2.2,38.0,5.0,10.0,Sales,L3,"Montreal, QC",1.9,4,High,Medium,Significant Gap
E0030,R004,Workforce Planning Analyst,16.7,0.0,14.2,31.0,4.0,7.0,Sales,L3,"Montreal, QC",1.9,4,High,Medium,Significant Gap
E0030,R005,HR Data Analyst,21.7,0.0,18.4,22.0,4.0,5.0,Sales,L3,"Montreal, QC",1.9,4,High,Medium,Significant Gap
E0030,R006,People Analytics Manager,15.1,0.0,12.8,44.0,5.0,8.0,Sales,L3,"Montreal, QC",1.9,4,High,Medium,Significant Gap
E0030,R007,HRIS & People Data Specialist,14.9,0.0,12.6,31.0,5.0,7.0,Sales,L3,"Montreal, QC",1.9,4,High,Medium,Significant Gap
E0030,R008,Talent Management Analytics Specialist,7.6,0.0,6.5,34.0,4.0,8.0,Sales,L3,"Montreal, QC",1.9,4,High,Medium,Significant Gap
E0031,R001,People Analytics Specialist,17.3,0.0,14.7,34.0,5.0,8.0,Finance,L2,"Toronto, ON",4.1,4,Developing,High,Significant Gap
E0031,R002,Senior People Analytics Analyst,2.0,0.0,1.7,47.0,6.0,11.0,Finance,L2,"Toronto, ON",4.1,4,Developing,High,Significant Gap
E0031,R003,Talent Intelligence Analyst,7.7,0.0,6.5,36.0,5.0,10.0,Finance,L2,"Toronto, ON",4.1,4,Developing,High,Significant Gap
E0031,R004,Workforce Planning Analyst,22.1,0.0,18.8,30.0,4.0,6.0,Finance,L2,"Toronto, ON",4.1,4,Developing,High,Significant Gap
E0031,R005,HR Data Analyst,15.8,0.0,13.5,23.0,4.0,5.0,Finance,L2,"Toronto, ON",4.1,4,Developing,High,Significant Gap
E0031,R006,People Analytics Manager,7.2,0.0,6.2,48.0,5.0,10.0,Finance,L2,"Toronto, ON",4.1,4,Developing,High,Significant Gap
E0031,R007,HRIS & People Data Specialist,9.4,0.0,8.0,34.0,5.0,8.0,Finance,L2,"Toronto, ON",4.1,4,Developing,High,Significant Gap
E0031,R008,Talent Management Analytics Specialist,15.3,0.0,13.0,31.0,4.0,7.0,Finance,L2,"Toronto, ON",4.1,4,Developing,High,Significant Gap
E0032,R001,People Analytics Specialist,16.1,0.0,13.7,34.0,5.0,8.0,Sales,L3,"Calgary, AB",1.2,3,Solid,Medium,Significant Gap
E0032,R002,Senior People Analytics Analyst,9.8,0.0,8.4,43.0,6.0,9.0,Sales,L3,"Calgary, AB",1.2,3,Solid,Medium,Significant Gap
E0032,R003,Talent Intelligence Analyst,7.7,0.0,6.5,36.0,5.0,9.0,Sales,L3,"Calgary, AB",1.2,3,Solid,Medium,Significant Gap
E0032,R004,Workforce Planning Analyst,16.0,0.0,13.6,31.0,4.0,6.0,Sales,L3,"Calgary, AB",1.2,3,Solid,Medium,Significant Gap
E0032,R005,HR Data Analyst,14.2,0.0,12.0,24.0,4.0,6.0,Sales,L3,"Calgary, AB",1.2,3,Solid,Medium,Significant Gap
E0032,R006,People Analytics Manager,15.5,0.0,13.2,44.0,5.0,8.0,Sales,L3,"Calgary, AB",1.2,3,Solid,Medium,Significant Gap
E0032,R007,HRIS & People Data Specialist,12.3,0.0,10.5,31.0,5.0,7.0,Sales,L3,"Calgary, AB",1.2,3,Solid,Medium,Significant Gap
E0032,R008,Talent Management Analytics Specialist,4.2,0.0,3.5,35.0,4.0,8.0,Sales,L3,"Calgary, AB",1.2,3,Solid,Medium,Significant Gap
E0033,R001,People Analytics Specialist,25.9,0.0,22.0,30.0,5.0,8.0,Legal & Compliance,L5,"Montreal, QC",3.1,3,Solid,Low,Significant Gap
E0033,R002,Senior People Analytics Analyst,23.2,16.7,22.2,37.0,5.0,8.0,Legal & Compliance,L5,"Montreal, QC",3.1,3,Solid,Low,Significant Gap
E0033,R003,Talent Intelligence Analyst,15.4,0.0,13.1,33.0,5.0,9.0,Legal & Compliance,L5,"Montreal, QC",3.1,3,Solid,Low,Significant Gap
E0033,R004,Workforce Planning Analyst,27.1,0.0,23.0,26.0,4.0,6.0,Legal & Compliance,L5,"Montreal, QC",3.1,3,Solid,Low,Significant Gap
E0033,R005,HR Data Analyst,21.2,0.0,18.1,22.0,4.0,5.0,Legal & Compliance,L5,"Montreal, QC",3.1,3,Solid,Low,Significant Gap
E0033,R006,People Analytics Manager,31.0,0.0,26.4,36.0,5.0,6.0,Legal & Compliance,L5,"Montreal, QC",3.1,3,Solid,Low,Significant Gap
E0033,R007,HRIS & People Data Specialist,18.8,0.0,16.0,29.0,5.0,6.0,Legal & Compliance,L5,"Montreal, QC",3.1,3,Solid,Low,Significant Gap
E0033,R008,Talent Management Analytics Specialist,10.4,0.0,8.9,32.0,4.0,8.0,Legal & Compliance,L5,"Montreal, QC",3.1,3,Solid,Low,Significant Gap
E0034,R001,People Analytics Specialist,17.9,0.0,15.2,33.0,5.0,8.0,Customer Success,L2,"Vancouver, BC",10.3,3,Developing,Medium,Significant Gap
E0034,R002,Senior People Analytics Analyst,12.3,0.0,10.5,42.0,6.0,9.0,Customer Success,L2,"Vancouver, BC",10.3,3,Developing,Medium,Significant Gap
E0034,R003,Talent Intelligence Analyst,10.3,0.0,8.7,35.0,5.0,9.0,Customer Success,L2,"Vancouver, BC",10.3,3,Developing,Medium,Significant Gap
E0034,R004,Workforce Planning Analyst,20.1,0.0,17.1,29.0,4.0,6.0,Customer Success,L2,"Vancouver, BC",10.3,3,Developing,Medium,Significant Gap
E0034,R005,HR Data Analyst,14.6,0.0,12.4,23.0,4.0,6.0,Customer Success,L2,"Vancouver, BC",10.3,3,Developing,Medium,Significant Gap
E0034,R006,People Analytics Manager,12.4,0.0,10.6,46.0,5.0,9.0,Customer Success,L2,"Vancouver, BC",10.3,3,Developing,Medium,Significant Gap
E0034,R007,HRIS & People Data Specialist,6.2,0.0,5.2,34.0,5.0,8.0,Customer Success,L2,"Vancouver, BC",10.3,3,Developing,Medium,Significant Gap
E0034,R008,Talent Management Analytics Specialist,8.3,0.0,7.1,33.0,4.0,8.0,Customer Success,L2,"Vancouver, BC",10.3,3,Developing,Medium,Significant Gap
E0035,R001,People Analytics Specialist,25.6,0.0,21.8,31.0,5.0,6.0,Human Resources,L3,"Montreal, QC",3.6,2,Solid,Medium,Significant Gap
E0035,R002,Senior People Analytics Analyst,16.7,0.0,14.2,40.0,6.0,7.0,Human Resources,L3,"Montreal, QC",3.6,2,Solid,Medium,Significant Gap
E0035,R003,Talent Intelligence Analyst,18.9,0.0,16.1,32.0,5.0,8.0,Human Resources,L3,"Montreal, QC",3.6,2,Solid,Medium,Significant Gap
E0035,R004,Workforce Planning Analyst,13.2,0.0,11.2,32.0,4.0,7.0,Human Resources,L3,"Montreal, QC",3.6,2,Solid,Medium,Significant Gap
E0035,R005,HR Data Analyst,31.2,25.0,30.3,21.0,3.0,6.0,Human Resources,L3,"Montreal, QC",3.6,2,Solid,Medium,Significant Gap
E0035,R006,People Analytics Manager,17.8,0.0,15.1,43.0,5.0,8.0,Human Resources,L3,"Montreal, QC",3.6,2,Solid,Medium,Significant Gap
E0035,R007,HRIS & People Data Specialist,26.4,0.0,22.4,27.0,5.0,6.0,Human Resources,L3,"Montreal, QC",3.6,2,Solid,Medium,Significant Gap
E0035,R008,Talent Management Analytics Specialist,34.9,0.0,29.7,24.0,4.0,5.0,Human Resources,L3,"Montreal, QC",3.6,2,Solid,Medium,Significant Gap
E0036,R001,People Analytics Specialist,33.6,0.0,28.6,26.0,5.0,4.0,Human Resources,L2,"Toronto, ON",0.8,4,Solid,Low,Significant Gap
E0036,R002,Senior People Analytics Analyst,18.5,0.0,15.7,40.0,6.0,7.0,Human Resources,L2,"Toronto, ON",0.8,4,Solid,Low,Significant Gap
E0036,R003,Talent Intelligence Analyst,16.3,0.0,13.9,33.0,5.0,8.0,Human Resources,L2,"Toronto, ON",0.8,4,Solid,Low,Significant Gap
E0036,R004,Workforce Planning Analyst,18.8,0.0,15.9,30.0,4.0,6.0,Human Resources,L2,"Toronto, ON",0.8,4,Solid,Low,Significant Gap
E0036,R005,HR Data Analyst,25.0,0.0,21.2,21.0,4.0,5.0,Human Resources,L2,"Toronto, ON",0.8,4,Solid,Low,Significant Gap
E0036,R006,People Analytics Manager,17.8,0.0,15.1,43.0,5.0,7.0,Human Resources,L2,"Toronto, ON",0.8,4,Solid,Low,Significant Gap
E0036,R007,HRIS & People Data Specialist,18.5,0.0,15.7,30.0,5.0,6.0,Human Resources,L2,"Toronto, ON",0.8,4,Solid,Low,Significant Gap
E0036,R008,Talent Management Analytics Specialist,34.7,0.0,29.5,24.0,4.0,5.0,Human Resources,L2,"Toronto, ON",0.8,4,Solid,Low,Significant Gap
E0037,R001,People Analytics Specialist,18.2,0.0,15.4,33.0,5.0,8.0,Sales,L2,"Vancouver, BC",0.3,5,Solid,Medium,Significant Gap
E0037,R002,Senior People Analytics Analyst,10.0,0.0,8.5,43.0,6.0,9.0,Sales,L2,"Vancouver, BC",0.3,5,Solid,Medium,Significant Gap
E0037,R003,Talent Intelligence Analyst,9.7,0.0,8.3,35.0,5.0,9.0,Sales,L2,"Vancouver, BC",0.3,5,Solid,Medium,Significant Gap
E0037,R004,Workforce Planning Analyst,22.8,0.0,19.4,28.0,4.0,5.0,Sales,L2,"Vancouver, BC",0.3,5,Solid,Medium,Significant Gap
E0037,R005,HR Data Analyst,24.6,0.0,20.9,20.0,4.0,5.0,Sales,L2,"Vancouver, BC",0.3,5,Solid,Medium,Significant Gap
E0037,R006,People Analytics Manager,15.2,0.0,12.9,44.0,5.0,8.0,Sales,L2,"Vancouver, BC",0.3,5,Solid,Medium,Significant Gap
E0037,R007,HRIS & People Data Specialist,15.6,0.0,13.2,31.0,5.0,7.0,Sales,L2,"Vancouver, BC",0.3,5,Solid,Medium,Significant Gap
E0037,R008,Talent Management Analytics Specialist,10.4,0.0,8.9,32.0,4.0,8.0,Sales,L2,"Vancouver, BC",0.3,5,Solid,Medium,Significant Gap
E0038,R001,People Analytics Specialist,25.0,20.0,24.2,32.0,4.0,9.0,Engineering,L3,"Ottawa, ON",4.3,4,Developing,Low,Significant Gap
E0038,R002,Senior People Analytics Analyst,36.4,16.7,33.4,31.0,5.0,6.0,Engineering,L3,"Ottawa, ON",4.3,4,Developing,Low,Significant Gap
E0038,R003,Talent Intelligence Analyst,15.4,0.0,13.1,33.0,5.0,9.0,Engineering,L3,"Ottawa, ON",4.3,4,Developing,Low,Significant Gap
E0038,R004,Workforce Planning Analyst,12.5,0.0,10.6,33.0,4.0,8.0,Engineering,L3,"Ottawa, ON",4.3,4,Developing,Low,Significant Gap
E0038,R005,HR Data Analyst,33.3,50.0,35.8,21.0,2.0,6.0,Engineering,L3,"Ottawa, ON",4.3,4,Developing,Low,Significant Gap
E0038,R006,People Analytics Manager,16.2,0.0,13.8,44.0,5.0,8.0,Engineering,L3,"Ottawa, ON",4.3,4,Developing,Low,Significant Gap
E0038,R007,HRIS & People Data Specialist,40.9,40.0,40.8,23.0,3.0,5.0,Engineering,L3,"Ottawa, ON",4.3,4,Developing,Low,Significant Gap
E0038,R008,Talent Management Analytics Specialist,0.0,0.0,0.0,37.0,4.0,10.0,Engineering,L3,"Ottawa, ON",4.3,4,Developing,Low,Significant Gap
E0039,R001,People Analytics Specialist,14.6,0.0,12.4,35.0,5.0,8.0,Finance,L3,"Vancouver, BC",4.6,2,Solid,Medium,Significant Gap
E0039,R002,Senior People Analytics Analyst,10.0,0.0,8.5,44.0,6.0,10.0,Finance,L3,"Vancouver, BC",4.6,2,Solid,Medium,Significant Gap
E0039,R003,Talent Intelligence Analyst,7.7,0.0,6.5,36.0,5.0,9.0,Finance,L3,"Vancouver, BC",4.6,2,Solid,Medium,Significant Gap
E0039,R004,Workforce Planning Analyst,22.2,0.0,18.9,30.0,4.0,6.0,Finance,L3,"Vancouver, BC",4.6,2,Solid,Medium,Significant Gap
E0039,R005,HR Data Analyst,5.4,0.0,4.6,27.0,4.0,7.0,Finance,L3,"Vancouver, BC",4.6,2,Solid,Medium,Significant Gap
E0039,R006,People Analytics Manager,4.1,0.0,3.5,50.0,5.0,11.0,Finance,L3,"Vancouver, BC",4.6,2,Solid,Medium,Significant Gap
E0039,R007,HRIS & People Data Specialist,6.2,0.0,5.2,34.0,5.0,8.0,Finance,L3,"Vancouver, BC",4.6,2,Solid,Medium,Significant Gap
E0039,R008,Talent Management Analytics Specialist,9.0,0.0,7.7,33.0,4.0,7.0,Finance,L3,"Vancouver, BC",4.6,2,Solid,Medium,Significant Gap
E0040,R001,People Analytics Specialist,28.0,40.0,29.8,31.0,3.0,8.0,Engineering,L4,"Toronto, ON",5.9,3,Solid,High,Significant Gap
E0040,R002,Senior People Analytics Analyst,39.4,0.0,33.5,29.0,6.0,5.0,Engineering,L4,"Toronto, ON",5.9,3,Solid,High,Significant Gap
E0040,R003,Talent Intelligence Analyst,28.2,0.0,24.0,28.0,5.0,7.0,Engineering,L4,"Toronto, ON",5.9,3,Solid,High,Significant Gap
E0040,R004,Workforce Planning Analyst,20.8,0.0,17.7,29.0,4.0,6.0,Engineering,L4,"Toronto, ON",5.9,3,Solid,High,Significant Gap
E0040,R005,HR Data Analyst,20.8,25.0,21.5,24.0,3.0,6.0,Engineering,L4,"Toronto, ON",5.9,3,Solid,High,Significant Gap
E0040,R006,People Analytics Manager,34.1,0.0,29.0,35.0,5.0,6.0,Engineering,L4,"Toronto, ON",5.9,3,Solid,High,Significant Gap
E0040,R007,HRIS & People Data Specialist,24.6,0.0,20.9,28.0,5.0,6.0,Engineering,L4,"Toronto, ON",5.9,3,Solid,High,Significant Gap
E0040,R008,Talent Management Analytics Specialist,4.2,0.0,3.5,35.0,4.0,9.0,Engineering,L4,"Toronto, ON",5.9,3,Solid,High,Significant Gap
E0041,R001,People Analytics Specialist,31.2,20.0,29.6,29.0,4.0,7.0,Engineering,L2,"Toronto, ON",6.3,4,Solid,High,Significant Gap
E0041,R002,Senior People Analytics Analyst,33.7,0.0,28.6,32.0,6.0,6.0,Engineering,L2,"Toronto, ON",6.3,4,Solid,High,Significant Gap
E0041,R003,Talent Intelligence Analyst,11.5,0.0,9.8,33.0,5.0,9.0,Engineering,L2,"Toronto, ON",6.3,4,Solid,High,Significant Gap
E0041,R004,Workforce Planning Analyst,27.6,0.0,23.5,27.0,4.0,6.0,Engineering,L2,"Toronto, ON",6.3,4,Solid,High,Significant Gap
E0041,R005,HR Data Analyst,35.0,25.0,33.5,18.0,3.0,4.0,Engineering,L2,"Toronto, ON",6.3,4,Solid,High,Significant Gap
E0041,R006,People Analytics Manager,19.3,0.0,16.4,42.0,5.0,7.0,Engineering,L2,"Toronto, ON",6.3,4,Solid,High,Significant Gap
E0041,R007,HRIS & People Data Specialist,28.6,0.0,24.3,27.0,5.0,5.0,Engineering,L2,"Toronto, ON",6.3,4,Solid,High,Significant Gap
E0041,R008,Talent Management Analytics Specialist,6.9,0.0,5.9,34.0,4.0,8.0,Engineering,L2,"Toronto, ON",6.3,4,Solid,High,Significant Gap
E0042,R001,People Analytics Specialist,10.7,0.0,9.1,36.0,5.0,9.0,Operations,L1,Remote - Canada,1.2,3,High,Medium,Significant Gap
E0042,R002,Senior People Analytics Analyst,6.7,0.0,5.7,45.0,6.0,10.0,Operations,L1,Remote - Canada,1.2,3,High,Medium,Significant Gap
E0042,R003,Talent Intelligence Analyst,5.1,0.0,4.4,37.0,5.0,10.0,Operations,L1,Remote - Canada,1.2,3,High,Medium,Significant Gap
E0042,R004,Workforce Planning Analyst,22.9,0.0,19.5,29.0,4.0,5.0,Operations,L1,Remote - Canada,1.2,3,High,Medium,Significant Gap
E0042,R005,HR Data Analyst,13.8,0.0,11.7,23.0,4.0,6.0,Operations,L1,Remote - Canada,1.2,3,High,Medium,Significant Gap
E0042,R006,People Analytics Manager,6.2,0.0,5.3,49.0,5.0,10.0,Operations,L1,Remote - Canada,1.2,3,High,Medium,Significant Gap
E0042,R007,HRIS & People Data Specialist,6.2,0.0,5.2,34.0,5.0,8.0,Operations,L1,Remote - Canada,1.2,3,High,Medium,Significant Gap
E0042,R008,Talent Management Analytics Specialist,10.4,0.0,8.9,32.0,4.0,8.0,Operations,L1,Remote - Canada,1.2,3,High,Medium,Significant Gap
E0043,R001,People Analytics Specialist,34.8,20.0,32.6,28.0,4.0,7.0,Engineering,L5,"Vancouver, BC",6.6,3,Solid,Medium,Significant Gap
E0043,R002,Senior People Analytics Analyst,41.0,0.0,34.8,28.0,6.0,6.0,Engineering,L5,"Vancouver, BC",6.6,3,Solid,Medium,Significant Gap
E0043,R003,Talent Intelligence Analyst,51.9,20.0,47.1,18.0,4.0,4.0,Engineering,L5,"Vancouver, BC",6.6,3,Solid,Medium,Significant Gap
E0043,R004,Workforce Planning Analyst,25.0,0.0,21.2,27.0,4.0,6.0,Engineering,L5,"Vancouver, BC",6.6,3,Solid,Medium,Significant Gap
E0043,R005,HR Data Analyst,20.8,25.0,21.5,23.0,3.0,6.0,Engineering,L5,"Vancouver, BC",6.6,3,Solid,Medium,Significant Gap
E0043,R006,People Analytics Manager,32.8,0.0,27.8,36.0,5.0,7.0,Engineering,L5,"Vancouver, BC",6.6,3,Solid,Medium,Significant Gap
E0043,R007,HRIS & People Data Specialist,14.1,0.0,12.0,31.0,5.0,8.0,Engineering,L5,"Vancouver, BC",6.6,3,Solid,Medium,Significant Gap
E0043,R008,Talent Management Analytics Specialist,16.7,0.0,14.2,30.0,4.0,7.0,Engineering,L5,"Vancouver, BC",6.6,3,Solid,Medium,Significant Gap
E0044,R001,People Analytics Specialist,9.2,0.0,7.8,37.0,5.0,9.0,Sales,L1,"Toronto, ON",5.8,2,Solid,High,Significant Gap
E0044,R002,Senior People Analytics Analyst,7.0,0.0,6.0,45.0,6.0,10.0,Sales,L1,"Toronto, ON",5.8,2,Solid,High,Significant Gap
E0044,R003,Talent Intelligence Analyst,7.7,0.0,6.5,36.0,5.0,9.0,Sales,L1,"Toronto, ON",5.8,2,Solid,High,Significant Gap
E0044,R004,Workforce Planning Analyst,9.0,0.0,7.7,34.0,4.0,7.0,Sales,L1,"Toronto, ON",5.8,2,Solid,High,Significant Gap
E0044,R005,HR Data Analyst,4.2,0.0,3.5,27.0,4.0,7.0,Sales,L1,"Toronto, ON",5.8,2,Solid,High,Significant Gap
E0044,R006,People Analytics Manager,9.7,0.0,8.2,47.0,5.0,9.0,Sales,L1,"Toronto, ON",5.8,2,Solid,High,Significant Gap
E0044,R007,HRIS & People Data Specialist,5.8,0.0,4.9,33.0,5.0,8.0,Sales,L1,"Toronto, ON",5.8,2,Solid,High,Significant Gap
E0044,R008,Talent Management Analytics Specialist,11.8,0.0,10.0,32.0,4.0,7.0,Sales,L1,"Toronto, ON",5.8,2,Solid,High,Significant Gap
E0045,R001,People Analytics Specialist,8.9,0.0,7.6,37.0,5.0,10.0,Engineering,L1,"Toronto, ON",10.7,2,Developing,Medium,Significant Gap
E0045,R002,Senior People Analytics Analyst,14.4,0.0,12.3,41.0,6.0,9.0,Engineering,L1,"Toronto, ON",10.7,2,Developing,Medium,Significant Gap
E0045,R003,Talent Intelligence Analyst,19.2,0.0,16.3,30.0,5.0,8.0,Engineering,L1,"Toronto, ON",10.7,2,Developing,Medium,Significant Gap
E0045,R004,Workforce Planning Analyst,2.1,0.0,1.8,37.0,4.0,9.0,Engineering,L1,"Toronto, ON",10.7,2,Developing,Medium,Significant Gap
E0045,R005,HR Data Analyst,25.4,0.0,21.6,20.0,4.0,5.0,Engineering,L1,"Toronto, ON",10.7,2,Developing,Medium,Significant Gap
E0045,R006,People Analytics Manager,3.4,0.0,2.9,50.0,5.0,11.0,Engineering,L1,"Toronto, ON",10.7,2,Developing,Medium,Significant Gap
E0045,R007,HRIS & People Data Specialist,22.1,0.0,18.8,30.0,5.0,7.0,Engineering,L1,"Toronto, ON",10.7,2,Developing,Medium,Significant Gap
E0045,R008,Talent Management Analytics Specialist,6.2,0.0,5.3,34.0,4.0,9.0,Engineering,L1,"Toronto, ON",10.7,2,Developing,Medium,Significant Gap
E0046,R001,People Analytics Specialist,19.9,0.0,16.9,33.0,5.0,9.0,Engineering,L4,"Vancouver, BC",2.9,3,Solid,High,Significant Gap
E0046,R002,Senior People Analytics Analyst,33.2,0.0,28.2,31.0,6.0,6.0,Engineering,L4,"Vancouver, BC",2.9,3,Solid,High,Significant Gap
E0046,R003,Talent Intelligence Analyst,28.2,0.0,24.0,27.0,5.0,6.0,Engineering,L4,"Vancouver, BC",2.9,3,Solid,High,Significant Gap
E0046,R004,Workforce Planning Analyst,20.8,0.0,17.7,29.0,4.0,7.0,Engineering,L4,"Vancouver, BC",2.9,3,Solid,High,Significant Gap
E0046,R005,HR Data Analyst,16.2,0.0,13.8,24.0,4.0,6.0,Engineering,L4,"Vancouver, BC",2.9,3,Solid,High,Significant Gap
E0046,R006,People Analytics Manager,27.2,0.0,23.2,38.0,5.0,7.0,Engineering,L4,"Vancouver, BC",2.9,3,Solid,High,Significant Gap
E0046,R007,HRIS & People Data Specialist,24.6,0.0,20.9,28.0,5.0,6.0,Engineering,L4,"Vancouver, BC",2.9,3,Solid,High,Significant Gap
E0046,R008,Talent Management Analytics Specialist,6.2,0.0,5.3,34.0,4.0,8.0,Engineering,L4,"Vancouver, BC",2.9,3,Solid,High,Significant Gap
E0047,R001,People Analytics Specialist,40.2,40.0,40.2,25.0,3.0,7.0,Human Resources,L4,"Toronto, ON",1.9,4,Solid,Medium,Significant Gap
E0047,R002,Senior People Analytics Analyst,34.7,0.0,29.5,31.0,6.0,7.0,Human Resources,L4,"Toronto, ON",1.9,4,Solid,Medium,Significant Gap
E0047,R003,Talent Intelligence Analyst,15.4,0.0,13.1,33.0,5.0,9.0,Human Resources,L4,"Toronto, ON",1.9,4,Solid,Medium,Significant Gap
E0047,R004,Workforce Planning Analyst,31.2,0.0,26.6,25.0,4.0,6.0,Human Resources,L4,"Toronto, ON",1.9,4,Solid,Medium,Significant Gap
E0047,R005,HR Data Analyst,36.2,25.0,34.6,20.0,3.0,6.0,Human Resources,L4,"Toronto, ON",1.9,4,Solid,Medium,Significant Gap
E0047,R006,People Analytics Manager,46.9,0.0,39.9,28.0,5.0,5.0,Human Resources,L4,"Toronto, ON",1.9,4,Solid,Medium,Significant Gap
E0047,R007,HRIS & People Data Specialist,35.0,0.0,29.8,22.0,5.0,5.0,Human Resources,L4,"Toronto, ON",1.9,4,Solid,Medium,Significant Gap
E0047,R008,Talent Management Analytics Specialist,16.8,0.0,14.3,30.0,4.0,7.0,Human Resources,L4,"Toronto, ON",1.9,4,Solid,Medium,Significant Gap
E0048,R001,People Analytics Specialist,15.5,0.0,13.2,34.0,5.0,9.0,Operations,L2,"Vancouver, BC",0.3,3,Developing,Medium,Significant Gap
E0048,R002,Senior People Analytics Analyst,7.5,0.0,6.4,45.0,6.0,11.0,Operations,L2,"Vancouver, BC",0.3,3,Developing,Medium,Significant Gap
E0048,R003,Talent Intelligence Analyst,7.7,0.0,6.5,36.0,5.0,10.0,Operations,L2,"Vancouver, BC",0.3,3,Developing,Medium,Significant Gap
E0048,R004,Workforce Planning Analyst,19.8,0.0,16.8,30.0,4.0,7.0,Operations,L2,"Vancouver, BC",0.3,3,Developing,Medium,Significant Gap
E0048,R005,HR Data Analyst,17.5,0.0,14.9,22.0,4.0,6.0,Operations,L2,"Vancouver, BC",0.3,3,Developing,Medium,Significant Gap
E0048,R006,People Analytics Manager,7.9,0.0,6.7,48.0,5.0,10.0,Operations,L2,"Vancouver, BC",0.3,3,Developing,Medium,Significant Gap
E0048,R007,HRIS & People Data Specialist,12.3,0.0,10.5,31.0,5.0,7.0,Operations,L2,"Vancouver, BC",0.3,3,Developing,Medium,Significant Gap
E0048,R008,Talent Management Analytics Specialist,12.5,0.0,10.6,31.0,4.0,8.0,Operations,L2,"Vancouver, BC",0.3,3,Developing,Medium,Significant Gap
E0049,R001,People Analytics Specialist,21.4,0.0,18.2,32.0,5.0,8.0,Sales,L1,Remote - Canada,6.5,4,Developing,High,Significant Gap
E0049,R002,Senior People Analytics Analyst,20.3,16.7,19.8,38.0,5.0,8.0,Sales,L1,Remote - Canada,6.5,4,Developing,High,Significant Gap
E0049,R003,Talent Intelligence Analyst,10.3,0.0,8.7,35.0,5.0,9.0,Sales,L1,Remote - Canada,6.5,4,Developing,High,Significant Gap
E0049,R004,Workforce Planning Analyst,27.8,0.0,23.6,26.0,4.0,5.0,Sales,L1,Remote - Canada,6.5,4,Developing,High,Significant Gap
E0049,R005,HR Data Analyst,15.0,0.0,12.8,24.0,4.0,7.0,Sales,L1,Remote - Canada,6.5,4,Developing,High,Significant Gap
E0049,R006,People Analytics Manager,24.8,0.0,21.1,39.0,5.0,7.0,Sales,L1,Remote - Canada,6.5,4,Developing,High,Significant Gap
E0049,R007,HRIS & People Data Specialist,17.4,0.0,14.8,28.0,5.0,7.0,Sales,L1,Remote - Canada,6.5,4,Developing,High,Significant Gap
E0049,R008,Talent Management Analytics Specialist,8.3,0.0,7.1,33.0,4.0,9.0,Sales,L1,Remote - Canada,6.5,4,Developing,High,Significant Gap
E0050,R001,People Analytics Specialist,24.7,0.0,21.0,30.0,5.0,7.0,Human Resources,L3,"Vancouver, BC",2.7,5,High,Medium,Significant Gap
E0050,R002,Senior People Analytics Analyst,7.7,0.0,6.5,44.0,6.0,10.0,Human Resources,L3,"Vancouver, BC",2.7,5,High,Medium,Significant Gap
E0050,R003,Talent Intelligence Analyst,24.0,0.0,20.4,30.0,5.0,8.0,Human Resources,L3,"Vancouver, BC",2.7,5,High,Medium,Significant Gap
E0050,R004,Workforce Planning Analyst,22.8,0.0,19.4,29.0,4.0,6.0,Human Resources,L3,"Vancouver, BC",2.7,5,High,Medium,Significant Gap
E0050,R005,HR Data Analyst,18.3,0.0,15.6,22.0,4.0,5.0,Human Resources,L3,"Vancouver, BC",2.7,5,High,Medium,Significant Gap
E0050,R006,People Analytics Manager,21.7,0.0,18.5,40.0,5.0,7.0,Human Resources,L3,"Vancouver, BC",2.7,5,High,Medium,Significant Gap
E0050,R007,HRIS & People Data Specialist,8.4,0.0,7.1,33.0,5.0,7.0,Human Resources,L3,"Vancouver, BC",2.7,5,High,Medium,Significant Gap
E0050,R008,Talent Management Analytics Specialist,32.3,0.0,27.4,25.0,4.0,6.0,Human Resources,L3,"Vancouver, BC",2.7,5,High,Medium,Significant Gap
E0051,R001,People Analytics Specialist,50.0,60.0,51.5,21.0,2.0,6.0,Human Resources,L5,"Calgary, AB",3.2,4,High,Medium,Significant Gap
E0051,R002,Senior People Analytics Analyst,53.8,33.3,50.8,22.0,4.0,5.0,Human Resources,L5,"Calgary, AB",3.2,4,High,Medium,Significant Gap
E0051,R003,Talent Intelligence Analyst,23.1,0.0,19.6,30.0,5.0,8.0,Human Resources,L5,"Calgary, AB",3.2,4,High,Medium,Significant Gap
E0051,R004,Workforce Planning Analyst,51.3,0.0,43.6,17.0,4.0,3.0,Human Resources,L5,"Calgary, AB",3.2,4,High,Medium,Significant Gap
E0051,R005,HR Data Analyst,44.6,0.0,37.9,15.0,4.0,3.0,Human Resources,L5,"Calgary, AB",3.2,4,High,Medium,Significant Gap
E0051,R006,People Analytics Manager,57.2,20.0,51.7,22.0,4.0,4.0,Human Resources,L5,"Calgary, AB",3.2,4,High,Medium,Significant Gap
E0051,R007,HRIS & People Data Specialist,39.1,0.0,33.3,20.0,5.0,4.0,Human Resources,L5,"Calgary, AB",3.2,4,High,Medium,Significant Gap
E0051,R008,Talent Management Analytics Specialist,20.8,0.0,17.7,28.0,4.0,7.0,Human Resources,L5,"Calgary, AB",3.2,4,High,Medium,Significant Gap
E0052,R001,People Analytics Specialist,11.6,0.0,9.9,36.0,5.0,9.0,Customer Success,L2,"Montreal, QC",1.9,3,Solid,Medium,Significant Gap
E0052,R002,Senior People Analytics Analyst,6.7,0.0,5.7,44.0,6.0,10.0,Customer Success,L2,"Montreal, QC",1.9,3,Solid,Medium,Significant Gap
E0052,R003,Talent Intelligence Analyst,0.0,0.0,0.0,39.0,5.0,11.0,Customer Success,L2,"Montreal, QC",1.9,3,Solid,Medium,Significant Gap
E0052,R004,Workforce Planning Analyst,11.1,0.0,9.4,33.0,4.0,7.0,Customer Success,L2,"Montreal, QC",1.9,3,Solid,Medium,Significant Gap
E0052,R005,HR Data Analyst,20.4,0.0,17.4,22.0,4.0,5.0,Customer Success,L2,"Montreal, QC",1.9,3,Solid,Medium,Significant Gap
E0052,R006,People Analytics Manager,13.1,0.0,11.1,45.0,5.0,9.0,Customer Success,L2,"Montreal, QC",1.9,3,Solid,Medium,Significant Gap
E0052,R007,HRIS & People Data Specialist,17.0,0.0,14.5,30.0,5.0,7.0,Customer Success,L2,"Montreal, QC",1.9,3,Solid,Medium,Significant Gap
E0052,R008,Talent Management Analytics Specialist,4.2,0.0,3.5,35.0,4.0,9.0,Customer Success,L2,"Montreal, QC",1.9,3,Solid,Medium,Significant Gap
E0053,R001,People Analytics Specialist,21.4,0.0,18.2,32.0,5.0,8.0,Sales,L2,"Montreal, QC",5.4,4,High,Medium,Significant Gap
E0053,R002,Senior People Analytics Analyst,16.5,0.0,14.0,40.0,6.0,8.0,Sales,L2,"Montreal, QC",5.4,4,High,Medium,Significant Gap
E0053,R003,Talent Intelligence Analyst,16.3,0.0,13.9,33.0,5.0,9.0,Sales,L2,"Montreal, QC",5.4,4,High,Medium,Significant Gap
E0053,R004,Workforce Planning Analyst,18.1,0.0,15.3,30.0,4.0,6.0,Sales,L2,"Montreal, QC",5.4,4,High,Medium,Significant Gap
E0053,R005,HR Data Analyst,16.7,0.0,14.2,23.0,4.0,6.0,Sales,L2,"Montreal, QC",5.4,4,High,Medium,Significant Gap
E0053,R006,People Analytics Manager,15.9,0.0,13.5,44.0,5.0,8.0,Sales,L2,"Montreal, QC",5.4,4,High,Medium,Significant Gap
E0053,R007,HRIS & People Data Specialist,15.9,0.0,13.6,30.0,5.0,7.0,Sales,L2,"Montreal, QC",5.4,4,High,Medium,Significant Gap
E0053,R008,Talent Management Analytics Specialist,11.8,0.0,10.0,32.0,4.0,8.0,Sales,L2,"Montreal, QC",5.4,4,High,Medium,Significant Gap
E0054,R001,People Analytics Specialist,34.2,20.0,32.1,27.0,4.0,7.0,Sales,L4,"Vancouver, BC",1.9,3,High,Medium,Significant Gap
E0054,R002,Senior People Analytics Analyst,26.7,16.7,25.2,34.0,5.0,8.0,Sales,L4,"Vancouver, BC",1.9,3,High,Medium,Significant Gap
E0054,R003,Talent Intelligence Analyst,12.8,0.0,10.9,34.0,5.0,9.0,Sales,L4,"Vancouver, BC",1.9,3,High,Medium,Significant Gap
E0054,R004,Workforce Planning Analyst,33.3,0.0,28.3,24.0,4.0,5.0,Sales,L4,"Vancouver, BC",1.9,3,High,Medium,Significant Gap
E0054,R005,HR Data Analyst,33.3,25.0,32.1,18.0,3.0,5.0,Sales,L4,"Vancouver, BC",1.9,3,High,Medium,Significant Gap
E0054,R006,People Analytics Manager,36.9,40.0,37.4,33.0,3.0,7.0,Sales,L4,"Vancouver, BC",1.9,3,High,Medium,Significant Gap
E0054,R007,HRIS & People Data Specialist,24.6,20.0,23.9,28.0,4.0,7.0,Sales,L4,"Vancouver, BC",1.9,3,High,Medium,Significant Gap
E0054,R008,Talent Management Analytics Specialist,8.3,0.0,7.1,33.0,4.0,8.0,Sales,L4,"Vancouver, BC",1.9,3,High,Medium,Significant Gap
E0055,R001,People Analytics Specialist,19.0,20.0,19.2,34.0,4.0,8.0,Engineering,L3,"Toronto, ON",4.9,4,Developing,Medium,Significant Gap
E0055,R002,Senior People Analytics Analyst,25.6,16.7,24.2,36.0,5.0,7.0,Engineering,L3,"Toronto, ON",4.9,4,Developing,Medium,Significant Gap
E0055,R003,Talent Intelligence Analyst,15.4,0.0,13.1,32.0,5.0,8.0,Engineering,L3,"Toronto, ON",4.9,4,Developing,Medium,Significant Gap
E0055,R004,Workforce Planning Analyst,4.2,0.0,3.5,36.0,4.0,9.0,Engineering,L3,"Toronto, ON",4.9,4,Developing,Medium,Significant Gap
E0055,R005,HR Data Analyst,27.1,25.0,26.8,22.0,3.0,5.0,Engineering,L3,"Toronto, ON",4.9,4,Developing,Medium,Significant Gap
E0055,R006,People Analytics Manager,12.1,0.0,10.3,46.0,5.0,9.0,Engineering,L3,"Toronto, ON",4.9,4,Developing,Medium,Significant Gap
E0055,R007,HRIS & People Data Specialist,31.2,20.0,29.5,26.0,4.0,5.0,Engineering,L3,"Toronto, ON",4.9,4,Developing,Medium,Significant Gap
E0055,R008,Talent Management Analytics Specialist,0.0,0.0,0.0,37.0,4.0,10.0,Engineering,L3,"Toronto, ON",4.9,4,Developing,Medium,Significant Gap
E0056,R001,People Analytics Specialist,28.9,0.0,24.5,29.0,5.0,7.0,Sales,L4,"Calgary, AB",0.3,5,Solid,High,Significant Gap
E0056,R002,Senior People Analytics Analyst,26.0,0.0,22.1,34.0,6.0,7.0,Sales,L4,"Calgary, AB",0.3,5,Solid,High,Significant Gap
E0056,R003,Talent Intelligence Analyst,12.8,0.0,10.9,34.0,5.0,9.0,Sales,L4,"Calgary, AB",0.3,5,Solid,High,Significant Gap
E0056,R004,Workforce Planning Analyst,30.6,0.0,26.0,25.0,4.0,5.0,Sales,L4,"Calgary, AB",0.3,5,Solid,High,Significant Gap
E0056,R005,HR Data Analyst,11.7,0.0,9.9,25.0,4.0,7.0,Sales,L4,"Calgary, AB",0.3,5,Solid,High,Significant Gap
E0056,R006,People Analytics Manager,31.0,20.0,29.4,36.0,4.0,6.0,Sales,L4,"Calgary, AB",0.3,5,Solid,High,Significant Gap
E0056,R007,HRIS & People Data Specialist,10.1,0.0,8.6,32.0,5.0,7.0,Sales,L4,"Calgary, AB",0.3,5,Solid,High,Significant Gap
E0056,R008,Talent Management Analytics Specialist,9.7,0.0,8.3,33.0,4.0,8.0,Sales,L4,"Calgary, AB",0.3,5,Solid,High,Significant Gap
E0057,R001,People Analytics Specialist,58.3,20.0,52.6,17.0,4.0,3.0,Human Resources,L4,"Vancouver, BC",1.2,4,Developing,Medium,Significant Gap
E0057,R002,Senior People Analytics Analyst,50.1,16.7,45.1,24.0,5.0,4.0,Human Resources,L4,"Vancouver, BC",1.2,4,Developing,Medium,Significant Gap
E0057,R003,Talent Intelligence Analyst,34.3,0.0,29.2,26.0,5.0,6.0,Human Resources,L4,"Vancouver, BC",1.2,4,Developing,Medium,Significant Gap
E0057,R004,Workforce Planning Analyst,43.1,0.0,36.6,20.0,4.0,4.0,Human Resources,L4,"Vancouver, BC",1.2,4,Developing,Medium,Significant Gap
E0057,R005,HR Data Analyst,50.0,25.0,46.2,14.0,3.0,3.0,Human Resources,L4,"Vancouver, BC",1.2,4,Developing,Medium,Significant Gap
E0057,R006,People Analytics Manager,54.9,20.0,49.7,24.0,4.0,4.0,Human Resources,L4,"Vancouver, BC",1.2,4,Developing,Medium,Significant Gap
E0057,R007,HRIS & People Data Specialist,36.1,0.0,30.7,23.0,5.0,5.0,Human Resources,L4,"Vancouver, BC",1.2,4,Developing,Medium,Significant Gap
E0057,R008,Talent Management Analytics Specialist,37.8,0.0,32.2,22.0,4.0,5.0,Human Resources,L4,"Vancouver, BC",1.2,4,Developing,Medium,Significant Gap
E0058,R001,People Analytics Specialist,22.0,0.0,18.7,32.0,5.0,7.0,Legal & Compliance,L2,"Montreal, QC",5.1,4,Solid,High,Significant Gap
E0058,R002,Senior People Analytics Analyst,13.1,0.0,11.1,42.0,6.0,8.0,Legal & Compliance,L2,"Montreal, QC",5.1,4,Solid,High,Significant Gap
E0058,R003,Talent Intelligence Analyst,13.8,0.0,11.7,34.0,5.0,9.0,Legal & Compliance,L2,"Montreal, QC",5.1,4,Solid,High,Significant Gap
E0058,R004,Workforce Planning Analyst,18.9,0.0,16.1,30.0,4.0,6.0,Legal & Compliance,L2,"Montreal, QC",5.1,4,Solid,High,Significant Gap
E0058,R005,HR Data Analyst,30.8,0.0,26.2,19.0,4.0,3.0,Legal & Compliance,L2,"Montreal, QC",5.1,4,Solid,High,Significant Gap
E0058,R006,People Analytics Manager,18.5,0.0,15.7,42.0,5.0,6.0,Legal & Compliance,L2,"Montreal, QC",5.1,4,Solid,High,Significant Gap
E0058,R007,HRIS & People Data Specialist,24.6,0.0,20.9,27.0,5.0,4.0,Legal & Compliance,L2,"Montreal, QC",5.1,4,Solid,High,Significant Gap
E0058,R008,Talent Management Analytics Specialist,17.7,0.0,15.1,30.0,4.0,7.0,Legal & Compliance,L2,"Montreal, QC",5.1,4,Solid,High,Significant Gap
E0059,R001,People Analytics Specialist,30.4,20.0,28.8,29.0,4.0,8.0,Sales,L1,"Montreal, QC",5.9,4,Solid,Medium,Significant Gap
E0059,R002,Senior People Analytics Analyst,20.5,0.0,17.4,38.0,6.0,8.0,Sales,L1,"Montreal, QC",5.9,4,Solid,Medium,Significant Gap
E0059,R003,Talent Intelligence Analyst,15.4,0.0,13.1,33.0,5.0,9.0,Sales,L1,"Montreal, QC",5.9,4,Solid,Medium,Significant Gap
E0059,R004,Workforce Planning Analyst,22.2,0.0,18.9,29.0,4.0,6.0,Sales,L1,"Montreal, QC",5.9,4,Solid,Medium,Significant Gap
E0059,R005,HR Data Analyst,21.2,0.0,18.1,22.0,4.0,6.0,Sales,L1,"Montreal, QC",5.9,4,Solid,Medium,Significant Gap
E0059,R006,People Analytics Manager,20.0,0.0,17.0,42.0,5.0,8.0,Sales,L1,"Montreal, QC",5.9,4,Solid,Medium,Significant Gap
E0059,R007,HRIS & People Data Specialist,19.9,0.0,16.9,29.0,5.0,7.0,Sales,L1,"Montreal, QC",5.9,4,Solid,Medium,Significant Gap
E0059,R008,Talent Management Analytics Specialist,10.4,0.0,8.9,32.0,4.0,8.0,Sales,L1,"Montreal, QC",5.9,4,Solid,Medium,Significant Gap
E0060,R001,People Analytics Specialist,30.4,20.0,28.8,28.0,4.0,8.0,Engineering,L4,"Montreal, QC",2.9,3,Developing,Medium,Significant Gap
E0060,R002,Senior People Analytics Analyst,35.5,0.0,30.2,31.0,6.0,7.0,Engineering,L4,"Montreal, QC",2.9,3,Developing,Medium,Significant Gap
E0060,R003,Talent Intelligence Analyst,46.2,0.0,39.2,20.0,5.0,4.0,Engineering,L4,"Montreal, QC",2.9,3,Developing,Medium,Significant Gap
E0060,R004,Workforce Planning Analyst,29.2,0.0,24.8,25.0,4.0,6.0,Engineering,L4,"Montreal, QC",2.9,3,Developing,Medium,Significant Gap
E0060,R005,HR Data Analyst,28.7,0.0,24.4,20.0,4.0,6.0,Engineering,L4,"Montreal, QC",2.9,3,Developing,Medium,Significant Gap
E0060,R006,People Analytics Manager,36.6,0.0,31.1,33.0,5.0,6.0,Engineering,L4,"Montreal, QC",2.9,3,Developing,Medium,Significant Gap
E0060,R007,HRIS & People Data Specialist,25.4,0.0,21.6,27.0,5.0,6.0,Engineering,L4,"Montreal, QC",2.9,3,Developing,Medium,Significant Gap
E0060,R008,Talent Management Analytics Specialist,15.6,0.0,13.3,31.0,4.0,8.0,Engineering,L4,"Montreal, QC",2.9,3,Developing,Medium,Significant Gap
E0061,R001,People Analytics Specialist,40.5,20.0,37.4,25.0,4.0,5.0,Human Resources,L4,"Montreal, QC",1.7,2,Solid,Low,Significant Gap
E0061,R002,Senior People Analytics Analyst,32.0,16.7,29.7,32.0,5.0,7.0,Human Resources,L4,"Montreal, QC",1.7,2,Solid,Low,Significant Gap
E0061,R003,Talent Intelligence Analyst,23.4,0.0,19.9,30.0,5.0,7.0,Human Resources,L4,"Montreal, QC",1.7,2,Solid,Low,Significant Gap
E0061,R004,Workforce Planning Analyst,32.6,0.0,27.7,24.0,4.0,5.0,Human Resources,L4,"Montreal, QC",1.7,2,Solid,Low,Significant Gap
E0061,R005,HR Data Analyst,32.9,0.0,28.0,19.0,4.0,4.0,Human Resources,L4,"Montreal, QC",1.7,2,Solid,Low,Significant Gap
E0061,R006,People Analytics Manager,41.0,0.0,34.9,31.0,5.0,5.0,Human Resources,L4,"Montreal, QC",1.7,2,Solid,Low,Significant Gap
E0061,R007,HRIS & People Data Specialist,30.3,0.0,25.7,25.0,5.0,5.0,Human Resources,L4,"Montreal, QC",1.7,2,Solid,Low,Significant Gap
E0061,R008,Talent Management Analytics Specialist,32.6,0.0,27.7,24.0,4.0,5.0,Human Resources,L4,"Montreal, QC",1.7,2,Solid,Low,Significant Gap
E0062,R001,People Analytics Specialist,8.3,0.0,7.1,37.0,5.0,10.0,Operations,L1,"Calgary, AB",2.7,4,Developing,Medium,Significant Gap
E0062,R002,Senior People Analytics Analyst,1.7,0.0,1.4,47.0,6.0,11.0,Operations,L1,"Calgary, AB",2.7,4,Developing,Medium,Significant Gap
E0062,R003,Talent Intelligence Analyst,0.0,0.0,0.0,39.0,5.0,11.0,Operations,L1,"Calgary, AB",2.7,4,Developing,Medium,Significant Gap
E0062,R004,Workforce Planning Analyst,18.8,0.0,15.9,31.0,4.0,6.0,Operations,L1,"Calgary, AB",2.7,4,Developing,Medium,Significant Gap
E0062,R005,HR Data Analyst,15.8,0.0,13.5,23.0,4.0,6.0,Operations,L1,"Calgary, AB",2.7,4,Developing,Medium,Significant Gap
E0062,R006,People Analytics Manager,2.1,0.0,1.8,51.0,5.0,11.0,Operations,L1,"Calgary, AB",2.7,4,Developing,Medium,Significant Gap
E0062,R007,HRIS & People Data Specialist,6.5,0.0,5.5,35.0,5.0,9.0,Operations,L1,"Calgary, AB",2.7,4,Developing,Medium,Significant Gap
E0062,R008,Talent Management Analytics Specialist,4.2,0.0,3.5,35.0,4.0,9.0,Operations,L1,"Calgary, AB",2.7,4,Developing,Medium,Significant Gap
E0063,R001,People Analytics Specialist,6.5,0.0,5.6,38.0,5.0,10.0,Engineering,L2,"Toronto, ON",2.5,2,Solid,Medium,Significant Gap
E0063,R002,Senior People Analytics Analyst,21.1,0.0,17.9,38.0,6.0,8.0,Engineering,L2,"Toronto, ON",2.5,2,Solid,Medium,Significant Gap
E0063,R003,Talent Intelligence Analyst,24.4,0.0,20.7,28.0,5.0,7.0,Engineering,L2,"Toronto, ON",2.5,2,Solid,Medium,Significant Gap
E0063,R004,Workforce Planning Analyst,12.5,0.0,10.6,32.0,4.0,7.0,Engineering,L2,"Toronto, ON",2.5,2,Solid,Medium,Significant Gap
E0063,R005,HR Data Analyst,9.2,0.0,7.8,26.0,4.0,7.0,Engineering,L2,"Toronto, ON",2.5,2,Solid,Medium,Significant Gap
E0063,R006,People Analytics Manager,13.8,0.0,11.7,45.0,5.0,9.0,Engineering,L2,"Toronto, ON",2.5,2,Solid,Medium,Significant Gap
E0063,R007,HRIS & People Data Specialist,9.4,0.0,8.0,33.0,5.0,8.0,Engineering,L2,"Toronto, ON",2.5,2,Solid,Medium,Significant Gap
E0063,R008,Talent Management Analytics Specialist,4.2,0.0,3.5,35.0,4.0,9.0,Engineering,L2,"Toronto, ON",2.5,2,Solid,Medium,Significant Gap
E0064,R001,People Analytics Specialist,8.9,0.0,7.6,37.0,5.0,10.0,Operations,L2,"Vancouver, BC",5.9,2,Solid,High,Significant Gap
E0064,R002,Senior People Analytics Analyst,3.3,0.0,2.8,46.0,6.0,11.0,Operations,L2,"Vancouver, BC",5.9,2,Solid,High,Significant Gap
E0064,R003,Talent Intelligence Analyst,0.0,0.0,0.0,39.0,5.0,11.0,Operations,L2,"Vancouver, BC",5.9,2,Solid,High,Significant Gap
E0064,R004,Workforce Planning Analyst,9.4,0.0,8.0,34.0,4.0,7.0,Operations,L2,"Vancouver, BC",5.9,2,Solid,High,Significant Gap
E0064,R005,HR Data Analyst,17.1,0.0,14.5,23.0,4.0,6.0,Operations,L2,"Vancouver, BC",5.9,2,Solid,High,Significant Gap
E0064,R006,People Analytics Manager,7.6,0.0,6.4,48.0,5.0,10.0,Operations,L2,"Vancouver, BC",5.9,2,Solid,High,Significant Gap
E0064,R007,HRIS & People Data Specialist,12.7,0.0,10.8,32.0,5.0,8.0,Operations,L2,"Vancouver, BC",5.9,2,Solid,High,Significant Gap
E0064,R008,Talent Management Analytics Specialist,4.2,0.0,3.5,35.0,4.0,9.0,Operations,L2,"Vancouver, BC",5.9,2,Solid,High,Significant Gap
E0065,R001,People Analytics Specialist,7.1,0.0,6.1,38.0,5.0,11.0,Engineering,L3,"Ottawa, ON",2.6,3,High,Low,Significant Gap
E0065,R002,Senior People Analytics Analyst,20.6,0.0,17.5,37.0,6.0,8.0,Engineering,L3,"Ottawa, ON",2.6,3,High,Low,Significant Gap
E0065,R003,Talent Intelligence Analyst,12.8,0.0,10.9,34.0,5.0,9.0,Engineering,L3,"Ottawa, ON",2.6,3,High,Low,Significant Gap
E0065,R004,Workforce Planning Analyst,6.2,0.0,5.3,35.0,4.0,9.0,Engineering,L3,"Ottawa, ON",2.6,3,High,Low,Significant Gap
E0065,R005,HR Data Analyst,17.9,0.0,15.2,24.0,4.0,7.0,Engineering,L3,"Ottawa, ON",2.6,3,High,Low,Significant Gap
E0065,R006,People Analytics Manager,11.4,0.0,9.7,46.0,5.0,9.0,Engineering,L3,"Ottawa, ON",2.6,3,High,Low,Significant Gap
E0065,R007,HRIS & People Data Specialist,26.4,0.0,22.5,28.0,5.0,6.0,Engineering,L3,"Ottawa, ON",2.6,3,High,Low,Significant Gap
E0065,R008,Talent Management Analytics Specialist,0.0,0.0,0.0,37.0,4.0,10.0,Engineering,L3,"Ottawa, ON",2.6,3,High,Low,Significant Gap
E0066,R001,People Analytics Specialist,29.8,0.0,25.3,29.0,5.0,6.0,Human Resources,L3,"Toronto, ON",3.2,3,Solid,High,Significant Gap
E0066,R002,Senior People Analytics Analyst,18.0,0.0,15.3,39.0,6.0,8.0,Human Resources,L3,"Toronto, ON",3.2,3,Solid,High,Significant Gap
E0066,R003,Talent Intelligence Analyst,18.6,0.0,15.8,32.0,5.0,7.0,Human Resources,L3,"Toronto, ON",3.2,3,Solid,High,Significant Gap
E0066,R004,Workforce Planning Analyst,27.2,0.0,23.1,27.0,4.0,5.0,Human Resources,L3,"Toronto, ON",3.2,3,Solid,High,Significant Gap
E0066,R005,HR Data Analyst,38.3,25.0,36.3,17.0,3.0,4.0,Human Resources,L3,"Toronto, ON",3.2,3,Solid,High,Significant Gap
E0066,R006,People Analytics Manager,24.5,0.0,20.8,39.0,5.0,6.0,Human Resources,L3,"Toronto, ON",3.2,3,Solid,High,Significant Gap
E0066,R007,HRIS & People Data Specialist,25.2,0.0,21.4,27.0,5.0,6.0,Human Resources,L3,"Toronto, ON",3.2,3,Solid,High,Significant Gap
E0066,R008,Talent Management Analytics Specialist,28.5,0.0,24.2,26.0,4.0,4.0,Human Resources,L3,"Toronto, ON",3.2,3,Solid,High,Significant Gap
E0067,R001,People Analytics Specialist,19.0,0.0,16.2,33.0,5.0,9.0,Engineering,L1,"Toronto, ON",5.1,3,High,Medium,Significant Gap
E0067,R002,Senior People Analytics Analyst,21.4,0.0,18.2,39.0,6.0,8.0,Engineering,L1,"Toronto, ON",5.1,3,High,Medium,Significant Gap
E0067,R003,Talent Intelligence Analyst,21.8,0.0,18.5,29.0,5.0,7.0,Engineering,L1,"Toronto, ON",5.1,3,High,Medium,Significant Gap
E0067,R004,Workforce Planning Analyst,11.8,0.0,10.0,33.0,4.0,8.0,Engineering,L1,"Toronto, ON",5.1,3,High,Medium,Significant Gap
E0067,R005,HR Data Analyst,16.2,0.0,13.8,24.0,4.0,6.0,Engineering,L1,"Toronto, ON",5.1,3,High,Medium,Significant Gap
E0067,R006,People Analytics Manager,7.9,0.0,6.7,48.0,5.0,10.0,Engineering,L1,"Toronto, ON",5.1,3,High,Medium,Significant Gap
E0067,R007,HRIS & People Data Specialist,17.4,0.0,14.8,30.0,5.0,7.0,Engineering,L1,"Toronto, ON",5.1,3,High,Medium,Significant Gap
E0067,R008,Talent Management Analytics Specialist,8.3,0.0,7.1,33.0,4.0,8.0,Engineering,L1,"Toronto, ON",5.1,3,High,Medium,Significant Gap
E0068,R001,People Analytics Specialist,23.5,0.0,20.0,30.0,5.0,7.0,Customer Success,L3,"Montreal, QC",7.2,4,Developing,Medium,Significant Gap
E0068,R002,Senior People Analytics Analyst,9.3,0.0,7.9,43.0,6.0,10.0,Customer Success,L3,"Montreal, QC",7.2,4,Developing,Medium,Significant Gap
E0068,R003,Talent Intelligence Analyst,13.5,0.0,11.4,34.0,5.0,9.0,Customer Success,L3,"Montreal, QC",7.2,4,Developing,Medium,Significant Gap
E0068,R004,Workforce Planning Analyst,18.5,0.0,15.7,31.0,4.0,6.0,Customer Success,L3,"Montreal, QC",7.2,4,Developing,Medium,Significant Gap
E0068,R005,HR Data Analyst,18.3,0.0,15.6,23.0,4.0,5.0,Customer Success,L3,"Montreal, QC",7.2,4,Developing,Medium,Significant Gap
E0068,R006,People Analytics Manager,11.4,0.0,9.7,46.0,5.0,9.0,Customer Success,L3,"Montreal, QC",7.2,4,Developing,Medium,Significant Gap
E0068,R007,HRIS & People Data Specialist,12.3,0.0,10.5,33.0,5.0,8.0,Customer Success,L3,"Montreal, QC",7.2,4,Developing,Medium,Significant Gap
E0068,R008,Talent Management Analytics Specialist,8.3,0.0,7.1,34.0,4.0,8.0,Customer Success,L3,"Montreal, QC",7.2,4,Developing,Medium,Significant Gap
E0069,R001,People Analytics Specialist,14.3,0.0,12.1,35.0,5.0,7.0,Finance,L2,"Vancouver, BC",4.8,2,Solid,Medium,Significant Gap
E0069,R002,Senior People Analytics Analyst,4.2,0.0,3.5,46.0,6.0,10.0,Finance,L2,"Vancouver, BC",4.8,2,Solid,Medium,Significant Gap
E0069,R003,Talent Intelligence Analyst,2.6,0.0,2.2,38.0,5.0,10.0,Finance,L2,"Vancouver, BC",4.8,2,Solid,Medium,Significant Gap
E0069,R004,Workforce Planning Analyst,13.9,0.0,11.8,33.0,4.0,6.0,Finance,L2,"Vancouver, BC",4.8,2,Solid,Medium,Significant Gap
E0069,R005,HR Data Analyst,13.3,0.0,11.3,25.0,4.0,6.0,Finance,L2,"Vancouver, BC",4.8,2,Solid,Medium,Significant Gap
E0069,R006,People Analytics Manager,6.9,0.0,5.9,48.0,5.0,10.0,Finance,L2,"Vancouver, BC",4.8,2,Solid,Medium,Significant Gap
E0069,R007,HRIS & People Data Specialist,13.8,0.0,11.7,31.0,5.0,7.0,Finance,L2,"Vancouver, BC",4.8,2,Solid,Medium,Significant Gap
E0069,R008,Talent Management Analytics Specialist,2.8,0.0,2.4,36.0,4.0,9.0,Finance,L2,"Vancouver, BC",4.8,2,Solid,Medium,Significant Gap
E0070,R001,People Analytics Specialist,15.5,20.0,16.2,36.0,4.0,10.0,Engineering,L3,"Vancouver, BC",1.0,2,High,Medium,Significant Gap
E0070,R002,Senior People Analytics Analyst,25.8,0.0,22.0,35.0,6.0,8.0,Engineering,L3,"Vancouver, BC",1.0,2,High,Medium,Significant Gap
E0070,R003,Talent Intelligence Analyst,10.3,0.0,8.7,34.0,5.0,9.0,Engineering,L3,"Vancouver, BC",1.0,2,High,Medium,Significant Gap
E0070,R004,Workforce Planning Analyst,8.3,0.0,7.1,34.0,4.0,9.0,Engineering,L3,"Vancouver, BC",1.0,2,High,Medium,Significant Gap
E0070,R005,HR Data Analyst,32.5,25.0,31.4,21.0,3.0,6.0,Engineering,L3,"Vancouver, BC",1.0,2,High,Medium,Significant Gap
E0070,R006,People Analytics Manager,25.9,20.0,25.0,39.0,4.0,8.0,Engineering,L3,"Vancouver, BC",1.0,2,High,Medium,Significant Gap
E0070,R007,HRIS & People Data Specialist,37.7,0.0,32.0,24.0,5.0,5.0,Engineering,L3,"Vancouver, BC",1.0,2,High,Medium,Significant Gap
E0070,R008,Talent Management Analytics Specialist,0.0,0.0,0.0,37.0,4.0,10.0,Engineering,L3,"Vancouver, BC",1.0,2,High,Medium,Significant Gap
E0071,R001,People Analytics Specialist,29.2,0.0,24.8,28.0,5.0,6.0,Human Resources,L2,"Ottawa, ON",2.3,3,High,Medium,Significant Gap
E0071,R002,Senior People Analytics Analyst,14.2,0.0,12.0,41.0,6.0,8.0,Human Resources,L2,"Ottawa, ON",2.3,3,High,Medium,Significant Gap
E0071,R003,Talent Intelligence Analyst,5.8,0.0,4.9,37.0,5.0,10.0,Human Resources,L2,"Ottawa, ON",2.3,3,High,Medium,Significant Gap
E0071,R004,Workforce Planning Analyst,16.7,0.0,14.2,31.0,4.0,6.0,Human Resources,L2,"Ottawa, ON",2.3,3,High,Medium,Significant Gap
E0071,R005,HR Data Analyst,32.9,0.0,28.0,20.0,4.0,5.0,Human Resources,L2,"Ottawa, ON",2.3,3,High,Medium,Significant Gap
E0071,R006,People Analytics Manager,15.6,0.0,13.3,44.0,5.0,8.0,Human Resources,L2,"Ottawa, ON",2.3,3,High,Medium,Significant Gap
E0071,R007,HRIS & People Data Specialist,22.1,0.0,18.8,30.0,5.0,7.0,Human Resources,L2,"Ottawa, ON",2.3,3,High,Medium,Significant Gap
E0071,R008,Talent Management Analytics Specialist,24.6,0.0,20.9,28.0,4.0,7.0,Human Resources,L2,"Ottawa, ON",2.3,3,High,Medium,Significant Gap
E0072,R001,People Analytics Specialist,20.5,0.0,17.5,33.0,5.0,8.0,Sales,L3,"Vancouver, BC",2.3,3,Solid,Medium,Significant Gap
E0072,R002,Senior People Analytics Analyst,17.3,0.0,14.7,39.0,6.0,8.0,Sales,L3,"Vancouver, BC",2.3,3,Solid,Medium,Significant Gap
E0072,R003,Talent Intelligence Analyst,10.3,0.0,8.7,35.0,5.0,9.0,Sales,L3,"Vancouver, BC",2.3,3,Solid,Medium,Significant Gap
E0072,R004,Workforce Planning Analyst,22.2,0.0,18.9,29.0,4.0,6.0,Sales,L3,"Vancouver, BC",2.3,3,Solid,Medium,Significant Gap
E0072,R005,HR Data Analyst,13.8,0.0,11.7,25.0,4.0,7.0,Sales,L3,"Vancouver, BC",2.3,3,Solid,Medium,Significant Gap
E0072,R006,People Analytics Manager,17.6,0.0,14.9,43.0,5.0,8.0,Sales,L3,"Vancouver, BC",2.3,3,Solid,Medium,Significant Gap
E0072,R007,HRIS & People Data Specialist,14.9,0.0,12.6,31.0,5.0,7.0,Sales,L3,"Vancouver, BC",2.3,3,Solid,Medium,Significant Gap
E0072,R008,Talent Management Analytics Specialist,4.2,0.0,3.5,35.0,4.0,9.0,Sales,L3,"Vancouver, BC",2.3,3,Solid,Medium,Significant Gap
E0073,R001,People Analytics Specialist,8.9,0.0,7.6,37.0,5.0,10.0,Legal & Compliance,L3,"Toronto, ON",2.9,3,Developing,Medium,Significant Gap
E0073,R002,Senior People Analytics Analyst,3.3,0.0,2.8,46.0,6.0,11.0,Legal & Compliance,L3,"Toronto, ON",2.9,3,Developing,Medium,Significant Gap
E0073,R003,Talent Intelligence Analyst,0.0,0.0,0.0,39.0,5.0,11.0,Legal & Compliance,L3,"Toronto, ON",2.9,3,Developing,Medium,Significant Gap
E0073,R004,Workforce Planning Analyst,6.2,0.0,5.3,35.0,4.0,8.0,Legal & Compliance,L3,"Toronto, ON",2.9,3,Developing,Medium,Significant Gap
E0073,R005,HR Data Analyst,17.1,0.0,14.5,23.0,4.0,6.0,Legal & Compliance,L3,"Toronto, ON",2.9,3,Developing,Medium,Significant Gap
E0073,R006,People Analytics Manager,9.3,0.0,7.9,47.0,5.0,10.0,Legal & Compliance,L3,"Toronto, ON",2.9,3,Developing,Medium,Significant Gap
E0073,R007,HRIS & People Data Specialist,14.1,0.0,12.0,31.0,5.0,8.0,Legal & Compliance,L3,"Toronto, ON",2.9,3,Developing,Medium,Significant Gap
E0073,R008,Talent Management Analytics Specialist,4.2,0.0,3.5,35.0,4.0,9.0,Legal & Compliance,L3,"Toronto, ON",2.9,3,Developing,Medium,Significant Gap
E0074,R001,People Analytics Specialist,39.3,20.0,36.4,24.0,4.0,5.0,Human Resources,L4,"Calgary, AB",3.4,3,High,Low,Significant Gap
E0074,R002,Senior People Analytics Analyst,30.2,16.7,28.1,33.0,5.0,7.0,Human Resources,L4,"Calgary, AB",3.4,3,High,Low,Significant Gap
E0074,R003,Talent Intelligence Analyst,17.9,0.0,15.3,32.0,5.0,8.0,Human Resources,L4,"Calgary, AB",3.4,3,High,Low,Significant Gap
E0074,R004,Workforce Planning Analyst,42.9,0.0,36.5,20.0,4.0,4.0,Human Resources,L4,"Calgary, AB",3.4,3,High,Low,Significant Gap
E0074,R005,HR Data Analyst,23.3,0.0,19.8,21.0,4.0,5.0,Human Resources,L4,"Calgary, AB",3.4,3,High,Low,Significant Gap
E0074,R006,People Analytics Manager,42.0,0.0,35.7,30.0,5.0,5.0,Human Resources,L4,"Calgary, AB",3.4,3,High,Low,Significant Gap
E0074,R007,HRIS & People Data Specialist,16.3,0.0,13.9,30.0,5.0,7.0,Human Resources,L4,"Calgary, AB",3.4,3,High,Low,Significant Gap
E0074,R008,Talent Management Analytics Specialist,23.3,0.0,19.8,27.0,4.0,5.0,Human Resources,L4,"Calgary, AB",3.4,3,High,Low,Significant Gap
E0075,R001,People Analytics Specialist,18.8,20.0,18.9,34.0,4.0,9.0,Engineering,L2,"Toronto, ON",1.7,5,Developing,Medium,Significant Gap
E0075,R002,Senior People Analytics Analyst,29.4,16.7,27.5,34.0,5.0,6.0,Engineering,L2,"Toronto, ON",1.7,5,Developing,Medium,Significant Gap
E0075,R003,Talent Intelligence Analyst,19.2,0.0,16.3,30.0,5.0,8.0,Engineering,L2,"Toronto, ON",1.7,5,Developing,Medium,Significant Gap
E0075,R004,Workforce Planning Analyst,11.1,0.0,9.4,33.0,4.0,7.0,Engineering,L2,"Toronto, ON",1.7,5,Developing,Medium,Significant Gap
E0075,R005,HR Data Analyst,35.8,25.0,34.2,18.0,3.0,4.0,Engineering,L2,"Toronto, ON",1.7,5,Developing,Medium,Significant Gap
E0075,R006,People Analytics Manager,14.1,0.0,12.0,45.0,5.0,8.0,Engineering,L2,"Toronto, ON",1.7,5,Developing,Medium,Significant Gap
E0075,R007,HRIS & People Data Specialist,31.2,20.0,29.5,27.0,4.0,6.0,Engineering,L2,"Toronto, ON",1.7,5,Developing,Medium,Significant Gap
E0075,R008,Talent Management Analytics Specialist,4.2,0.0,3.5,35.0,4.0,9.0,Engineering,L2,"Toronto, ON",1.7,5,Developing,Medium,Significant Gap
E0076,R001,People Analytics Specialist,44.9,40.0,44.2,24.0,3.0,6.0,Engineering,L5,"Calgary, AB",1.3,4,High,Low,Significant Gap
E0076,R002,Senior People Analytics Analyst,44.4,16.7,40.2,27.0,5.0,5.0,Engineering,L5,"Calgary, AB",1.3,4,High,Low,Significant Gap
E0076,R003,Talent Intelligence Analyst,29.5,0.0,25.1,27.0,5.0,6.0,Engineering,L5,"Calgary, AB",1.3,4,High,Low,Significant Gap
E0076,R004,Workforce Planning Analyst,35.4,0.0,30.1,23.0,4.0,5.0,Engineering,L5,"Calgary, AB",1.3,4,High,Low,Significant Gap
E0076,R005,HR Data Analyst,44.2,25.0,41.3,17.0,3.0,4.0,Engineering,L5,"Calgary, AB",1.3,4,High,Low,Significant Gap
E0076,R006,People Analytics Manager,41.7,0.0,35.5,31.0,5.0,5.0,Engineering,L5,"Calgary, AB",1.3,4,High,Low,Significant Gap
E0076,R007,HRIS & People Data Specialist,35.9,0.0,30.5,24.0,5.0,5.0,Engineering,L5,"Calgary, AB",1.3,4,High,Low,Significant Gap
E0076,R008,Talent Management Analytics Specialist,8.3,0.0,7.1,33.0,4.0,9.0,Engineering,L5,"Calgary, AB",1.3,4,High,Low,Significant Gap
E0077,R001,People Analytics Specialist,9.5,0.0,8.1,37.0,5.0,10.0,Engineering,L3,Remote - Canada,4.2,3,Solid,Medium,Significant Gap
E0077,R002,Senior People Analytics Analyst,16.1,0.0,13.7,41.0,6.0,9.0,Engineering,L3,Remote - Canada,4.2,3,Solid,Medium,Significant Gap
E0077,R003,Talent Intelligence Analyst,24.4,0.0,20.7,28.0,5.0,7.0,Engineering,L3,Remote - Canada,4.2,3,Solid,Medium,Significant Gap
E0077,R004,Workforce Planning Analyst,4.2,0.0,3.5,36.0,4.0,9.0,Engineering,L3,Remote - Canada,4.2,3,Solid,Medium,Significant Gap
E0077,R005,HR Data Analyst,14.2,0.0,12.0,25.0,4.0,7.0,Engineering,L3,Remote - Canada,4.2,3,Solid,Medium,Significant Gap
E0077,R006,People Analytics Manager,14.5,0.0,12.3,44.0,5.0,9.0,Engineering,L3,Remote - Canada,4.2,3,Solid,Medium,Significant Gap
E0077,R007,HRIS & People Data Specialist,20.3,0.0,17.2,28.0,5.0,6.0,Engineering,L3,Remote - Canada,4.2,3,Solid,Medium,Significant Gap
E0077,R008,Talent Management Analytics Specialist,4.2,0.0,3.5,35.0,4.0,9.0,Engineering,L3,Remote - Canada,4.2,3,Solid,Medium,Significant Gap
E0078,R001,People Analytics Specialist,16.1,0.0,13.7,34.0,5.0,9.0,Operations,L2,"Montreal, QC",2.7,3,Solid,High,Significant Gap
E0078,R002,Senior People Analytics Analyst,6.7,0.0,5.7,44.0,6.0,10.0,Operations,L2,"Montreal, QC",2.7,3,Solid,High,Significant Gap
E0078,R003,Talent Intelligence Analyst,0.0,0.0,0.0,39.0,5.0,11.0,Operations,L2,"Montreal, QC",2.7,3,Solid,High,Significant Gap
E0078,R004,Workforce Planning Analyst,13.9,0.0,11.8,32.0,4.0,7.0,Operations,L2,"Montreal, QC",2.7,3,Solid,High,Significant Gap
E0078,R005,HR Data Analyst,26.7,25.0,26.4,21.0,3.0,6.0,Operations,L2,"Montreal, QC",2.7,3,Solid,High,Significant Gap
E0078,R006,People Analytics Manager,11.0,0.0,9.4,46.0,5.0,9.0,Operations,L2,"Montreal, QC",2.7,3,Solid,High,Significant Gap
E0078,R007,HRIS & People Data Specialist,21.7,20.0,21.5,29.0,4.0,7.0,Operations,L2,"Montreal, QC",2.7,3,Solid,High,Significant Gap
E0078,R008,Talent Management Analytics Specialist,0.0,0.0,0.0,37.0,4.0,10.0,Operations,L2,"Montreal, QC",2.7,3,Solid,High,Significant Gap
E0079,R001,People Analytics Specialist,11.9,0.0,10.1,36.0,5.0,9.0,Engineering,L2,"Ottawa, ON",7.3,2,Solid,Medium,Significant Gap
E0079,R002,Senior People Analytics Analyst,19.4,0.0,16.5,38.0,6.0,7.0,Engineering,L2,"Ottawa, ON",7.3,2,Solid,Medium,Significant Gap
E0079,R003,Talent Intelligence Analyst,15.4,0.0,13.1,33.0,5.0,9.0,Engineering,L2,"Ottawa, ON",7.3,2,Solid,Medium,Significant Gap
E0079,R004,Workforce Planning Analyst,9.7,0.0,8.3,34.0,4.0,7.0,Engineering,L2,"Ottawa, ON",7.3,2,Solid,Medium,Significant Gap
E0079,R005,HR Data Analyst,23.3,0.0,19.8,22.0,4.0,5.0,Engineering,L2,"Ottawa, ON",7.3,2,Solid,Medium,Significant Gap
E0079,R006,People Analytics Manager,9.0,0.0,7.6,47.0,5.0,9.0,Engineering,L2,"Ottawa, ON",7.3,2,Solid,Medium,Significant Gap
E0079,R007,HRIS & People Data Specialist,24.6,0.0,20.9,29.0,5.0,6.0,Engineering,L2,"Ottawa, ON",7.3,2,Solid,Medium,Significant Gap
E0079,R008,Talent Management Analytics Specialist,0.0,0.0,0.0,37.0,4.0,10.0,Engineering,L2,"Ottawa, ON",7.3,2,Solid,Medium,Significant Gap
E0080,R001,People Analytics Specialist,21.7,0.0,18.5,31.0,5.0,7.0,Customer Success,L4,"Vancouver, BC",4.2,3,Developing,Medium,Significant Gap
E0080,R002,Senior People Analytics Analyst,21.0,16.7,20.3,38.0,5.0,9.0,Customer Success,L4,"Vancouver, BC",4.2,3,Developing,Medium,Significant Gap
E0080,R003,Talent Intelligence Analyst,20.0,0.0,17.0,31.0,5.0,8.0,Customer Success,L4,"Vancouver, BC",4.2,3,Developing,Medium,Significant Gap
E0080,R004,Workforce Planning Analyst,30.0,0.0,25.5,25.0,4.0,5.0,Customer Success,L4,"Vancouver, BC",4.2,3,Developing,Medium,Significant Gap
E0080,R005,HR Data Analyst,7.9,0.0,6.7,26.0,4.0,6.0,Customer Success,L4,"Vancouver, BC",4.2,3,Developing,Medium,Significant Gap
E0080,R006,People Analytics Manager,31.0,0.0,26.4,36.0,5.0,7.0,Customer Success,L4,"Vancouver, BC",4.2,3,Developing,Medium,Significant Gap
E0080,R007,HRIS & People Data Specialist,7.6,0.0,6.5,33.0,5.0,8.0,Customer Success,L4,"Vancouver, BC",4.2,3,Developing,Medium,Significant Gap
E0080,R008,Talent Management Analytics Specialist,10.4,0.0,8.9,32.0,4.0,8.0,Customer Success,L4,"Vancouver, BC",4.2,3,Developing,Medium,Significant Gap
E0081,R001,People Analytics Specialist,18.5,0.0,15.7,33.0,5.0,7.0,Customer Success,L2,"Toronto, ON",5.2,4,Solid,High,Significant Gap
E0081,R002,Senior People Analytics Analyst,15.7,0.0,13.3,40.0,6.0,8.0,Customer Success,L2,"Toronto, ON",5.2,4,Solid,High,Significant Gap
E0081,R003,Talent Intelligence Analyst,10.3,0.0,8.7,35.0,5.0,9.0,Customer Success,L2,"Toronto, ON",5.2,4,Solid,High,Significant Gap
E0081,R004,Workforce Planning Analyst,21.5,0.0,18.3,29.0,4.0,5.0,Customer Success,L2,"Toronto, ON",5.2,4,Solid,High,Significant Gap
E0081,R005,HR Data Analyst,9.2,0.0,7.8,26.0,4.0,7.0,Customer Success,L2,"Toronto, ON",5.2,4,Solid,High,Significant Gap
E0081,R006,People Analytics Manager,19.3,0.0,16.4,42.0,5.0,7.0,Customer Success,L2,"Toronto, ON",5.2,4,Solid,High,Significant Gap
E0081,R007,HRIS & People Data Specialist,11.6,0.0,9.9,31.0,5.0,7.0,Customer Success,L2,"Toronto, ON",5.2,4,Solid,High,Significant Gap
E0081,R008,Talent Management Analytics Specialist,4.2,0.0,3.5,35.0,4.0,9.0,Customer Success,L2,"Toronto, ON",5.2,4,Solid,High,Significant Gap
E0082,R001,People Analytics Specialist,17.3,20.0,17.7,35.0,4.0,9.0,Engineering,L3,"Toronto, ON",9.4,2,Solid,Medium,Significant Gap
E0082,R002,Senior People Analytics Analyst,27.5,0.0,23.4,35.0,6.0,7.0,Engineering,L3,"Toronto, ON",9.4,2,Solid,Medium,Significant Gap
E0082,R003,Talent Intelligence Analyst,24.4,0.0,20.7,28.0,5.0,7.0,Engineering,L3,"Toronto, ON",9.4,2,Solid,Medium,Significant Gap
E0082,R004,Workforce Planning Analyst,8.3,0.0,7.1,34.0,4.0,7.0,Engineering,L3,"Toronto, ON",9.4,2,Solid,Medium,Significant Gap
E0082,R005,HR Data Analyst,17.5,25.0,18.6,25.0,3.0,7.0,Engineering,L3,"Toronto, ON",9.4,2,Solid,Medium,Significant Gap
E0082,R006,People Analytics Manager,13.1,0.0,11.1,46.0,5.0,9.0,Engineering,L3,"Toronto, ON",9.4,2,Solid,Medium,Significant Gap
E0082,R007,HRIS & People Data Specialist,21.4,0.0,18.2,29.0,5.0,7.0,Engineering,L3,"Toronto, ON",9.4,2,Solid,Medium,Significant Gap
E0082,R008,Talent Management Analytics Specialist,4.2,0.0,3.5,35.0,4.0,9.0,Engineering,L3,"Toronto, ON",9.4,2,Solid,Medium,Significant Gap
E0083,R001,People Analytics Specialist,14.3,20.0,15.1,36.0,4.0,10.0,Engineering,L2,"Montreal, QC",6.2,2,High,Low,Significant Gap
E0083,R002,Senior People Analytics Analyst,28.9,16.7,27.1,34.0,5.0,7.0,Engineering,L2,"Montreal, QC",6.2,2,High,Low,Significant Gap
E0083,R003,Talent Intelligence Analyst,7.7,0.0,6.5,36.0,5.0,10.0,Engineering,L2,"Montreal, QC",6.2,2,High,Low,Significant Gap
E0083,R004,Workforce Planning Analyst,8.3,0.0,7.1,34.0,4.0,8.0,Engineering,L2,"Montreal, QC",6.2,2,High,Low,Significant Gap
E0083,R005,HR Data Analyst,25.0,25.0,25.0,22.0,3.0,5.0,Engineering,L2,"Montreal, QC",6.2,2,High,Low,Significant Gap
E0083,R006,People Analytics Manager,12.8,0.0,10.8,46.0,5.0,9.0,Engineering,L2,"Montreal, QC",6.2,2,High,Low,Significant Gap
E0083,R007,HRIS & People Data Specialist,25.0,20.0,24.2,29.0,4.0,7.0,Engineering,L2,"Montreal, QC",6.2,2,High,Low,Significant Gap
E0083,R008,Talent Management Analytics Specialist,2.1,0.0,1.8,36.0,4.0,9.0,Engineering,L2,"Montreal, QC",6.2,2,High,Low,Significant Gap
E0084,R001,People Analytics Specialist,20.2,0.0,17.2,31.0,5.0,8.0,Customer Success,L2,"Toronto, ON",3.3,3,High,Medium,Significant Gap
E0084,R002,Senior People Analytics Analyst,14.8,0.0,12.6,41.0,6.0,9.0,Customer Success,L2,"Toronto, ON",3.3,3,High,Medium,Significant Gap
E0084,R003,Talent Intelligence Analyst,12.8,0.0,10.9,34.0,5.0,9.0,Customer Success,L2,"Toronto, ON",3.3,3,High,Medium,Significant Gap
E0084,R004,Workforce Planning Analyst,22.2,0.0,18.9,28.0,4.0,6.0,Customer Success,L2,"Toronto, ON",3.3,3,High,Medium,Significant Gap
E0084,R005,HR Data Analyst,10.8,0.0,9.2,24.0,4.0,7.0,Customer Success,L2,"Toronto, ON",3.3,3,High,Medium,Significant Gap
E0084,R006,People Analytics Manager,14.5,0.0,12.3,45.0,5.0,9.0,Customer Success,L2,"Toronto, ON",3.3,3,High,Medium,Significant Gap
E0084,R007,HRIS & People Data Specialist,4.3,0.0,3.7,34.0,5.0,9.0,Customer Success,L2,"Toronto, ON",3.3,3,High,Medium,Significant Gap
E0084,R008,Talent Management Analytics Specialist,10.4,0.0,8.9,32.0,4.0,8.0,Customer Success,L2,"Toronto, ON",3.3,3,High,Medium,Significant Gap
E0085,R001,People Analytics Specialist,22.6,0.0,19.2,31.0,5.0,8.0,Sales,L2,"Toronto, ON",5.1,3,High,Medium,Significant Gap
E0085,R002,Senior People Analytics Analyst,12.3,0.0,10.5,42.0,6.0,9.0,Sales,L2,"Toronto, ON",5.1,3,High,Medium,Significant Gap
E0085,R003,Talent Intelligence Analyst,10.3,0.0,8.7,35.0,5.0,9.0,Sales,L2,"Toronto, ON",5.1,3,High,Medium,Significant Gap
E0085,R004,Workforce Planning Analyst,20.1,0.0,17.1,29.0,4.0,6.0,Sales,L2,"Toronto, ON",5.1,3,High,Medium,Significant Gap
E0085,R005,HR Data Analyst,23.8,0.0,20.2,20.0,4.0,6.0,Sales,L2,"Toronto, ON",5.1,3,High,Medium,Significant Gap
E0085,R006,People Analytics Manager,12.4,0.0,10.6,46.0,5.0,9.0,Sales,L2,"Toronto, ON",5.1,3,High,Medium,Significant Gap
E0085,R007,HRIS & People Data Specialist,12.7,0.0,10.8,32.0,5.0,8.0,Sales,L2,"Toronto, ON",5.1,3,High,Medium,Significant Gap
E0085,R008,Talent Management Analytics Specialist,10.4,0.0,8.9,32.0,4.0,8.0,Sales,L2,"Toronto, ON",5.1,3,High,Medium,Significant Gap
E0086,R001,People Analytics Specialist,29.2,0.0,24.8,29.0,5.0,6.0,Finance,L5,"Montreal, QC",4.7,4,Solid,High,Significant Gap
E0086,R002,Senior People Analytics Analyst,29.7,16.7,27.7,34.0,5.0,7.0,Finance,L5,"Montreal, QC",4.7,4,Solid,High,Significant Gap
E0086,R003,Talent Intelligence Analyst,15.4,0.0,13.1,33.0,5.0,9.0,Finance,L5,"Montreal, QC",4.7,4,Solid,High,Significant Gap
E0086,R004,Workforce Planning Analyst,53.3,0.0,45.3,17.0,4.0,2.0,Finance,L5,"Montreal, QC",4.7,4,Solid,High,Significant Gap
E0086,R005,HR Data Analyst,12.5,0.0,10.6,25.0,4.0,6.0,Finance,L5,"Montreal, QC",4.7,4,Solid,High,Significant Gap
E0086,R006,People Analytics Manager,39.0,20.0,36.1,32.0,4.0,5.0,Finance,L5,"Montreal, QC",4.7,4,Solid,High,Significant Gap
E0086,R007,HRIS & People Data Specialist,15.2,0.0,12.9,30.0,5.0,6.0,Finance,L5,"Montreal, QC",4.7,4,Solid,High,Significant Gap
E0086,R008,Talent Management Analytics Specialist,11.1,0.0,9.4,32.0,4.0,8.0,Finance,L5,"Montreal, QC",4.7,4,Solid,High,Significant Gap
E0087,R001,People Analytics Specialist,25.3,20.0,24.5,31.0,4.0,8.0,Sales,L6,"Vancouver, BC",5.4,3,High,Low,Significant Gap
E0087,R002,Senior People Analytics Analyst,26.3,16.7,24.9,35.0,5.0,8.0,Sales,L6,"Vancouver, BC",5.4,3,High,Low,Significant Gap
E0087,R003,Talent Intelligence Analyst,15.4,0.0,13.1,33.0,5.0,9.0,Sales,L6,"Vancouver, BC",5.4,3,High,Low,Significant Gap
E0087,R004,Workforce Planning Analyst,27.8,0.0,23.6,26.0,4.0,6.0,Sales,L6,"Vancouver, BC",5.4,3,High,Low,Significant Gap
E0087,R005,HR Data Analyst,14.2,0.0,12.0,24.0,4.0,6.0,Sales,L6,"Vancouver, BC",5.4,3,High,Low,Significant Gap
E0087,R006,People Analytics Manager,35.5,20.0,33.2,34.0,4.0,7.0,Sales,L6,"Vancouver, BC",5.4,3,High,Low,Significant Gap
E0087,R007,HRIS & People Data Specialist,13.8,0.0,11.7,31.0,5.0,7.0,Sales,L6,"Vancouver, BC",5.4,3,High,Low,Significant Gap
E0087,R008,Talent Management Analytics Specialist,18.1,0.0,15.3,29.0,4.0,7.0,Sales,L6,"Vancouver, BC",5.4,3,High,Low,Significant Gap
E0088,R001,People Analytics Specialist,33.3,20.0,31.3,27.0,4.0,7.0,Operations,L4,"Calgary, AB",1.8,4,Solid,Medium,Significant Gap
E0088,R002,Senior People Analytics Analyst,30.0,33.3,30.5,33.0,4.0,8.0,Operations,L4,"Calgary, AB",1.8,4,Solid,Medium,Significant Gap
E0088,R003,Talent Intelligence Analyst,15.4,0.0,13.1,33.0,5.0,9.0,Operations,L4,"Calgary, AB",1.8,4,Solid,Medium,Significant Gap
E0088,R004,Workforce Planning Analyst,46.2,0.0,39.3,19.0,4.0,3.0,Operations,L4,"Calgary, AB",1.8,4,Solid,Medium,Significant Gap
E0088,R005,HR Data Analyst,21.7,0.0,18.4,22.0,4.0,6.0,Operations,L4,"Calgary, AB",1.8,4,Solid,Medium,Significant Gap
E0088,R006,People Analytics Manager,42.8,40.0,42.3,30.0,3.0,6.0,Operations,L4,"Calgary, AB",1.8,4,Solid,Medium,Significant Gap
E0088,R007,HRIS & People Data Specialist,19.6,0.0,16.6,28.0,5.0,6.0,Operations,L4,"Calgary, AB",1.8,4,Solid,Medium,Significant Gap
E0088,R008,Talent Management Analytics Specialist,8.3,0.0,7.1,33.0,4.0,9.0,Operations,L4,"Calgary, AB",1.8,4,Solid,Medium,Significant Gap
E0089,R001,People Analytics Specialist,13.1,20.0,14.1,37.0,4.0,10.0,Engineering,L1,"Montreal, QC",4.2,3,High,Medium,Significant Gap
E0089,R002,Senior People Analytics Analyst,19.2,16.7,18.8,40.0,5.0,9.0,Engineering,L1,"Montreal, QC",4.2,3,High,Medium,Significant Gap
E0089,R003,Talent Intelligence Analyst,21.8,0.0,18.5,29.0,5.0,7.0,Engineering,L1,"Montreal, QC",4.2,3,High,Medium,Significant Gap
E0089,R004,Workforce Planning Analyst,2.1,0.0,1.8,37.0,4.0,9.0,Engineering,L1,"Montreal, QC",4.2,3,High,Medium,Significant Gap
E0089,R005,HR Data Analyst,18.3,25.0,19.3,24.0,3.0,7.0,Engineering,L1,"Montreal, QC",4.2,3,High,Medium,Significant Gap
E0089,R006,People Analytics Manager,12.4,0.0,10.6,46.0,5.0,9.0,Engineering,L1,"Montreal, QC",4.2,3,High,Medium,Significant Gap
E0089,R007,HRIS & People Data Specialist,17.4,20.0,17.8,30.0,4.0,7.0,Engineering,L1,"Montreal, QC",4.2,3,High,Medium,Significant Gap
E0089,R008,Talent Management Analytics Specialist,6.2,0.0,5.3,34.0,4.0,8.0,Engineering,L1,"Montreal, QC",4.2,3,High,Medium,Significant Gap
E0090,R001,People Analytics Specialist,21.4,20.0,21.2,33.0,4.0,9.0,Engineering,L3,"Vancouver, BC",2.9,3,Solid,Medium,Significant Gap
E0090,R002,Senior People Analytics Analyst,21.7,0.0,18.4,39.0,6.0,9.0,Engineering,L3,"Vancouver, BC",2.9,3,Solid,Medium,Significant Gap
E0090,R003,Talent Intelligence Analyst,26.9,0.0,22.9,27.0,5.0,7.0,Engineering,L3,"Vancouver, BC",2.9,3,Solid,Medium,Significant Gap
E0090,R004,Workforce Planning Analyst,10.4,0.0,8.9,33.0,4.0,8.0,Engineering,L3,"Vancouver, BC",2.9,3,Solid,Medium,Significant Gap
E0090,R005,HR Data Analyst,25.0,25.0,25.0,21.0,3.0,6.0,Engineering,L3,"Vancouver, BC",2.9,3,Solid,Medium,Significant Gap
E0090,R006,People Analytics Manager,13.1,0.0,11.1,46.0,5.0,10.0,Engineering,L3,"Vancouver, BC",2.9,3,Solid,Medium,Significant Gap
E0090,R007,HRIS & People Data Specialist,14.1,0.0,12.0,31.0,5.0,8.0,Engineering,L3,"Vancouver, BC",2.9,3,Solid,Medium,Significant Gap
E0090,R008,Talent Management Analytics Specialist,12.5,0.0,10.6,31.0,4.0,8.0,Engineering,L3,"Vancouver, BC",2.9,3,Solid,Medium,Significant Gap
E0091,R001,People Analytics Specialist,8.3,0.0,7.1,37.0,5.0,10.0,Legal & Compliance,L3,"Toronto, ON",7.4,3,High,Medium,Significant Gap
E0091,R002,Senior People Analytics Analyst,13.9,0.0,11.8,41.0,6.0,9.0,Legal & Compliance,L3,"Toronto, ON",7.4,3,High,Medium,Significant Gap
E0091,R003,Talent Intelligence Analyst,5.1,0.0,4.4,37.0,5.0,10.0,Legal & Compliance,L3,"Toronto, ON",7.4,3,High,Medium,Significant Gap
E0091,R004,Workforce Planning Analyst,16.7,0.0,14.2,30.0,4.0,7.0,Legal & Compliance,L3,"Toronto, ON",7.4,3,High,Medium,Significant Gap
E0091,R005,HR Data Analyst,13.3,0.0,11.3,23.0,4.0,6.0,Legal & Compliance,L3,"Toronto, ON",7.4,3,High,Medium,Significant Gap
E0091,R006,People Analytics Manager,15.9,0.0,13.5,44.0,5.0,8.0,Legal & Compliance,L3,"Toronto, ON",7.4,3,High,Medium,Significant Gap
E0091,R007,HRIS & People Data Specialist,7.6,0.0,6.5,33.0,5.0,7.0,Legal & Compliance,L3,"Toronto, ON",7.4,3,High,Medium,Significant Gap
E0091,R008,Talent Management Analytics Specialist,10.4,0.0,8.9,32.0,4.0,8.0,Legal & Compliance,L3,"Toronto, ON",7.4,3,High,Medium,Significant Gap
E0092,R001,People Analytics Specialist,20.2,20.0,20.2,33.0,4.0,9.0,Engineering,L4,Remote - Canada,3.1,3,Developing,Low,Significant Gap
E0092,R002,Senior People Analytics Analyst,42.8,33.3,41.4,27.0,4.0,6.0,Engineering,L4,Remote - Canada,3.1,3,Developing,Low,Significant Gap
E0092,R003,Talent Intelligence Analyst,32.1,0.0,27.2,25.0,5.0,6.0,Engineering,L4,Remote - Canada,3.1,3,Developing,Low,Significant Gap
E0092,R004,Workforce Planning Analyst,25.0,0.0,21.2,27.0,4.0,7.0,Engineering,L4,Remote - Canada,3.1,3,Developing,Low,Significant Gap
E0092,R005,HR Data Analyst,15.4,0.0,13.1,24.0,4.0,6.0,Engineering,L4,Remote - Canada,3.1,3,Developing,Low,Significant Gap
E0092,R006,People Analytics Manager,44.8,60.0,47.1,29.0,2.0,6.0,Engineering,L4,Remote - Canada,3.1,3,Developing,Low,Significant Gap
E0092,R007,HRIS & People Data Specialist,27.5,0.0,23.4,26.0,5.0,5.0,Engineering,L4,Remote - Canada,3.1,3,Developing,Low,Significant Gap
E0092,R008,Talent Management Analytics Specialist,10.4,0.0,8.9,32.0,4.0,8.0,Engineering,L4,Remote - Canada,3.1,3,Developing,Low,Significant Gap
E0093,R001,People Analytics Specialist,6.2,0.0,5.3,38.0,5.0,10.0,Operations,L2,"Calgary, AB",7.7,2,Developing,Medium,Significant Gap
E0093,R002,Senior People Analytics Analyst,5.0,0.0,4.2,45.0,6.0,9.0,Operations,L2,"Calgary, AB",7.7,2,Developing,Medium,Significant Gap
E0093,R003,Talent Intelligence Analyst,0.0,0.0,0.0,39.0,5.0,11.0,Operations,L2,"Calgary, AB",7.7,2,Developing,Medium,Significant Gap
E0093,R004,Workforce Planning Analyst,24.7,0.0,21.0,29.0,4.0,5.0,Operations,L2,"Calgary, AB",7.7,2,Developing,Medium,Significant Gap
E0093,R005,HR Data Analyst,8.3,0.0,7.1,26.0,4.0,7.0,Operations,L2,"Calgary, AB",7.7,2,Developing,Medium,Significant Gap
E0093,R006,People Analytics Manager,7.2,0.0,6.2,48.0,5.0,9.0,Operations,L2,"Calgary, AB",7.7,2,Developing,Medium,Significant Gap
E0093,R007,HRIS & People Data Specialist,8.7,0.0,7.4,33.0,5.0,7.0,Operations,L2,"Calgary, AB",7.7,2,Developing,Medium,Significant Gap
E0093,R008,Talent Management Analytics Specialist,0.0,0.0,0.0,37.0,4.0,10.0,Operations,L2,"Calgary, AB",7.7,2,Developing,Medium,Significant Gap
E0094,R001,People Analytics Specialist,22.0,0.0,18.7,32.0,5.0,8.0,Engineering,L2,"Toronto, ON",2.8,5,Solid,Medium,Significant Gap
E0094,R002,Senior People Analytics Analyst,23.3,0.0,19.8,37.0,6.0,7.0,Engineering,L2,"Toronto, ON",2.8,5,Solid,Medium,Significant Gap
E0094,R003,Talent Intelligence Analyst,16.7,0.0,14.2,31.0,5.0,8.0,Engineering,L2,"Toronto, ON",2.8,5,Solid,Medium,Significant Gap
E0094,R004,Workforce Planning Analyst,20.1,0.0,17.1,29.0,4.0,6.0,Engineering,L2,"Toronto, ON",2.8,5,Solid,Medium,Significant Gap
E0094,R005,HR Data Analyst,17.5,0.0,14.9,24.0,4.0,7.0,Engineering,L2,"Toronto, ON",2.8,5,Solid,Medium,Significant Gap
E0094,R006,People Analytics Manager,12.9,0.0,10.9,46.0,5.0,9.0,Engineering,L2,"Toronto, ON",2.8,5,Solid,Medium,Significant Gap
E0094,R007,HRIS & People Data Specialist,18.1,0.0,15.4,30.0,5.0,7.0,Engineering,L2,"Toronto, ON",2.8,5,Solid,Medium,Significant Gap
E0094,R008,Talent Management Analytics Specialist,4.2,0.0,3.5,35.0,4.0,9.0,Engineering,L2,"Toronto, ON",2.8,5,Solid,Medium,Significant Gap
E0095,R001,People Analytics Specialist,14.9,0.0,12.6,34.0,5.0,9.0,Operations,L3,"Ottawa, ON",3.0,5,Solid,High,Significant Gap
E0095,R002,Senior People Analytics Analyst,2.5,0.0,2.1,47.0,6.0,11.0,Operations,L3,"Ottawa, ON",3.0,5,Solid,High,Significant Gap
E0095,R003,Talent Intelligence Analyst,2.6,0.0,2.2,38.0,5.0,10.0,Operations,L3,"Ottawa, ON",3.0,5,Solid,High,Significant Gap
E0095,R004,Workforce Planning Analyst,14.6,0.0,12.4,32.0,4.0,6.0,Operations,L3,"Ottawa, ON",3.0,5,Solid,High,Significant Gap
E0095,R005,HR Data Analyst,22.1,0.0,18.8,21.0,4.0,6.0,Operations,L3,"Ottawa, ON",3.0,5,Solid,High,Significant Gap
E0095,R006,People Analytics Manager,7.2,0.0,6.2,48.0,5.0,10.0,Operations,L3,"Ottawa, ON",3.0,5,Solid,High,Significant Gap
E0095,R007,HRIS & People Data Specialist,15.6,0.0,13.2,30.0,5.0,7.0,Operations,L3,"Ottawa, ON",3.0,5,Solid,High,Significant Gap
E0095,R008,Talent Management Analytics Specialist,6.2,0.0,5.3,34.0,4.0,8.0,Operations,L3,"Ottawa, ON",3.0,5,Solid,High,Significant Gap
E0096,R001,People Analytics Specialist,22.6,20.0,22.2,33.0,4.0,9.0,Engineering,L3,"Vancouver, BC",5.3,3,High,Medium,Significant Gap
E0096,R002,Senior People Analytics Analyst,31.7,16.7,29.4,34.0,5.0,7.0,Engineering,L3,"Vancouver, BC",5.3,3,High,Medium,Significant Gap
E0096,R003,Talent Intelligence Analyst,15.4,0.0,13.1,32.0,5.0,8.0,Engineering,L3,"Vancouver, BC",5.3,3,High,Medium,Significant Gap
E0096,R004,Workforce Planning Analyst,8.3,0.0,7.1,34.0,4.0,8.0,Engineering,L3,"Vancouver, BC",5.3,3,High,Medium,Significant Gap
E0096,R005,HR Data Analyst,40.0,50.0,41.5,19.0,2.0,6.0,Engineering,L3,"Vancouver, BC",5.3,3,High,Medium,Significant Gap
E0096,R006,People Analytics Manager,20.3,0.0,17.3,42.0,5.0,8.0,Engineering,L3,"Vancouver, BC",5.3,3,High,Medium,Significant Gap
E0096,R007,HRIS & People Data Specialist,38.8,40.0,39.0,24.0,3.0,6.0,Engineering,L3,"Vancouver, BC",5.3,3,High,Medium,Significant Gap
E0096,R008,Talent Management Analytics Specialist,4.2,0.0,3.5,35.0,4.0,9.0,Engineering,L3,"Vancouver, BC",5.3,3,High,Medium,Significant Gap
E0097,R001,People Analytics Specialist,33.6,20.0,31.6,27.0,4.0,6.0,Operations,L4,"Vancouver, BC",1.7,3,Solid,Medium,Significant Gap
E0097,R002,Senior People Analytics Analyst,24.5,0.0,20.8,36.0,6.0,7.0,Operations,L4,"Vancouver, BC",1.7,3,Solid,Medium,Significant Gap
E0097,R003,Talent Intelligence Analyst,26.9,20.0,25.9,29.0,4.0,8.0,Operations,L4,"Vancouver, BC",1.7,3,Solid,Medium,Significant Gap
E0097,R004,Workforce Planning Analyst,30.9,0.0,26.3,25.0,4.0,4.0,Operations,L4,"Vancouver, BC",1.7,3,Solid,Medium,Significant Gap
E0097,R005,HR Data Analyst,19.6,0.0,16.6,22.0,4.0,5.0,Operations,L4,"Vancouver, BC",1.7,3,Solid,Medium,Significant Gap
E0097,R006,People Analytics Manager,31.4,0.0,26.7,36.0,5.0,6.0,Operations,L4,"Vancouver, BC",1.7,3,Solid,Medium,Significant Gap
E0097,R007,HRIS & People Data Specialist,16.3,0.0,13.9,30.0,5.0,6.0,Operations,L4,"Vancouver, BC",1.7,3,Solid,Medium,Significant Gap
E0097,R008,Talent Management Analytics Specialist,24.3,25.0,24.4,28.0,3.0,7.0,Operations,L4,"Vancouver, BC",1.7,3,Solid,Medium,Significant Gap
E0098,R001,People Analytics Specialist,11.9,0.0,10.1,36.0,5.0,9.0,Sales,L1,"Toronto, ON",8.2,3,High,Medium,Significant Gap
E0098,R002,Senior People Analytics Analyst,11.7,0.0,9.9,42.0,6.0,9.0,Sales,L1,"Toronto, ON",8.2,3,High,Medium,Significant Gap
E0098,R003,Talent Intelligence Analyst,0.0,0.0,0.0,39.0,5.0,11.0,Sales,L1,"Toronto, ON",8.2,3,High,Medium,Significant Gap
E0098,R004,Workforce Planning Analyst,17.4,0.0,14.8,31.0,4.0,6.0,Sales,L1,"Toronto, ON",8.2,3,High,Medium,Significant Gap
E0098,R005,HR Data Analyst,12.5,0.0,10.6,24.0,4.0,6.0,Sales,L1,"Toronto, ON",8.2,3,High,Medium,Significant Gap
E0098,R006,People Analytics Manager,12.8,0.0,10.8,45.0,5.0,9.0,Sales,L1,"Toronto, ON",8.2,3,High,Medium,Significant Gap
E0098,R007,HRIS & People Data Specialist,10.1,0.0,8.6,32.0,5.0,8.0,Sales,L1,"Toronto, ON",8.2,3,High,Medium,Significant Gap
E0098,R008,Talent Management Analytics Specialist,6.9,0.0,5.9,34.0,4.0,8.0,Sales,L1,"Toronto, ON",8.2,3,High,Medium,Significant Gap
E0099,R001,People Analytics Specialist,4.8,0.0,4.0,39.0,5.0,11.0,Engineering,L3,"Montreal, QC",4.4,3,Solid,Low,Significant Gap
E0099,R002,Senior People Analytics Analyst,20.6,0.0,17.5,37.0,6.0,8.0,Engineering,L3,"Montreal, QC",4.4,3,Solid,Low,Significant Gap
E0099,R003,Talent Intelligence Analyst,17.9,0.0,15.3,31.0,5.0,8.0,Engineering,L3,"Montreal, QC",4.4,3,Solid,Low,Significant Gap
E0099,R004,Workforce Planning Analyst,6.2,0.0,5.3,35.0,4.0,9.0,Engineering,L3,"Montreal, QC",4.4,3,Solid,Low,Significant Gap
E0099,R005,HR Data Analyst,15.8,0.0,13.5,23.0,4.0,6.0,Engineering,L3,"Montreal, QC",4.4,3,Solid,Low,Significant Gap
E0099,R006,People Analytics Manager,7.9,0.0,6.7,48.0,5.0,10.0,Engineering,L3,"Montreal, QC",4.4,3,Solid,Low,Significant Gap
E0099,R007,HRIS & People Data Specialist,18.5,0.0,15.7,31.0,5.0,7.0,Engineering,L3,"Montreal, QC",4.4,3,Solid,Low,Significant Gap
E0099,R008,Talent Management Analytics Specialist,6.2,0.0,5.3,34.0,4.0,9.0,Engineering,L3,"Montreal, QC",4.4,3,Solid,Low,Significant Gap
E0100,R001,People Analytics Specialist,23.8,0.0,20.2,31.0,5.0,7.0,Customer Success,L3,"Vancouver, BC",6.5,4,Developing,Medium,Significant Gap
E0100,R002,Senior People Analytics Analyst,11.5,0.0,9.8,42.0,6.0,8.0,Customer Success,L3,"Vancouver, BC",6.5,4,Developing,Medium,Significant Gap
E0100,R003,Talent Intelligence Analyst,7.7,0.0,6.5,36.0,5.0,9.0,Customer Success,L3,"Vancouver, BC",6.5,4,Developing,Medium,Significant Gap
E0100,R004,Workforce Planning Analyst,19.4,0.0,16.5,30.0,4.0,5.0,Customer Success,L3,"Vancouver, BC",6.5,4,Developing,Medium,Significant Gap
E0100,R005,HR Data Analyst,26.2,0.0,22.3,20.0,4.0,5.0,Customer Success,L3,"Vancouver, BC",6.5,4,Developing,Medium,Significant Gap
E0100,R006,People Analytics Manager,11.7,0.0,10.0,46.0,5.0,8.0,Customer Success,L3,"Vancouver, BC",6.5,4,Developing,Medium,Significant Gap
E0100,R007,HRIS & People Data Specialist,17.0,0.0,14.5,31.0,5.0,7.0,Customer Success,L3,"Vancouver, BC",6.5,4,Developing,Medium,Significant Gap
E0100,R008,Talent Management Analytics Specialist,6.2,0.0,5.3,34.0,4.0,8.0,Customer Success,L3,"Vancouver, BC",6.5,4,Developing,Medium,Significant Gap
E0101,R001,People Analytics Specialist,17.6,0.0,14.9,33.0,5.0,8.0,Operations,L3,"Montreal, QC",2.9,3,High,Medium,Significant Gap
E0101,R002,Senior People Analytics Analyst,8.3,0.0,7.1,44.0,6.0,9.0,Operations,L3,"Montreal, QC",2.9,3,High,Medium,Significant Gap
E0101,R003,Talent Intelligence Analyst,5.1,0.0,4.4,37.0,5.0,10.0,Operations,L3,"Montreal, QC",2.9,3,High,Medium,Significant Gap
E0101,R004,Workforce Planning Analyst,21.5,0.0,18.3,29.0,4.0,5.0,Operations,L3,"Montreal, QC",2.9,3,High,Medium,Significant Gap
E0101,R005,HR Data Analyst,18.3,0.0,15.6,23.0,4.0,6.0,Operations,L3,"Montreal, QC",2.9,3,High,Medium,Significant Gap
E0101,R006,People Analytics Manager,7.9,0.0,6.7,48.0,5.0,9.0,Operations,L3,"Montreal, QC",2.9,3,High,Medium,Significant Gap
E0101,R007,HRIS & People Data Specialist,12.3,0.0,10.5,32.0,5.0,7.0,Operations,L3,"Montreal, QC",2.9,3,High,Medium,Significant Gap
E0101,R008,Talent Management Analytics Specialist,4.2,0.0,3.5,35.0,4.0,9.0,Operations,L3,"Montreal, QC",2.9,3,High,Medium,Significant Gap
E0102,R001,People Analytics Specialist,41.7,40.0,41.4,24.0,3.0,6.0,Human Resources,L2,"Ottawa, ON",10.0,3,Developing,High,Significant Gap
E0102,R002,Senior People Analytics Analyst,24.0,16.7,22.9,37.0,5.0,8.0,Human Resources,L2,"Ottawa, ON",10.0,3,Developing,High,Significant Gap
E0102,R003,Talent Intelligence Analyst,23.7,0.0,20.2,30.0,5.0,7.0,Human Resources,L2,"Ottawa, ON",10.0,3,Developing,High,Significant Gap
E0102,R004,Workforce Planning Analyst,31.5,0.0,26.8,25.0,4.0,5.0,Human Resources,L2,"Ottawa, ON",10.0,3,Developing,High,Significant Gap
E0102,R005,HR Data Analyst,38.3,25.0,36.3,17.0,3.0,4.0,Human Resources,L2,"Ottawa, ON",10.0,3,Developing,High,Significant Gap
E0102,R006,People Analytics Manager,25.5,20.0,24.7,39.0,4.0,8.0,Human Resources,L2,"Ottawa, ON",10.0,3,Developing,High,Significant Gap
E0102,R007,HRIS & People Data Specialist,27.2,0.0,23.2,26.0,5.0,6.0,Human Resources,L2,"Ottawa, ON",10.0,3,Developing,High,Significant Gap
E0102,R008,Talent Management Analytics Specialist,47.1,0.0,40.0,19.0,4.0,3.0,Human Resources,L2,"Ottawa, ON",10.0,3,Developing,High,Significant Gap
E0103,R001,People Analytics Specialist,12.5,0.0,10.6,35.0,5.0,10.0,Operations,L3,"Montreal, QC",3.9,5,Solid,High,Significant Gap
E0103,R002,Senior People Analytics Analyst,7.5,0.0,6.4,45.0,6.0,11.0,Operations,L3,"Montreal, QC",3.9,5,Solid,High,Significant Gap
E0103,R003,Talent Intelligence Analyst,7.7,0.0,6.5,36.0,5.0,10.0,Operations,L3,"Montreal, QC",3.9,5,Solid,High,Significant Gap
E0103,R004,Workforce Planning Analyst,25.0,0.0,21.2,28.0,4.0,6.0,Operations,L3,"Montreal, QC",3.9,5,Solid,High,Significant Gap
E0103,R005,HR Data Analyst,7.5,0.0,6.4,26.0,4.0,8.0,Operations,L3,"Montreal, QC",3.9,5,Solid,High,Significant Gap
E0103,R006,People Analytics Manager,9.7,0.0,8.2,47.0,5.0,10.0,Operations,L3,"Montreal, QC",3.9,5,Solid,High,Significant Gap
E0103,R007,HRIS & People Data Specialist,7.2,0.0,6.2,32.0,5.0,8.0,Operations,L3,"Montreal, QC",3.9,5,Solid,High,Significant Gap
E0103,R008,Talent Management Analytics Specialist,6.2,0.0,5.3,34.0,4.0,9.0,Operations,L3,"Montreal, QC",3.9,5,Solid,High,Significant Gap
E0104,R001,People Analytics Specialist,3.6,0.0,3.0,39.0,5.0,11.0,Engineering,L2,"Ottawa, ON",5.2,3,Solid,Medium,Significant Gap
E0104,R002,Senior People Analytics Analyst,11.1,0.0,9.4,43.0,6.0,10.0,Engineering,L2,"Ottawa, ON",5.2,3,Solid,Medium,Significant Gap
E0104,R003,Talent Intelligence Analyst,17.9,0.0,15.3,31.0,5.0,8.0,Engineering,L2,"Ottawa, ON",5.2,3,Solid,Medium,Significant Gap
E0104,R004,Workforce Planning Analyst,4.2,0.0,3.5,36.0,4.0,9.0,Engineering,L2,"Ottawa, ON",5.2,3,Solid,Medium,Significant Gap
E0104,R005,HR Data Analyst,13.3,0.0,11.3,24.0,4.0,6.0,Engineering,L2,"Ottawa, ON",5.2,3,Solid,Medium,Significant Gap
E0104,R006,People Analytics Manager,5.2,0.0,4.4,49.0,5.0,10.0,Engineering,L2,"Ottawa, ON",5.2,3,Solid,Medium,Significant Gap
E0104,R007,HRIS & People Data Specialist,8.0,0.0,6.8,34.0,5.0,8.0,Engineering,L2,"Ottawa, ON",5.2,3,Solid,Medium,Significant Gap
E0104,R008,Talent Management Analytics Specialist,2.1,0.0,1.8,36.0,4.0,9.0,Engineering,L2,"Ottawa, ON",5.2,3,Solid,Medium,Significant Gap
E0105,R001,People Analytics Specialist,24.7,0.0,21.0,31.0,5.0,7.0,Operations,L3,"Vancouver, BC",4.6,3,Solid,Medium,Significant Gap
E0105,R002,Senior People Analytics Analyst,10.0,0.0,8.5,43.0,6.0,9.0,Operations,L3,"Vancouver, BC",4.6,3,Solid,Medium,Significant Gap
E0105,R003,Talent Intelligence Analyst,2.6,0.0,2.2,38.0,5.0,10.0,Operations,L3,"Vancouver, BC",4.6,3,Solid,Medium,Significant Gap
E0105,R004,Workforce Planning Analyst,27.1,25.0,26.8,28.0,3.0,6.0,Operations,L3,"Vancouver, BC",4.6,3,Solid,Medium,Significant Gap
E0105,R005,HR Data Analyst,31.2,0.0,26.6,20.0,4.0,5.0,Operations,L3,"Vancouver, BC",4.6,3,Solid,Medium,Significant Gap
E0105,R006,People Analytics Manager,11.3,0.0,9.6,46.0,5.0,8.0,Operations,L3,"Vancouver, BC",4.6,3,Solid,Medium,Significant Gap
E0105,R007,HRIS & People Data Specialist,24.6,0.0,20.9,28.0,5.0,5.0,Operations,L3,"Vancouver, BC",4.6,3,Solid,Medium,Significant Gap
E0105,R008,Talent Management Analytics Specialist,2.1,0.0,1.8,36.0,4.0,9.0,Operations,L3,"Vancouver, BC",4.6,3,Solid,Medium,Significant Gap
E0106,R001,People Analytics Specialist,21.4,0.0,18.2,32.0,5.0,8.0,Sales,L4,"Toronto, ON",4.0,3,High,High,Significant Gap
E0106,R002,Senior People Analytics Analyst,18.2,0.0,15.4,39.0,6.0,8.0,Sales,L4,"Toronto, ON",4.0,3,High,High,Significant Gap
E0106,R003,Talent Intelligence Analyst,12.8,0.0,10.9,34.0,5.0,9.0,Sales,L4,"Toronto, ON",4.0,3,High,High,Significant Gap
E0106,R004,Workforce Planning Analyst,25.7,0.0,21.8,27.0,4.0,5.0,Sales,L4,"Toronto, ON",4.0,3,High,High,Significant Gap
E0106,R005,HR Data Analyst,16.7,0.0,14.2,22.0,4.0,6.0,Sales,L4,"Toronto, ON",4.0,3,High,High,Significant Gap
E0106,R006,People Analytics Manager,28.3,0.0,24.0,37.0,5.0,6.0,Sales,L4,"Toronto, ON",4.0,3,High,High,Significant Gap
E0106,R007,HRIS & People Data Specialist,13.0,0.0,11.1,30.0,5.0,7.0,Sales,L4,"Toronto, ON",4.0,3,High,High,Significant Gap
E0106,R008,Talent Management Analytics Specialist,15.3,0.0,13.0,30.0,4.0,7.0,Sales,L4,"Toronto, ON",4.0,3,High,High,Significant Gap
E0107,R001,People Analytics Specialist,18.2,0.0,15.4,33.0,5.0,8.0,Sales,L3,"Vancouver, BC",0.4,3,High,Medium,Significant Gap
E0107,R002,Senior People Analytics Analyst,14.2,0.0,12.0,41.0,6.0,9.0,Sales,L3,"Vancouver, BC",0.4,3,High,Medium,Significant Gap
E0107,R003,Talent Intelligence Analyst,7.7,0.0,6.5,36.0,5.0,10.0,Sales,L3,"Vancouver, BC",0.4,3,High,Medium,Significant Gap
E0107,R004,Workforce Planning Analyst,19.4,0.0,16.5,29.0,4.0,6.0,Sales,L3,"Vancouver, BC",0.4,3,High,Medium,Significant Gap
E0107,R005,HR Data Analyst,15.8,0.0,13.5,24.0,4.0,6.0,Sales,L3,"Vancouver, BC",0.4,3,High,Medium,Significant Gap
E0107,R006,People Analytics Manager,14.1,0.0,12.0,45.0,5.0,9.0,Sales,L3,"Vancouver, BC",0.4,3,High,Medium,Significant Gap
E0107,R007,HRIS & People Data Specialist,13.8,0.0,11.7,31.0,5.0,7.0,Sales,L3,"Vancouver, BC",0.4,3,High,Medium,Significant Gap
E0107,R008,Talent Management Analytics Specialist,6.2,0.0,5.3,34.0,4.0,9.0,Sales,L3,"Vancouver, BC",0.4,3,High,Medium,Significant Gap
E0108,R001,People Analytics Specialist,6.5,0.0,5.6,38.0,5.0,10.0,Legal & Compliance,L1,"Vancouver, BC",0.3,3,Developing,Medium,Significant Gap
E0108,R002,Senior People Analytics Analyst,6.1,0.0,5.2,45.0,6.0,10.0,Legal & Compliance,L1,"Vancouver, BC",0.3,3,Developing,Medium,Significant Gap
E0108,R003,Talent Intelligence Analyst,0.0,0.0,0.0,39.0,5.0,11.0,Legal & Compliance,L1,"Vancouver, BC",0.3,3,Developing,Medium,Significant Gap
E0108,R004,Workforce Planning Analyst,4.2,0.0,3.5,36.0,4.0,8.0,Legal & Compliance,L1,"Vancouver, BC",0.3,3,Developing,Medium,Significant Gap
E0108,R005,HR Data Analyst,18.3,0.0,15.6,23.0,4.0,5.0,Legal & Compliance,L1,"Vancouver, BC",0.3,3,Developing,Medium,Significant Gap
E0108,R006,People Analytics Manager,9.0,0.0,7.6,47.0,5.0,9.0,Legal & Compliance,L1,"Vancouver, BC",0.3,3,Developing,Medium,Significant Gap
E0108,R007,HRIS & People Data Specialist,15.9,0.0,13.6,31.0,5.0,7.0,Legal & Compliance,L1,"Vancouver, BC",0.3,3,Developing,Medium,Significant Gap
E0108,R008,Talent Management Analytics Specialist,2.1,0.0,1.8,36.0,4.0,9.0,Legal & Compliance,L1,"Vancouver, BC",0.3,3,Developing,Medium,Significant Gap
E0109,R001,People Analytics Specialist,8.9,0.0,7.6,37.0,5.0,9.0,Finance,L2,"Calgary, AB",0.5,5,Developing,Medium,Significant Gap
E0109,R002,Senior People Analytics Analyst,8.3,0.0,7.1,44.0,6.0,10.0,Finance,L2,"Calgary, AB",0.5,5,Developing,Medium,Significant Gap
E0109,R003,Talent Intelligence Analyst,0.0,0.0,0.0,39.0,5.0,11.0,Finance,L2,"Calgary, AB",0.5,5,Developing,Medium,Significant Gap
E0109,R004,Workforce Planning Analyst,27.4,25.0,27.1,28.0,3.0,5.0,Finance,L2,"Calgary, AB",0.5,5,Developing,Medium,Significant Gap
E0109,R005,HR Data Analyst,11.2,0.0,9.6,24.0,4.0,6.0,Finance,L2,"Calgary, AB",0.5,5,Developing,Medium,Significant Gap
E0109,R006,People Analytics Manager,4.1,0.0,3.5,50.0,5.0,11.0,Finance,L2,"Calgary, AB",0.5,5,Developing,Medium,Significant Gap
E0109,R007,HRIS & People Data Specialist,3.3,0.0,2.8,36.0,5.0,9.0,Finance,L2,"Calgary, AB",0.5,5,Developing,Medium,Significant Gap
E0109,R008,Talent Management Analytics Specialist,8.3,0.0,7.1,33.0,4.0,9.0,Finance,L2,"Calgary, AB",0.5,5,Developing,Medium,Significant Gap
E0110,R001,People Analytics Specialist,31.0,20.0,29.3,27.0,4.0,7.0,Customer Success,L2,"Vancouver, BC",5.1,3,Solid,High,Significant Gap
E0110,R002,Senior People Analytics Analyst,12.3,0.0,10.5,41.0,6.0,9.0,Customer Success,L2,"Vancouver, BC",5.1,3,Solid,High,Significant Gap
E0110,R003,Talent Intelligence Analyst,13.8,0.0,11.7,34.0,5.0,9.0,Customer Success,L2,"Vancouver, BC",5.1,3,Solid,High,Significant Gap
E0110,R004,Workforce Planning Analyst,24.7,0.0,21.0,28.0,4.0,5.0,Customer Success,L2,"Vancouver, BC",5.1,3,Solid,High,Significant Gap
E0110,R005,HR Data Analyst,28.7,0.0,24.4,20.0,4.0,6.0,Customer Success,L2,"Vancouver, BC",5.1,3,Solid,High,Significant Gap
E0110,R006,People Analytics Manager,14.8,0.0,12.6,44.0,5.0,8.0,Customer Success,L2,"Vancouver, BC",5.1,3,Solid,High,Significant Gap
E0110,R007,HRIS & People Data Specialist,18.5,0.0,15.7,31.0,5.0,8.0,Customer Success,L2,"Vancouver, BC",5.1,3,Solid,High,Significant Gap
E0110,R008,Talent Management Analytics Specialist,0.0,0.0,0.0,37.0,4.0,10.0,Customer Success,L2,"Vancouver, BC",5.1,3,Solid,High,Significant Gap
E0111,R001,People Analytics Specialist,45.8,20.0,42.0,22.0,4.0,4.0,Finance,L5,"Toronto, ON",5.7,3,High,Low,Significant Gap
E0111,R002,Senior People Analytics Analyst,38.0,16.7,34.8,29.0,5.0,6.0,Finance,L5,"Toronto, ON",5.7,3,High,Low,Significant Gap
E0111,R003,Talent Intelligence Analyst,17.9,0.0,15.3,32.0,5.0,8.0,Finance,L5,"Toronto, ON",5.7,3,High,Low,Significant Gap
E0111,R004,Workforce Planning Analyst,67.0,25.0,60.7,12.0,3.0,2.0,Finance,L5,"Toronto, ON",5.7,3,High,Low,Developing
E0111,R005,HR Data Analyst,21.2,0.0,18.1,22.0,4.0,6.0,Finance,L5,"Toronto, ON",5.7,3,High,Low,Significant Gap
E0111,R006,People Analytics Manager,35.2,0.0,29.9,34.0,5.0,7.0,Finance,L5,"Toronto, ON",5.7,3,High,Low,Significant Gap
E0111,R007,HRIS & People Data Specialist,16.3,0.0,13.9,30.0,5.0,7.0,Finance,L5,"Toronto, ON",5.7,3,High,Low,Significant Gap
E0111,R008,Talent Management Analytics Specialist,11.1,0.0,9.4,32.0,4.0,8.0,Finance,L5,"Toronto, ON",5.7,3,High,Low,Significant Gap
E0112,R001,People Analytics Specialist,17.9,0.0,15.2,33.0,5.0,8.0,Finance,L1,"Calgary, AB",6.1,4,High,Low,Significant Gap
E0112,R002,Senior People Analytics Analyst,14.2,0.0,12.0,41.0,6.0,8.0,Finance,L1,"Calgary, AB",6.1,4,High,Low,Significant Gap
E0112,R003,Talent Intelligence Analyst,5.1,0.0,4.4,37.0,5.0,10.0,Finance,L1,"Calgary, AB",6.1,4,High,Low,Significant Gap
E0112,R004,Workforce Planning Analyst,38.5,0.0,32.8,23.0,4.0,3.0,Finance,L1,"Calgary, AB",6.1,4,High,Low,Significant Gap
E0112,R005,HR Data Analyst,14.2,0.0,12.0,24.0,4.0,7.0,Finance,L1,"Calgary, AB",6.1,4,High,Low,Significant Gap
E0112,R006,People Analytics Manager,11.7,0.0,10.0,46.0,5.0,9.0,Finance,L1,"Calgary, AB",6.1,4,High,Low,Significant Gap
E0112,R007,HRIS & People Data Specialist,8.7,0.0,7.4,33.0,5.0,8.0,Finance,L1,"Calgary, AB",6.1,4,High,Low,Significant Gap
E0112,R008,Talent Management Analytics Specialist,4.2,0.0,3.5,35.0,4.0,9.0,Finance,L1,"Calgary, AB",6.1,4,High,Low,Significant Gap
E0113,R001,People Analytics Specialist,20.2,20.0,20.2,34.0,4.0,9.0,Engineering,L2,"Calgary, AB",0.3,4,Solid,High,Significant Gap
E0113,R002,Senior People Analytics Analyst,37.5,16.7,34.4,30.0,5.0,6.0,Engineering,L2,"Calgary, AB",0.3,4,Solid,High,Significant Gap
E0113,R003,Talent Intelligence Analyst,10.3,0.0,8.7,35.0,5.0,9.0,Engineering,L2,"Calgary, AB",0.3,4,Solid,High,Significant Gap
E0113,R004,Workforce Planning Analyst,2.1,0.0,1.8,37.0,4.0,9.0,Engineering,L2,"Calgary, AB",0.3,4,Solid,High,Significant Gap
E0113,R005,HR Data Analyst,30.0,25.0,29.2,20.0,3.0,6.0,Engineering,L2,"Calgary, AB",0.3,4,Solid,High,Significant Gap
E0113,R006,People Analytics Manager,17.6,0.0,14.9,43.0,5.0,8.0,Engineering,L2,"Calgary, AB",0.3,4,Solid,High,Significant Gap
E0113,R007,HRIS & People Data Specialist,35.9,20.0,33.5,24.0,4.0,5.0,Engineering,L2,"Calgary, AB",0.3,4,Solid,High,Significant Gap
E0113,R008,Talent Management Analytics Specialist,8.3,0.0,7.1,33.0,4.0,8.0,Engineering,L2,"Calgary, AB",0.3,4,Solid,High,Significant Gap
E0114,R001,People Analytics Specialist,10.7,0.0,9.1,36.0,5.0,10.0,Operations,L2,"Toronto, ON",7.6,2,Solid,Medium,Significant Gap
E0114,R002,Senior People Analytics Analyst,15.0,16.7,15.2,41.0,5.0,10.0,Operations,L2,"Toronto, ON",7.6,2,Solid,Medium,Significant Gap
E0114,R003,Talent Intelligence Analyst,12.3,0.0,10.5,34.0,5.0,9.0,Operations,L2,"Toronto, ON",7.6,2,Solid,Medium,Significant Gap
E0114,R004,Workforce Planning Analyst,39.4,0.0,33.5,22.0,4.0,4.0,Operations,L2,"Toronto, ON",7.6,2,Solid,Medium,Significant Gap
E0114,R005,HR Data Analyst,5.0,0.0,4.2,27.0,4.0,8.0,Operations,L2,"Toronto, ON",7.6,2,Solid,Medium,Significant Gap
E0114,R006,People Analytics Manager,23.1,0.0,19.6,40.0,5.0,8.0,Operations,L2,"Toronto, ON",7.6,2,Solid,Medium,Significant Gap
E0114,R007,HRIS & People Data Specialist,8.7,0.0,7.4,31.0,5.0,8.0,Operations,L2,"Toronto, ON",7.6,2,Solid,Medium,Significant Gap
E0114,R008,Talent Management Analytics Specialist,8.3,0.0,7.1,33.0,4.0,9.0,Operations,L2,"Toronto, ON",7.6,2,Solid,Medium,Significant Gap
E0115,R001,People Analytics Specialist,47.0,20.0,43.0,22.0,4.0,5.0,Finance,L4,Remote - Canada,4.1,4,High,High,Significant Gap
E0115,R002,Senior People Analytics Analyst,32.5,16.7,30.1,31.0,5.0,7.0,Finance,L4,Remote - Canada,4.1,4,High,High,Significant Gap
E0115,R003,Talent Intelligence Analyst,23.1,0.0,19.6,30.0,5.0,8.0,Finance,L4,Remote - Canada,4.1,4,High,High,Significant Gap
E0115,R004,Workforce Planning Analyst,51.0,0.0,43.4,18.0,4.0,3.0,Finance,L4,Remote - Canada,4.1,4,High,High,Significant Gap
E0115,R005,HR Data Analyst,24.2,0.0,20.5,21.0,4.0,5.0,Finance,L4,Remote - Canada,4.1,4,High,High,Significant Gap
E0115,R006,People Analytics Manager,36.9,20.0,34.4,33.0,4.0,7.0,Finance,L4,Remote - Canada,4.1,4,High,High,Significant Gap
E0115,R007,HRIS & People Data Specialist,19.6,0.0,16.6,29.0,5.0,7.0,Finance,L4,Remote - Canada,4.1,4,High,High,Significant Gap
E0115,R008,Talent Management Analytics Specialist,16.7,0.0,14.2,30.0,4.0,7.0,Finance,L4,Remote - Canada,4.1,4,High,High,Significant Gap
E0116,R001,People Analytics Specialist,17.9,0.0,15.2,35.0,5.0,9.0,Human Resources,L2,Remote - Canada,4.1,3,Solid,High,Significant Gap
E0116,R002,Senior People Analytics Analyst,11.7,0.0,9.9,42.0,6.0,9.0,Human Resources,L2,Remote - Canada,4.1,3,Solid,High,Significant Gap
E0116,R003,Talent Intelligence Analyst,13.5,0.0,11.4,34.0,5.0,9.0,Human Resources,L2,Remote - Canada,4.1,3,Solid,High,Significant Gap
E0116,R004,Workforce Planning Analyst,19.0,0.0,16.2,30.0,4.0,7.0,Human Resources,L2,Remote - Canada,4.1,3,Solid,High,Significant Gap
E0116,R005,HR Data Analyst,31.7,25.0,30.7,20.0,3.0,5.0,Human Resources,L2,Remote - Canada,4.1,3,Solid,High,Significant Gap
E0116,R006,People Analytics Manager,26.3,0.0,22.4,38.0,5.0,6.0,Human Resources,L2,Remote - Canada,4.1,3,Solid,High,Significant Gap
E0116,R007,HRIS & People Data Specialist,22.8,0.0,19.3,28.0,5.0,6.0,Human Resources,L2,Remote - Canada,4.1,3,Solid,High,Significant Gap
E0116,R008,Talent Management Analytics Specialist,29.9,0.0,25.4,26.0,4.0,5.0,Human Resources,L2,Remote - Canada,4.1,3,Solid,High,Significant Gap
E0117,R001,People Analytics Specialist,11.3,0.0,9.6,36.0,5.0,9.0,Sales,L2,"Calgary, AB",1.9,3,Solid,Medium,Significant Gap
E0117,R002,Senior People Analytics Analyst,7.5,0.0,6.4,44.0,6.0,9.0,Sales,L2,"Calgary, AB",1.9,3,Solid,Medium,Significant Gap
E0117,R003,Talent Intelligence Analyst,2.6,0.0,2.2,38.0,5.0,10.0,Sales,L2,"Calgary, AB",1.9,3,Solid,Medium,Significant Gap
E0117,R004,Workforce Planning Analyst,13.9,0.0,11.8,32.0,4.0,6.0,Sales,L2,"Calgary, AB",1.9,3,Solid,Medium,Significant Gap
E0117,R005,HR Data Analyst,11.7,0.0,9.9,25.0,4.0,7.0,Sales,L2,"Calgary, AB",1.9,3,Solid,Medium,Significant Gap
E0117,R006,People Analytics Manager,9.3,0.0,7.9,47.0,5.0,8.0,Sales,L2,"Calgary, AB",1.9,3,Solid,Medium,Significant Gap
E0117,R007,HRIS & People Data Specialist,8.7,0.0,7.4,33.0,5.0,7.0,Sales,L2,"Calgary, AB",1.9,3,Solid,Medium,Significant Gap
E0117,R008,Talent Management Analytics Specialist,2.1,0.0,1.8,36.0,4.0,9.0,Sales,L2,"Calgary, AB",1.9,3,Solid,Medium,Significant Gap
E0118,R001,People Analytics Specialist,15.2,0.0,12.9,35.0,5.0,9.0,Sales,L3,"Montreal, QC",6.8,3,Solid,Low,Significant Gap
E0118,R002,Senior People Analytics Analyst,10.7,0.0,9.1,42.0,6.0,8.0,Sales,L3,"Montreal, QC",6.8,3,Solid,Low,Significant Gap
E0118,R003,Talent Intelligence Analyst,5.1,0.0,4.4,37.0,5.0,10.0,Sales,L3,"Montreal, QC",6.8,3,Solid,Low,Significant Gap
E0118,R004,Workforce Planning Analyst,12.5,0.0,10.6,33.0,4.0,7.0,Sales,L3,"Montreal, QC",6.8,3,Solid,Low,Significant Gap
E0118,R005,HR Data Analyst,17.9,0.0,15.2,23.0,4.0,6.0,Sales,L3,"Montreal, QC",6.8,3,Solid,Low,Significant Gap
E0118,R006,People Analytics Manager,10.0,0.0,8.5,47.0,5.0,9.0,Sales,L3,"Montreal, QC",6.8,3,Solid,Low,Significant Gap
E0118,R007,HRIS & People Data Specialist,15.6,0.0,13.2,32.0,5.0,7.0,Sales,L3,"Montreal, QC",6.8,3,Solid,Low,Significant Gap
E0118,R008,Talent Management Analytics Specialist,9.7,0.0,8.3,33.0,4.0,8.0,Sales,L3,"Montreal, QC",6.8,3,Solid,Low,Significant Gap
E0119,R001,People Analytics Specialist,24.7,0.0,21.0,31.0,5.0,8.0,Operations,L3,"Toronto, ON",0.8,2,Solid,High,Significant Gap
E0119,R002,Senior People Analytics Analyst,15.0,0.0,12.8,40.0,6.0,8.0,Operations,L3,"Toronto, ON",0.8,2,Solid,High,Significant Gap
E0119,R003,Talent Intelligence Analyst,5.1,0.0,4.4,37.0,5.0,10.0,Operations,L3,"Toronto, ON",0.8,2,Solid,High,Significant Gap
E0119,R004,Workforce Planning Analyst,20.8,0.0,17.7,30.0,4.0,5.0,Operations,L3,"Toronto, ON",0.8,2,Solid,High,Significant Gap
E0119,R005,HR Data Analyst,21.2,0.0,18.1,23.0,4.0,7.0,Operations,L3,"Toronto, ON",0.8,2,Solid,High,Significant Gap
E0119,R006,People Analytics Manager,13.1,0.0,11.1,45.0,5.0,8.0,Operations,L3,"Toronto, ON",0.8,2,Solid,High,Significant Gap
E0119,R007,HRIS & People Data Specialist,22.8,0.0,19.4,28.0,5.0,6.0,Operations,L3,"Toronto, ON",0.8,2,Solid,High,Significant Gap
E0119,R008,Talent Management Analytics Specialist,4.2,0.0,3.5,35.0,4.0,9.0,Operations,L3,"Toronto, ON",0.8,2,Solid,High,Significant Gap
E0120,R001,People Analytics Specialist,19.9,0.0,16.9,33.0,5.0,8.0,Operations,L2,"Ottawa, ON",6.0,4,Solid,High,Significant Gap
E0120,R002,Senior People Analytics Analyst,14.3,0.0,12.2,41.0,6.0,9.0,Operations,L2,"Ottawa, ON",6.0,4,Solid,High,Significant Gap
E0120,R003,Talent Intelligence Analyst,9.7,0.0,8.3,35.0,5.0,9.0,Operations,L2,"Ottawa, ON",6.0,4,Solid,High,Significant Gap
E0120,R004,Workforce Planning Analyst,24.3,0.0,20.7,29.0,4.0,5.0,Operations,L2,"Ottawa, ON",6.0,4,Solid,High,Significant Gap
E0120,R005,HR Data Analyst,14.2,0.0,12.0,24.0,4.0,6.0,Operations,L2,"Ottawa, ON",6.0,4,Solid,High,Significant Gap
E0120,R006,People Analytics Manager,19.0,0.0,16.1,42.0,5.0,8.0,Operations,L2,"Ottawa, ON",6.0,4,Solid,High,Significant Gap
E0120,R007,HRIS & People Data Specialist,21.7,0.0,18.5,27.0,5.0,6.0,Operations,L2,"Ottawa, ON",6.0,4,Solid,High,Significant Gap
E0120,R008,Talent Management Analytics Specialist,12.5,0.0,10.6,32.0,4.0,8.0,Operations,L2,"Ottawa, ON",6.0,4,Solid,High,Significant Gap
E0121,R001,People Analytics Specialist,24.7,0.0,21.0,31.0,5.0,6.0,Marketing,L1,"Toronto, ON",3.1,4,Solid,High,Significant Gap
E0121,R002,Senior People Analytics Analyst,21.8,0.0,18.5,38.0,6.0,7.0,Marketing,L1,"Toronto, ON",3.1,4,Solid,High,Significant Gap
E0121,R003,Talent Intelligence Analyst,16.7,0.0,14.2,32.0,5.0,6.0,Marketing,L1,"Toronto, ON",3.1,4,Solid,High,Significant Gap
E0121,R004,Workforce Planning Analyst,16.0,0.0,13.6,32.0,4.0,7.0,Marketing,L1,"Toronto, ON",3.1,4,Solid,High,Significant Gap
E0121,R005,HR Data Analyst,5.4,0.0,4.6,27.0,4.0,7.0,Marketing,L1,"Toronto, ON",3.1,4,Solid,High,Significant Gap
E0121,R006,People Analytics Manager,6.2,0.0,5.3,49.0,5.0,10.0,Marketing,L1,"Toronto, ON",3.1,4,Solid,High,Significant Gap
E0121,R007,HRIS & People Data Specialist,4.7,0.0,4.0,35.0,5.0,8.0,Marketing,L1,"Toronto, ON",3.1,4,Solid,High,Significant Gap
E0121,R008,Talent Management Analytics Specialist,6.9,0.0,5.9,34.0,4.0,7.0,Marketing,L1,"Toronto, ON",3.1,4,Solid,High,Significant Gap
E0122,R001,People Analytics Specialist,17.9,0.0,15.2,33.0,5.0,9.0,Sales,L2,"Vancouver, BC",6.7,5,Solid,Medium,Significant Gap
E0122,R002,Senior People Analytics Analyst,13.2,0.0,11.2,42.0,6.0,9.0,Sales,L2,"Vancouver, BC",6.7,5,Solid,Medium,Significant Gap
E0122,R003,Talent Intelligence Analyst,12.8,0.0,10.9,34.0,5.0,9.0,Sales,L2,"Vancouver, BC",6.7,5,Solid,Medium,Significant Gap
E0122,R004,Workforce Planning Analyst,20.1,0.0,17.1,29.0,4.0,6.0,Sales,L2,"Vancouver, BC",6.7,5,Solid,Medium,Significant Gap
E0122,R005,HR Data Analyst,10.8,0.0,9.2,24.0,4.0,7.0,Sales,L2,"Vancouver, BC",6.7,5,Solid,Medium,Significant Gap
E0122,R006,People Analytics Manager,14.1,0.0,12.0,45.0,5.0,8.0,Sales,L2,"Vancouver, BC",6.7,5,Solid,Medium,Significant Gap
E0122,R007,HRIS & People Data Specialist,5.8,0.0,4.9,33.0,5.0,8.0,Sales,L2,"Vancouver, BC",6.7,5,Solid,Medium,Significant Gap
E0122,R008,Talent Management Analytics Specialist,18.8,0.0,15.9,29.0,4.0,7.0,Sales,L2,"Vancouver, BC",6.7,5,Solid,Medium,Significant Gap
E0123,R001,People Analytics Specialist,31.5,20.0,29.8,29.0,4.0,7.0,Operations,L4,"Montreal, QC",1.1,3,Solid,High,Significant Gap
E0123,R002,Senior People Analytics Analyst,28.8,0.0,24.5,34.0,6.0,7.0,Operations,L4,"Montreal, QC",1.1,3,Solid,High,Significant Gap
E0123,R003,Talent Intelligence Analyst,23.5,0.0,19.9,30.0,5.0,7.0,Operations,L4,"Montreal, QC",1.1,3,Solid,High,Significant Gap
E0123,R004,Workforce Planning Analyst,40.6,0.0,34.5,22.0,4.0,4.0,Operations,L4,"Montreal, QC",1.1,3,Solid,High,Significant Gap
E0123,R005,HR Data Analyst,21.7,0.0,18.4,23.0,4.0,5.0,Operations,L4,"Montreal, QC",1.1,3,Solid,High,Significant Gap
E0123,R006,People Analytics Manager,36.0,0.0,30.6,34.0,5.0,6.0,Operations,L4,"Montreal, QC",1.1,3,Solid,High,Significant Gap
E0123,R007,HRIS & People Data Specialist,23.2,0.0,19.7,27.0,5.0,5.0,Operations,L4,"Montreal, QC",1.1,3,Solid,High,Significant Gap
E0123,R008,Talent Management Analytics Specialist,8.3,0.0,7.1,33.0,4.0,8.0,Operations,L4,"Montreal, QC",1.1,3,Solid,High,Significant Gap
E0124,R001,People Analytics Specialist,23.2,0.0,19.7,31.0,5.0,8.0,Sales,L4,"Vancouver, BC",8.4,3,Developing,Low,Significant Gap
E0124,R002,Senior People Analytics Analyst,21.8,0.0,18.6,37.0,6.0,8.0,Sales,L4,"Vancouver, BC",8.4,3,Developing,Low,Significant Gap
E0124,R003,Talent Intelligence Analyst,15.4,0.0,13.1,33.0,5.0,9.0,Sales,L4,"Vancouver, BC",8.4,3,Developing,Low,Significant Gap
E0124,R004,Workforce Planning Analyst,31.9,0.0,27.2,24.0,4.0,5.0,Sales,L4,"Vancouver, BC",8.4,3,Developing,Low,Significant Gap
E0124,R005,HR Data Analyst,10.8,0.0,9.2,25.0,4.0,7.0,Sales,L4,"Vancouver, BC",8.4,3,Developing,Low,Significant Gap
E0124,R006,People Analytics Manager,29.3,0.0,24.9,37.0,5.0,6.0,Sales,L4,"Vancouver, BC",8.4,3,Developing,Low,Significant Gap
E0124,R007,HRIS & People Data Specialist,10.1,0.0,8.6,31.0,5.0,7.0,Sales,L4,"Vancouver, BC",8.4,3,Developing,Low,Significant Gap
E0124,R008,Talent Management Analytics Specialist,14.6,0.0,12.4,31.0,4.0,8.0,Sales,L4,"Vancouver, BC",8.4,3,Developing,Low,Significant Gap
E0125,R001,People Analytics Specialist,23.5,0.0,20.0,31.0,5.0,8.0,Sales,L4,"Montreal, QC",1.5,3,Solid,Medium,Significant Gap
E0125,R002,Senior People Analytics Analyst,26.0,16.7,24.6,35.0,5.0,8.0,Sales,L4,"Montreal, QC",1.5,3,Solid,Medium,Significant Gap
E0125,R003,Talent Intelligence Analyst,15.4,0.0,13.1,33.0,5.0,9.0,Sales,L4,"Montreal, QC",1.5,3,Solid,Medium,Significant Gap
E0125,R004,Workforce Planning Analyst,29.2,0.0,24.8,25.0,4.0,6.0,Sales,L4,"Montreal, QC",1.5,3,Solid,Medium,Significant Gap
E0125,R005,HR Data Analyst,8.3,0.0,7.1,25.0,4.0,7.0,Sales,L4,"Montreal, QC",1.5,3,Solid,Medium,Significant Gap
E0125,R006,People Analytics Manager,29.7,0.0,25.2,37.0,5.0,8.0,Sales,L4,"Montreal, QC",1.5,3,Solid,Medium,Significant Gap
E0125,R007,HRIS & People Data Specialist,4.3,0.0,3.7,34.0,5.0,9.0,Sales,L4,"Montreal, QC",1.5,3,Solid,Medium,Significant Gap
E0125,R008,Talent Management Analytics Specialist,18.1,0.0,15.3,29.0,4.0,7.0,Sales,L4,"Montreal, QC",1.5,3,Solid,Medium,Significant Gap
E0126,R001,People Analytics Specialist,24.4,20.0,23.7,31.0,4.0,8.0,Legal & Compliance,L4,Remote - Canada,5.4,3,High,High,Significant Gap
E0126,R002,Senior People Analytics Analyst,25.2,16.7,23.9,36.0,5.0,8.0,Legal & Compliance,L4,Remote - Canada,5.4,3,High,High,Significant Gap
E0126,R003,Talent Intelligence Analyst,15.4,0.0,13.1,33.0,5.0,9.0,Legal & Compliance,L4,Remote - Canada,5.4,3,High,High,Significant Gap
E0126,R004,Workforce Planning Analyst,25.0,0.0,21.2,27.0,4.0,6.0,Legal & Compliance,L4,Remote - Canada,5.4,3,High,High,Significant Gap
E0126,R005,HR Data Analyst,16.7,0.0,14.2,23.0,4.0,5.0,Legal & Compliance,L4,Remote - Canada,5.4,3,High,High,Significant Gap
E0126,R006,People Analytics Manager,31.4,0.0,26.7,36.0,5.0,7.0,Legal & Compliance,L4,Remote - Canada,5.4,3,High,High,Significant Gap
E0126,R007,HRIS & People Data Specialist,14.1,0.0,12.0,31.0,5.0,7.0,Legal & Compliance,L4,Remote - Canada,5.4,3,High,High,Significant Gap
E0126,R008,Talent Management Analytics Specialist,12.5,0.0,10.6,31.0,4.0,8.0,Legal & Compliance,L4,Remote - Canada,5.4,3,High,High,Significant Gap
E0127,R001,People Analytics Specialist,27.7,0.0,23.5,28.0,5.0,7.0,Customer Success,L6,"Vancouver, BC",2.4,3,Solid,Medium,Significant Gap
E0127,R002,Senior People Analytics Analyst,22.7,16.7,21.8,37.0,5.0,9.0,Customer Success,L6,"Vancouver, BC",2.4,3,Solid,Medium,Significant Gap
E0127,R003,Talent Intelligence Analyst,15.4,0.0,13.1,33.0,5.0,9.0,Customer Success,L6,"Vancouver, BC",2.4,3,Solid,Medium,Significant Gap
E0127,R004,Workforce Planning Analyst,31.2,0.0,26.6,24.0,4.0,6.0,Customer Success,L6,"Vancouver, BC",2.4,3,Solid,Medium,Significant Gap
E0127,R005,HR Data Analyst,16.7,0.0,14.2,23.0,4.0,6.0,Customer Success,L6,"Vancouver, BC",2.4,3,Solid,Medium,Significant Gap
E0127,R006,People Analytics Manager,31.7,20.0,30.0,36.0,4.0,8.0,Customer Success,L6,"Vancouver, BC",2.4,3,Solid,Medium,Significant Gap
E0127,R007,HRIS & People Data Specialist,10.9,0.0,9.2,32.0,5.0,8.0,Customer Success,L6,"Vancouver, BC",2.4,3,Solid,Medium,Significant Gap
E0127,R008,Talent Management Analytics Specialist,10.4,0.0,8.9,32.0,4.0,8.0,Customer Success,L6,"Vancouver, BC",2.4,3,Solid,Medium,Significant Gap
E0128,R001,People Analytics Specialist,25.9,0.0,22.0,31.0,5.0,7.0,Human Resources,L2,"Vancouver, BC",4.1,4,Solid,Medium,Significant Gap
E0128,R002,Senior People Analytics Analyst,23.2,0.0,19.7,37.0,6.0,5.0,Human Resources,L2,"Vancouver, BC",4.1,4,Solid,Medium,Significant Gap
E0128,R003,Talent Intelligence Analyst,24.0,0.0,20.4,30.0,5.0,7.0,Human Resources,L2,"Vancouver, BC",4.1,4,Solid,Medium,Significant Gap
E0128,R004,Workforce Planning Analyst,22.4,0.0,19.0,29.0,4.0,5.0,Human Resources,L2,"Vancouver, BC",4.1,4,Solid,Medium,Significant Gap
E0128,R005,HR Data Analyst,46.2,50.0,46.8,18.0,2.0,5.0,Human Resources,L2,"Vancouver, BC",4.1,4,Solid,Medium,Significant Gap
E0128,R006,People Analytics Manager,23.3,0.0,19.8,40.0,5.0,6.0,Human Resources,L2,"Vancouver, BC",4.1,4,Solid,Medium,Significant Gap
E0128,R007,HRIS & People Data Specialist,45.2,20.0,41.4,20.0,4.0,4.0,Human Resources,L2,"Vancouver, BC",4.1,4,Solid,Medium,Significant Gap
E0128,R008,Talent Management Analytics Specialist,13.5,0.0,11.5,32.0,4.0,8.0,Human Resources,L2,"Vancouver, BC",4.1,4,Solid,Medium,Significant Gap
E0129,R001,People Analytics Specialist,29.5,20.0,28.0,28.0,4.0,7.0,Customer Success,L4,"Calgary, AB",4.9,3,High,Low,Significant Gap
E0129,R002,Senior People Analytics Analyst,26.7,16.7,25.2,34.0,5.0,8.0,Customer Success,L4,"Calgary, AB",4.9,3,High,Low,Significant Gap
E0129,R003,Talent Intelligence Analyst,12.8,0.0,10.9,34.0,5.0,9.0,Customer Success,L4,"Calgary, AB",4.9,3,High,Low,Significant Gap
E0129,R004,Workforce Planning Analyst,33.3,0.0,28.3,24.0,4.0,5.0,Customer Success,L4,"Calgary, AB",4.9,3,High,Low,Significant Gap
E0129,R005,HR Data Analyst,16.7,0.0,14.2,23.0,4.0,6.0,Customer Success,L4,"Calgary, AB",4.9,3,High,Low,Significant Gap
E0129,R006,People Analytics Manager,29.7,20.0,28.2,37.0,4.0,7.0,Customer Success,L4,"Calgary, AB",4.9,3,High,Low,Significant Gap
E0129,R007,HRIS & People Data Specialist,11.6,0.0,9.9,32.0,5.0,8.0,Customer Success,L4,"Calgary, AB",4.9,3,High,Low,Significant Gap
E0129,R008,Talent Management Analytics Specialist,6.2,0.0,5.3,34.0,4.0,8.0,Customer Success,L4,"Calgary, AB",4.9,3,High,Low,Significant Gap
E0130,R001,People Analytics Specialist,17.3,20.0,17.7,35.0,4.0,9.0,Engineering,L3,"Montreal, QC",0.6,4,Developing,Low,Significant Gap
E0130,R002,Senior People Analytics Analyst,26.7,16.7,25.2,36.0,5.0,8.0,Engineering,L3,"Montreal, QC",0.6,4,Developing,Low,Significant Gap
E0130,R003,Talent Intelligence Analyst,24.4,0.0,20.7,28.0,5.0,7.0,Engineering,L3,"Montreal, QC",0.6,4,Developing,Low,Significant Gap
E0130,R004,Workforce Planning Analyst,6.2,0.0,5.3,35.0,4.0,8.0,Engineering,L3,"Montreal, QC",0.6,4,Developing,Low,Significant Gap
E0130,R005,HR Data Analyst,17.5,25.0,18.6,25.0,3.0,7.0,Engineering,L3,"Montreal, QC",0.6,4,Developing,Low,Significant Gap
E0130,R006,People Analytics Manager,12.8,0.0,10.8,46.0,5.0,9.0,Engineering,L3,"Montreal, QC",0.6,4,Developing,Low,Significant Gap
E0130,R007,HRIS & People Data Specialist,26.1,20.0,25.2,27.0,4.0,6.0,Engineering,L3,"Montreal, QC",0.6,4,Developing,Low,Significant Gap
E0130,R008,Talent Management Analytics Specialist,4.2,0.0,3.5,35.0,4.0,9.0,Engineering,L3,"Montreal, QC",0.6,4,Developing,Low,Significant Gap
E0131,R001,People Analytics Specialist,13.1,20.0,14.1,37.0,4.0,10.0,Engineering,L2,"Toronto, ON",4.8,4,Solid,Low,Significant Gap
E0131,R002,Senior People Analytics Analyst,21.4,0.0,18.2,38.0,6.0,8.0,Engineering,L2,"Toronto, ON",4.8,4,Solid,Low,Significant Gap
E0131,R003,Talent Intelligence Analyst,7.7,0.0,6.5,36.0,5.0,10.0,Engineering,L2,"Toronto, ON",4.8,4,Solid,Low,Significant Gap
E0131,R004,Workforce Planning Analyst,0.0,0.0,0.0,38.0,4.0,10.0,Engineering,L2,"Toronto, ON",4.8,4,Solid,Low,Significant Gap
E0131,R005,HR Data Analyst,25.4,25.0,25.4,22.0,3.0,5.0,Engineering,L2,"Toronto, ON",4.8,4,Solid,Low,Significant Gap
E0131,R006,People Analytics Manager,10.3,0.0,8.8,47.0,5.0,9.0,Engineering,L2,"Toronto, ON",4.8,4,Solid,Low,Significant Gap
E0131,R007,HRIS & People Data Specialist,26.4,0.0,22.5,28.0,5.0,5.0,Engineering,L2,"Toronto, ON",4.8,4,Solid,Low,Significant Gap
E0131,R008,Talent Management Analytics Specialist,4.2,0.0,3.5,35.0,4.0,9.0,Engineering,L2,"Toronto, ON",4.8,4,Solid,Low,Significant Gap
E0132,R001,People Analytics Specialist,4.5,0.0,3.8,39.0,5.0,10.0,Operations,L3,"Toronto, ON",6.3,5,Developing,Medium,Significant Gap
E0132,R002,Senior People Analytics Analyst,1.7,0.0,1.4,47.0,6.0,11.0,Operations,L3,"Toronto, ON",6.3,5,Developing,Medium,Significant Gap
E0132,R003,Talent Intelligence Analyst,0.0,0.0,0.0,39.0,5.0,11.0,Operations,L3,"Toronto, ON",6.3,5,Developing,Medium,Significant Gap
E0132,R004,Workforce Planning Analyst,11.1,0.0,9.4,34.0,4.0,7.0,Operations,L3,"Toronto, ON",6.3,5,Developing,Medium,Significant Gap
E0132,R005,HR Data Analyst,10.8,0.0,9.2,24.0,4.0,6.0,Operations,L3,"Toronto, ON",6.3,5,Developing,Medium,Significant Gap
E0132,R006,People Analytics Manager,5.2,0.0,4.4,49.0,5.0,10.0,Operations,L3,"Toronto, ON",6.3,5,Developing,Medium,Significant Gap
E0132,R007,HRIS & People Data Specialist,5.8,0.0,4.9,34.0,5.0,8.0,Operations,L3,"Toronto, ON",6.3,5,Developing,Medium,Significant Gap
E0132,R008,Talent Management Analytics Specialist,6.2,0.0,5.3,34.0,4.0,9.0,Operations,L3,"Toronto, ON",6.3,5,Developing,Medium,Significant Gap
E0133,R001,People Analytics Specialist,33.9,40.0,34.8,29.0,3.0,7.0,Engineering,L4,"Toronto, ON",0.3,3,Solid,Medium,Significant Gap
E0133,R002,Senior People Analytics Analyst,33.7,0.0,28.6,32.0,6.0,6.0,Engineering,L4,"Toronto, ON",0.3,3,Solid,Medium,Significant Gap
E0133,R003,Talent Intelligence Analyst,30.4,0.0,25.9,26.0,5.0,6.0,Engineering,L4,"Toronto, ON",0.3,3,Solid,Medium,Significant Gap
E0133,R004,Workforce Planning Analyst,16.7,0.0,14.2,31.0,4.0,7.0,Engineering,L4,"Toronto, ON",0.3,3,Solid,Medium,Significant Gap
E0133,R005,HR Data Analyst,42.5,25.0,39.9,16.0,3.0,4.0,Engineering,L4,"Toronto, ON",0.3,3,Solid,Medium,Significant Gap
E0133,R006,People Analytics Manager,41.4,0.0,35.2,31.0,5.0,4.0,Engineering,L4,"Toronto, ON",0.3,3,Solid,Medium,Significant Gap
E0133,R007,HRIS & People Data Specialist,34.8,0.0,29.6,25.0,5.0,4.0,Engineering,L4,"Toronto, ON",0.3,3,Solid,Medium,Significant Gap
E0133,R008,Talent Management Analytics Specialist,23.3,0.0,19.8,28.0,4.0,6.0,Engineering,L4,"Toronto, ON",0.3,3,Solid,Medium,Significant Gap
E0134,R001,People Analytics Specialist,9.8,0.0,8.3,35.0,5.0,9.0,Customer Success,L3,"Toronto, ON",0.3,4,Developing,Medium,Significant Gap
E0134,R002,Senior People Analytics Analyst,3.3,0.0,2.8,46.0,6.0,10.0,Customer Success,L3,"Toronto, ON",0.3,4,Developing,Medium,Significant Gap
E0134,R003,Talent Intelligence Analyst,0.0,0.0,0.0,39.0,5.0,11.0,Customer Success,L3,"Toronto, ON",0.3,4,Developing,Medium,Significant Gap
E0134,R004,Workforce Planning Analyst,9.0,0.0,7.7,34.0,4.0,7.0,Customer Success,L3,"Toronto, ON",0.3,4,Developing,Medium,Significant Gap
E0134,R005,HR Data Analyst,13.3,0.0,11.3,23.0,4.0,6.0,Customer Success,L3,"Toronto, ON",0.3,4,Developing,Medium,Significant Gap
E0134,R006,People Analytics Manager,9.0,0.0,7.6,47.0,5.0,9.0,Customer Success,L3,"Toronto, ON",0.3,4,Developing,Medium,Significant Gap
E0134,R007,HRIS & People Data Specialist,7.2,0.0,6.2,33.0,5.0,8.0,Customer Success,L3,"Toronto, ON",0.3,4,Developing,Medium,Significant Gap
E0134,R008,Talent Management Analytics Specialist,8.3,0.0,7.1,33.0,4.0,9.0,Customer Success,L3,"Toronto, ON",0.3,4,Developing,Medium,Significant Gap
E0135,R001,People Analytics Specialist,28.0,0.0,23.8,30.0,5.0,7.0,Marketing,L6,"Calgary, AB",3.0,4,Solid,High,Significant Gap
E0135,R002,Senior People Analytics Analyst,33.3,16.7,30.8,32.0,5.0,6.0,Marketing,L6,"Calgary, AB",3.0,4,Solid,High,Significant Gap
E0135,R003,Talent Intelligence Analyst,26.6,0.0,22.6,28.0,5.0,7.0,Marketing,L6,"Calgary, AB",3.0,4,Solid,High,Significant Gap
E0135,R004,Workforce Planning Analyst,33.3,0.0,28.3,24.0,4.0,5.0,Marketing,L6,"Calgary, AB",3.0,4,Solid,High,Significant Gap
E0135,R005,HR Data Analyst,11.7,0.0,9.9,24.0,4.0,6.0,Marketing,L6,"Calgary, AB",3.0,4,Solid,High,Significant Gap
E0135,R006,People Analytics Manager,33.8,0.0,28.7,35.0,5.0,6.0,Marketing,L6,"Calgary, AB",3.0,4,Solid,High,Significant Gap
E0135,R007,HRIS & People Data Specialist,13.0,0.0,11.1,31.0,5.0,7.0,Marketing,L6,"Calgary, AB",3.0,4,Solid,High,Significant Gap
E0135,R008,Talent Management Analytics Specialist,27.4,0.0,23.3,26.0,4.0,6.0,Marketing,L6,"Calgary, AB",3.0,4,Solid,High,Significant Gap
E0136,R001,People Analytics Specialist,14.3,0.0,12.1,35.0,5.0,9.0,Sales,L1,Remote - Canada,8.1,4,Developing,High,Significant Gap
E0136,R002,Senior People Analytics Analyst,14.0,16.7,14.4,42.0,5.0,10.0,Sales,L1,Remote - Canada,8.1,4,Developing,High,Significant Gap
E0136,R003,Talent Intelligence Analyst,12.8,0.0,10.9,34.0,5.0,9.0,Sales,L1,Remote - Canada,8.1,4,Developing,High,Significant Gap
E0136,R004,Workforce Planning Analyst,16.0,0.0,13.6,31.0,4.0,7.0,Sales,L1,Remote - Canada,8.1,4,Developing,High,Significant Gap
E0136,R005,HR Data Analyst,7.5,0.0,6.4,25.0,4.0,7.0,Sales,L1,Remote - Canada,8.1,4,Developing,High,Significant Gap
E0136,R006,People Analytics Manager,15.9,0.0,13.5,44.0,5.0,9.0,Sales,L1,Remote - Canada,8.1,4,Developing,High,Significant Gap
E0136,R007,HRIS & People Data Specialist,7.2,0.0,6.2,32.0,5.0,8.0,Sales,L1,Remote - Canada,8.1,4,Developing,High,Significant Gap
E0136,R008,Talent Management Analytics Specialist,20.1,0.0,17.1,28.0,4.0,7.0,Sales,L1,Remote - Canada,8.1,4,Developing,High,Significant Gap
E0137,R001,People Analytics Specialist,42.3,20.0,38.9,25.0,4.0,6.0,Engineering,L5,"Montreal, QC",0.3,3,Developing,High,Significant Gap
E0137,R002,Senior People Analytics Analyst,52.8,16.7,47.4,23.0,5.0,4.0,Engineering,L5,"Montreal, QC",0.3,3,Developing,High,Significant Gap
E0137,R003,Talent Intelligence Analyst,27.9,0.0,23.7,27.0,5.0,7.0,Engineering,L5,"Montreal, QC",0.3,3,Developing,High,Significant Gap
E0137,R004,Workforce Planning Analyst,33.3,0.0,28.3,24.0,4.0,6.0,Engineering,L5,"Montreal, QC",0.3,3,Developing,High,Significant Gap
E0137,R005,HR Data Analyst,32.5,0.0,27.6,20.0,4.0,5.0,Engineering,L5,"Montreal, QC",0.3,3,Developing,High,Significant Gap
E0137,R006,People Analytics Manager,50.8,0.0,43.2,26.0,5.0,4.0,Engineering,L5,"Montreal, QC",0.3,3,Developing,High,Significant Gap
E0137,R007,HRIS & People Data Specialist,46.0,0.0,39.1,19.0,5.0,3.0,Engineering,L5,"Montreal, QC",0.3,3,Developing,High,Significant Gap
E0137,R008,Talent Management Analytics Specialist,23.3,0.0,19.8,28.0,4.0,7.0,Engineering,L5,"Montreal, QC",0.3,3,Developing,High,Significant Gap
E0138,R001,People Analytics Specialist,31.2,20.0,29.6,29.0,4.0,7.0,Sales,L6,Remote - Canada,3.1,4,Solid,Medium,Significant Gap
E0138,R002,Senior People Analytics Analyst,29.2,16.7,27.3,34.0,5.0,7.0,Sales,L6,Remote - Canada,3.1,4,Solid,Medium,Significant Gap
E0138,R003,Talent Intelligence Analyst,15.4,0.0,13.1,33.0,5.0,9.0,Sales,L6,Remote - Canada,3.1,4,Solid,Medium,Significant Gap
E0138,R004,Workforce Planning Analyst,27.8,0.0,23.6,26.0,4.0,5.0,Sales,L6,Remote - Canada,3.1,4,Solid,Medium,Significant Gap
E0138,R005,HR Data Analyst,21.7,0.0,18.4,22.0,4.0,5.0,Sales,L6,Remote - Canada,3.1,4,Solid,Medium,Significant Gap
E0138,R006,People Analytics Manager,39.4,20.0,36.5,32.0,4.0,5.0,Sales,L6,Remote - Canada,3.1,4,Solid,Medium,Significant Gap
E0138,R007,HRIS & People Data Specialist,16.7,0.0,14.2,29.0,5.0,6.0,Sales,L6,Remote - Canada,3.1,4,Solid,Medium,Significant Gap
E0138,R008,Talent Management Analytics Specialist,16.0,0.0,13.6,30.0,4.0,7.0,Sales,L6,Remote - Canada,3.1,4,Solid,Medium,Significant Gap
E0139,R001,People Analytics Specialist,20.2,0.0,17.2,32.0,5.0,7.0,Finance,L2,"Ottawa, ON",2.9,3,Developing,Low,Significant Gap
E0139,R002,Senior People Analytics Analyst,11.7,0.0,9.9,43.0,6.0,9.0,Finance,L2,"Ottawa, ON",2.9,3,Developing,Low,Significant Gap
E0139,R003,Talent Intelligence Analyst,7.7,0.0,6.5,36.0,5.0,9.0,Finance,L2,"Ottawa, ON",2.9,3,Developing,Low,Significant Gap
E0139,R004,Workforce Planning Analyst,25.0,0.0,21.2,28.0,4.0,5.0,Finance,L2,"Ottawa, ON",2.9,3,Developing,Low,Significant Gap
E0139,R005,HR Data Analyst,12.5,0.0,10.6,24.0,4.0,6.0,Finance,L2,"Ottawa, ON",2.9,3,Developing,Low,Significant Gap
E0139,R006,People Analytics Manager,5.9,0.0,5.0,49.0,5.0,10.0,Finance,L2,"Ottawa, ON",2.9,3,Developing,Low,Significant Gap
E0139,R007,HRIS & People Data Specialist,5.8,0.0,4.9,34.0,5.0,8.0,Finance,L2,"Ottawa, ON",2.9,3,Developing,Low,Significant Gap
E0139,R008,Talent Management Analytics Specialist,9.0,0.0,7.7,33.0,4.0,7.0,Finance,L2,"Ottawa, ON",2.9,3,Developing,Low,Significant Gap
E0140,R001,People Analytics Specialist,23.5,0.0,20.0,31.0,5.0,8.0,Customer Success,L3,Remote - Canada,2.1,3,Developing,Medium,Significant Gap
E0140,R002,Senior People Analytics Analyst,10.7,0.0,9.1,42.0,6.0,9.0,Customer Success,L3,Remote - Canada,2.1,3,Developing,Medium,Significant Gap
E0140,R003,Talent Intelligence Analyst,19.6,20.0,19.6,32.0,4.0,8.0,Customer Success,L3,Remote - Canada,2.1,3,Developing,Medium,Significant Gap
E0140,R004,Workforce Planning Analyst,22.2,0.0,18.9,29.0,4.0,6.0,Customer Success,L3,Remote - Canada,2.1,3,Developing,Medium,Significant Gap
E0140,R005,HR Data Analyst,25.0,0.0,21.2,21.0,4.0,6.0,Customer Success,L3,Remote - Canada,2.1,3,Developing,Medium,Significant Gap
E0140,R006,People Analytics Manager,13.1,0.0,11.1,45.0,5.0,8.0,Customer Success,L3,Remote - Canada,2.1,3,Developing,Medium,Significant Gap
E0140,R007,HRIS & People Data Specialist,16.7,0.0,14.2,31.0,5.0,7.0,Customer Success,L3,Remote - Canada,2.1,3,Developing,Medium,Significant Gap
E0140,R008,Talent Management Analytics Specialist,12.5,25.0,14.4,33.0,3.0,9.0,Customer Success,L3,Remote - Canada,2.1,3,Developing,Medium,Significant Gap
E0141,R001,People Analytics Specialist,6.8,0.0,5.8,38.0,5.0,9.0,Operations,L1,"Toronto, ON",1.9,4,High,Medium,Significant Gap
E0141,R002,Senior People Analytics Analyst,6.7,0.0,5.7,44.0,6.0,10.0,Operations,L1,"Toronto, ON",1.9,4,High,Medium,Significant Gap
E0141,R003,Talent Intelligence Analyst,0.0,0.0,0.0,39.0,5.0,11.0,Operations,L1,"Toronto, ON",1.9,4,High,Medium,Significant Gap
E0141,R004,Workforce Planning Analyst,26.7,0.0,22.7,28.0,4.0,5.0,Operations,L1,"Toronto, ON",1.9,4,High,Medium,Significant Gap
E0141,R005,HR Data Analyst,9.6,0.0,8.1,26.0,4.0,6.0,Operations,L1,"Toronto, ON",1.9,4,High,Medium,Significant Gap
E0141,R006,People Analytics Manager,7.9,0.0,6.7,48.0,5.0,10.0,Operations,L1,"Toronto, ON",1.9,4,High,Medium,Significant Gap
E0141,R007,HRIS & People Data Specialist,6.2,0.0,5.2,35.0,5.0,8.0,Operations,L1,"Toronto, ON",1.9,4,High,Medium,Significant Gap
E0141,R008,Talent Management Analytics Specialist,0.0,0.0,0.0,37.0,4.0,10.0,Operations,L1,"Toronto, ON",1.9,4,High,Medium,Significant Gap
E0142,R001,People Analytics Specialist,38.4,20.0,35.6,25.0,4.0,6.0,Human Resources,L1,"Toronto, ON",2.4,4,High,Low,Significant Gap
E0142,R002,Senior People Analytics Analyst,27.5,0.0,23.4,36.0,6.0,8.0,Human Resources,L1,"Toronto, ON",2.4,4,High,Low,Significant Gap
E0142,R003,Talent Intelligence Analyst,7.7,0.0,6.5,36.0,5.0,10.0,Human Resources,L1,"Toronto, ON",2.4,4,High,Low,Significant Gap
E0142,R004,Workforce Planning Analyst,25.0,0.0,21.2,28.0,4.0,6.0,Human Resources,L1,"Toronto, ON",2.4,4,High,Low,Significant Gap
E0142,R005,HR Data Analyst,47.5,50.0,47.9,16.0,2.0,4.0,Human Resources,L1,"Toronto, ON",2.4,4,High,Low,Significant Gap
E0142,R006,People Analytics Manager,18.3,0.0,15.5,43.0,5.0,9.0,Human Resources,L1,"Toronto, ON",2.4,4,High,Low,Significant Gap
E0142,R007,HRIS & People Data Specialist,30.7,0.0,26.1,25.0,5.0,6.0,Human Resources,L1,"Toronto, ON",2.4,4,High,Low,Significant Gap
E0142,R008,Talent Management Analytics Specialist,23.1,0.0,19.6,27.0,4.0,6.0,Human Resources,L1,"Toronto, ON",2.4,4,High,Low,Significant Gap
E0143,R001,People Analytics Specialist,6.5,0.0,5.6,38.0,5.0,10.0,Operations,L3,"Montreal, QC",5.1,2,Developing,Low,Significant Gap
E0143,R002,Senior People Analytics Analyst,0.0,0.0,0.0,48.0,6.0,12.0,Operations,L3,"Montreal, QC",5.1,2,Developing,Low,Significant Gap
E0143,R003,Talent Intelligence Analyst,0.0,0.0,0.0,39.0,5.0,11.0,Operations,L3,"Montreal, QC",5.1,2,Developing,Low,Significant Gap
E0143,R004,Workforce Planning Analyst,5.2,0.0,4.4,36.0,4.0,8.0,Operations,L3,"Montreal, QC",5.1,2,Developing,Low,Significant Gap
E0143,R005,HR Data Analyst,15.0,0.0,12.8,23.0,4.0,6.0,Operations,L3,"Montreal, QC",5.1,2,Developing,Low,Significant Gap
E0143,R006,People Analytics Manager,3.4,0.0,2.9,50.0,5.0,11.0,Operations,L3,"Montreal, QC",5.1,2,Developing,Low,Significant Gap
E0143,R007,HRIS & People Data Specialist,9.4,0.0,8.0,33.0,5.0,8.0,Operations,L3,"Montreal, QC",5.1,2,Developing,Low,Significant Gap
E0143,R008,Talent Management Analytics Specialist,6.2,0.0,5.3,34.0,4.0,9.0,Operations,L3,"Montreal, QC",5.1,2,Developing,Low,Significant Gap
E0144,R001,People Analytics Specialist,24.1,0.0,20.5,31.0,5.0,7.0,Sales,L2,"Vancouver, BC",8.4,5,High,Medium,Significant Gap
E0144,R002,Senior People Analytics Analyst,14.3,0.0,12.2,41.0,6.0,9.0,Sales,L2,"Vancouver, BC",8.4,5,High,Medium,Significant Gap
E0144,R003,Talent Intelligence Analyst,12.8,0.0,10.9,34.0,5.0,9.0,Sales,L2,"Vancouver, BC",8.4,5,High,Medium,Significant Gap
E0144,R004,Workforce Planning Analyst,22.2,0.0,18.9,29.0,4.0,6.0,Sales,L2,"Vancouver, BC",8.4,5,High,Medium,Significant Gap
E0144,R005,HR Data Analyst,17.1,0.0,14.5,23.0,4.0,5.0,Sales,L2,"Vancouver, BC",8.4,5,High,Medium,Significant Gap
E0144,R006,People Analytics Manager,13.8,0.0,11.7,45.0,5.0,9.0,Sales,L2,"Vancouver, BC",8.4,5,High,Medium,Significant Gap
E0144,R007,HRIS & People Data Specialist,12.0,0.0,10.2,32.0,5.0,7.0,Sales,L2,"Vancouver, BC",8.4,5,High,Medium,Significant Gap
E0144,R008,Talent Management Analytics Specialist,6.2,0.0,5.3,34.0,4.0,8.0,Sales,L2,"Vancouver, BC",8.4,5,High,Medium,Significant Gap
E0145,R001,People Analytics Specialist,23.2,0.0,19.7,31.0,5.0,8.0,Finance,L2,"Ottawa, ON",3.8,5,High,High,Significant Gap
E0145,R002,Senior People Analytics Analyst,5.0,0.0,4.2,45.0,6.0,10.0,Finance,L2,"Ottawa, ON",3.8,5,High,High,Significant Gap
E0145,R003,Talent Intelligence Analyst,5.1,0.0,4.4,37.0,5.0,10.0,Finance,L2,"Ottawa, ON",3.8,5,High,High,Significant Gap
E0145,R004,Workforce Planning Analyst,23.3,0.0,19.8,29.0,4.0,6.0,Finance,L2,"Ottawa, ON",3.8,5,High,High,Significant Gap
E0145,R005,HR Data Analyst,27.1,0.0,23.0,20.0,4.0,5.0,Finance,L2,"Ottawa, ON",3.8,5,High,High,Significant Gap
E0145,R006,People Analytics Manager,5.5,0.0,4.7,49.0,5.0,10.0,Finance,L2,"Ottawa, ON",3.8,5,High,High,Significant Gap
E0145,R007,HRIS & People Data Specialist,15.6,0.0,13.2,32.0,5.0,8.0,Finance,L2,"Ottawa, ON",3.8,5,High,High,Significant Gap
E0145,R008,Talent Management Analytics Specialist,7.6,0.0,6.5,34.0,4.0,8.0,Finance,L2,"Ottawa, ON",3.8,5,High,High,Significant Gap
E0146,R001,People Analytics Specialist,51.8,40.0,50.0,22.0,3.0,5.0,Human Resources,L2,"Toronto, ON",3.1,2,High,Low,Significant Gap
E0146,R002,Senior People Analytics Analyst,39.8,0.0,33.9,29.0,6.0,5.0,Human Resources,L2,"Toronto, ON",3.1,2,High,Low,Significant Gap
E0146,R003,Talent Intelligence Analyst,26.3,0.0,22.3,29.0,5.0,7.0,Human Resources,L2,"Toronto, ON",3.1,2,High,Low,Significant Gap
E0146,R004,Workforce Planning Analyst,31.8,0.0,27.0,25.0,4.0,5.0,Human Resources,L2,"Toronto, ON",3.1,2,High,Low,Significant Gap
E0146,R005,HR Data Analyst,31.2,25.0,30.3,21.0,3.0,6.0,Human Resources,L2,"Toronto, ON",3.1,2,High,Low,Significant Gap
E0146,R006,People Analytics Manager,45.5,0.0,38.7,29.0,5.0,4.0,Human Resources,L2,"Toronto, ON",3.1,2,High,Low,Significant Gap
E0146,R007,HRIS & People Data Specialist,33.6,0.0,28.5,23.0,5.0,5.0,Human Resources,L2,"Toronto, ON",3.1,2,High,Low,Significant Gap
E0146,R008,Talent Management Analytics Specialist,34.6,0.0,29.4,24.0,4.0,5.0,Human Resources,L2,"Toronto, ON",3.1,2,High,Low,Significant Gap
E0147,R001,People Analytics Specialist,13.7,0.0,11.6,35.0,5.0,9.0,Customer Success,L2,"Calgary, AB",2.8,2,Solid,Medium,Significant Gap
E0147,R002,Senior People Analytics Analyst,8.3,0.0,7.1,43.0,6.0,10.0,Customer Success,L2,"Calgary, AB",2.8,2,Solid,Medium,Significant Gap
E0147,R003,Talent Intelligence Analyst,0.0,0.0,0.0,39.0,5.0,11.0,Customer Success,L2,"Calgary, AB",2.8,2,Solid,Medium,Significant Gap
E0147,R004,Workforce Planning Analyst,11.8,0.0,10.0,33.0,4.0,8.0,Customer Success,L2,"Calgary, AB",2.8,2,Solid,Medium,Significant Gap
E0147,R005,HR Data Analyst,22.9,0.0,19.5,21.0,4.0,6.0,Customer Success,L2,"Calgary, AB",2.8,2,Solid,Medium,Significant Gap
E0147,R006,People Analytics Manager,14.8,0.0,12.6,44.0,5.0,9.0,Customer Success,L2,"Calgary, AB",2.8,2,Solid,Medium,Significant Gap
E0147,R007,HRIS & People Data Specialist,19.9,0.0,16.9,29.0,5.0,7.0,Customer Success,L2,"Calgary, AB",2.8,2,Solid,Medium,Significant Gap
E0147,R008,Talent Management Analytics Specialist,8.3,0.0,7.1,33.0,4.0,9.0,Customer Success,L2,"Calgary, AB",2.8,2,Solid,Medium,Significant Gap
E0148,R001,People Analytics Specialist,38.7,20.0,35.9,25.0,4.0,6.0,Operations,L5,"Montreal, QC",1.0,3,Developing,Medium,Significant Gap
E0148,R002,Senior People Analytics Analyst,33.0,16.7,30.6,32.0,5.0,7.0,Operations,L5,"Montreal, QC",1.0,3,Developing,Medium,Significant Gap
E0148,R003,Talent Intelligence Analyst,15.4,0.0,13.1,33.0,5.0,9.0,Operations,L5,"Montreal, QC",1.0,3,Developing,Medium,Significant Gap
E0148,R004,Workforce Planning Analyst,34.7,0.0,29.5,24.0,4.0,4.0,Operations,L5,"Montreal, QC",1.0,3,Developing,Medium,Significant Gap
E0148,R005,HR Data Analyst,17.1,0.0,14.5,23.0,4.0,6.0,Operations,L5,"Montreal, QC",1.0,3,Developing,Medium,Significant Gap
E0148,R006,People Analytics Manager,29.3,0.0,24.9,37.0,5.0,7.0,Operations,L5,"Montreal, QC",1.0,3,Developing,Medium,Significant Gap
E0148,R007,HRIS & People Data Specialist,15.6,0.0,13.2,30.0,5.0,7.0,Operations,L5,"Montreal, QC",1.0,3,Developing,Medium,Significant Gap
E0148,R008,Talent Management Analytics Specialist,12.5,0.0,10.6,31.0,4.0,8.0,Operations,L5,"Montreal, QC",1.0,3,Developing,Medium,Significant Gap
E0149,R001,People Analytics Specialist,14.3,0.0,12.1,34.0,5.0,8.0,Customer Success,L1,"Montreal, QC",2.1,4,High,Medium,Significant Gap
E0149,R002,Senior People Analytics Analyst,5.7,0.0,4.8,45.0,6.0,10.0,Customer Success,L1,"Montreal, QC",2.1,4,High,Medium,Significant Gap
E0149,R003,Talent Intelligence Analyst,5.1,0.0,4.4,37.0,5.0,10.0,Customer Success,L1,"Montreal, QC",2.1,4,High,Medium,Significant Gap
E0149,R004,Workforce Planning Analyst,13.9,0.0,11.8,32.0,4.0,7.0,Customer Success,L1,"Montreal, QC",2.1,4,High,Medium,Significant Gap
E0149,R005,HR Data Analyst,14.6,0.0,12.4,23.0,4.0,6.0,Customer Success,L1,"Montreal, QC",2.1,4,High,Medium,Significant Gap
E0149,R006,People Analytics Manager,6.2,0.0,5.3,49.0,5.0,10.0,Customer Success,L1,"Montreal, QC",2.1,4,High,Medium,Significant Gap
E0149,R007,HRIS & People Data Specialist,3.3,0.0,2.8,36.0,5.0,9.0,Customer Success,L1,"Montreal, QC",2.1,4,High,Medium,Significant Gap
E0149,R008,Talent Management Analytics Specialist,4.2,0.0,3.5,35.0,4.0,9.0,Customer Success,L1,"Montreal, QC",2.1,4,High,Medium,Significant Gap
E0150,R001,People Analytics Specialist,17.6,0.0,14.9,34.0,5.0,9.0,Engineering,L2,"Vancouver, BC",6.3,4,Solid,High,Significant Gap
E0150,R002,Senior People Analytics Analyst,13.1,0.0,11.1,41.0,6.0,8.0,Engineering,L2,"Vancouver, BC",6.3,4,Solid,High,Significant Gap
E0150,R003,Talent Intelligence Analyst,14.1,0.0,12.0,32.0,5.0,8.0,Engineering,L2,"Vancouver, BC",6.3,4,Solid,High,Significant Gap
E0150,R004,Workforce Planning Analyst,10.4,0.0,8.9,34.0,4.0,8.0,Engineering,L2,"Vancouver, BC",6.3,4,Solid,High,Significant Gap
E0150,R005,HR Data Analyst,24.6,0.0,20.9,22.0,4.0,6.0,Engineering,L2,"Vancouver, BC",6.3,4,Solid,High,Significant Gap
E0150,R006,People Analytics Manager,14.1,0.0,12.0,44.0,5.0,8.0,Engineering,L2,"Vancouver, BC",6.3,4,Solid,High,Significant Gap
E0150,R007,HRIS & People Data Specialist,33.3,0.0,28.3,24.0,5.0,4.0,Engineering,L2,"Vancouver, BC",6.3,4,Solid,High,Significant Gap
E0150,R008,Talent Management Analytics Specialist,2.1,0.0,1.8,36.0,4.0,9.0,Engineering,L2,"Vancouver, BC",6.3,4,Solid,High,Significant Gap
E0151,R001,People Analytics Specialist,27.7,0.0,23.5,29.0,5.0,8.0,Engineering,L6,Remote - Canada,6.3,3,Solid,Medium,Significant Gap
E0151,R002,Senior People Analytics Analyst,32.1,16.7,29.8,32.0,5.0,7.0,Engineering,L6,Remote - Canada,6.3,3,Solid,Medium,Significant Gap
E0151,R003,Talent Intelligence Analyst,32.1,0.0,27.2,25.0,5.0,6.0,Engineering,L6,Remote - Canada,6.3,3,Solid,Medium,Significant Gap
E0151,R004,Workforce Planning Analyst,29.2,0.0,24.8,25.0,4.0,6.0,Engineering,L6,Remote - Canada,6.3,3,Solid,Medium,Significant Gap
E0151,R005,HR Data Analyst,22.5,25.0,22.9,22.0,3.0,7.0,Engineering,L6,Remote - Canada,6.3,3,Solid,Medium,Significant Gap
E0151,R006,People Analytics Manager,27.6,0.0,23.4,38.0,5.0,8.0,Engineering,L6,Remote - Canada,6.3,3,Solid,Medium,Significant Gap
E0151,R007,HRIS & People Data Specialist,26.1,20.0,25.2,27.0,4.0,7.0,Engineering,L6,Remote - Canada,6.3,3,Solid,Medium,Significant Gap
E0151,R008,Talent Management Analytics Specialist,8.3,0.0,7.1,33.0,4.0,9.0,Engineering,L6,Remote - Canada,6.3,3,Solid,Medium,Significant Gap
E0152,R001,People Analytics Specialist,19.0,0.0,16.2,34.0,5.0,8.0,Operations,L2,"Vancouver, BC",0.3,3,Solid,Medium,Significant Gap
E0152,R002,Senior People Analytics Analyst,13.3,0.0,11.3,41.0,6.0,8.0,Operations,L2,"Vancouver, BC",0.3,3,Solid,Medium,Significant Gap
E0152,R003,Talent Intelligence Analyst,0.0,0.0,0.0,39.0,5.0,11.0,Operations,L2,"Vancouver, BC",0.3,3,Solid,Medium,Significant Gap
E0152,R004,Workforce Planning Analyst,16.0,0.0,13.6,32.0,4.0,6.0,Operations,L2,"Vancouver, BC",0.3,3,Solid,Medium,Significant Gap
E0152,R005,HR Data Analyst,26.7,0.0,22.7,22.0,4.0,5.0,Operations,L2,"Vancouver, BC",0.3,3,Solid,Medium,Significant Gap
E0152,R006,People Analytics Manager,17.0,0.0,14.5,43.0,5.0,8.0,Operations,L2,"Vancouver, BC",0.3,3,Solid,Medium,Significant Gap
E0152,R007,HRIS & People Data Specialist,29.0,0.0,24.6,26.0,5.0,5.0,Operations,L2,"Vancouver, BC",0.3,3,Solid,Medium,Significant Gap
E0152,R008,Talent Management Analytics Specialist,0.0,0.0,0.0,37.0,4.0,10.0,Operations,L2,"Vancouver, BC",0.3,3,Solid,Medium,Significant Gap
E0153,R001,People Analytics Specialist,15.8,0.0,13.4,34.0,5.0,8.0,Operations,L2,"Montreal, QC",0.3,4,Solid,High,Significant Gap
E0153,R002,Senior People Analytics Analyst,8.3,0.0,7.1,44.0,6.0,9.0,Operations,L2,"Montreal, QC",0.3,4,Solid,High,Significant Gap
E0153,R003,Talent Intelligence Analyst,5.1,0.0,4.4,37.0,5.0,10.0,Operations,L2,"Montreal, QC",0.3,4,Solid,High,Significant Gap
E0153,R004,Workforce Planning Analyst,13.2,0.0,11.2,32.0,4.0,6.0,Operations,L2,"Montreal, QC",0.3,4,Solid,High,Significant Gap
E0153,R005,HR Data Analyst,15.8,0.0,13.5,24.0,4.0,6.0,Operations,L2,"Montreal, QC",0.3,4,Solid,High,Significant Gap
E0153,R006,People Analytics Manager,11.4,0.0,9.7,46.0,5.0,8.0,Operations,L2,"Montreal, QC",0.3,4,Solid,High,Significant Gap
E0153,R007,HRIS & People Data Specialist,15.2,0.0,12.9,30.0,5.0,6.0,Operations,L2,"Montreal, QC",0.3,4,Solid,High,Significant Gap
E0153,R008,Talent Management Analytics Specialist,4.2,0.0,3.5,35.0,4.0,9.0,Operations,L2,"Montreal, QC",0.3,4,Solid,High,Significant Gap
E0154,R001,People Analytics Specialist,15.8,0.0,13.4,35.0,5.0,9.0,Finance,L3,"Vancouver, BC",7.4,3,High,Medium,Significant Gap
E0154,R002,Senior People Analytics Analyst,5.8,0.0,5.0,45.0,6.0,10.0,Finance,L3,"Vancouver, BC",7.4,3,High,Medium,Significant Gap
E0154,R003,Talent Intelligence Analyst,10.3,0.0,8.7,35.0,5.0,9.0,Finance,L3,"Vancouver, BC",7.4,3,High,Medium,Significant Gap
E0154,R004,Workforce Planning Analyst,20.1,0.0,17.1,31.0,4.0,6.0,Finance,L3,"Vancouver, BC",7.4,3,High,Medium,Significant Gap
E0154,R005,HR Data Analyst,11.7,0.0,9.9,24.0,4.0,7.0,Finance,L3,"Vancouver, BC",7.4,3,High,Medium,Significant Gap
E0154,R006,People Analytics Manager,7.2,0.0,6.2,48.0,5.0,9.0,Finance,L3,"Vancouver, BC",7.4,3,High,Medium,Significant Gap
E0154,R007,HRIS & People Data Specialist,8.7,0.0,7.4,33.0,5.0,7.0,Finance,L3,"Vancouver, BC",7.4,3,High,Medium,Significant Gap
E0154,R008,Talent Management Analytics Specialist,16.7,0.0,14.2,30.0,4.0,7.0,Finance,L3,"Vancouver, BC",7.4,3,High,Medium,Significant Gap
E0155,R001,People Analytics Specialist,23.5,0.0,20.0,31.0,5.0,8.0,Finance,L2,"Vancouver, BC",0.3,4,Developing,High,Significant Gap
E0155,R002,Senior People Analytics Analyst,20.8,0.0,17.7,38.0,6.0,8.0,Finance,L2,"Vancouver, BC",0.3,4,Developing,High,Significant Gap
E0155,R003,Talent Intelligence Analyst,7.7,0.0,6.5,36.0,5.0,10.0,Finance,L2,"Vancouver, BC",0.3,4,Developing,High,Significant Gap
E0155,R004,Workforce Planning Analyst,31.6,0.0,26.9,25.0,4.0,4.0,Finance,L2,"Vancouver, BC",0.3,4,Developing,High,Significant Gap
E0155,R005,HR Data Analyst,15.0,0.0,12.8,24.0,4.0,7.0,Finance,L2,"Vancouver, BC",0.3,4,Developing,High,Significant Gap
E0155,R006,People Analytics Manager,17.2,0.0,14.7,43.0,5.0,8.0,Finance,L2,"Vancouver, BC",0.3,4,Developing,High,Significant Gap
E0155,R007,HRIS & People Data Specialist,14.5,0.0,12.3,30.0,5.0,7.0,Finance,L2,"Vancouver, BC",0.3,4,Developing,High,Significant Gap
E0155,R008,Talent Management Analytics Specialist,6.2,0.0,5.3,34.0,4.0,9.0,Finance,L2,"Vancouver, BC",0.3,4,Developing,High,Significant Gap
E0156,R001,People Analytics Specialist,10.4,0.0,8.9,37.0,5.0,10.0,Operations,L2,"Vancouver, BC",4.8,2,Solid,Low,Significant Gap
E0156,R002,Senior People Analytics Analyst,6.7,0.0,5.7,44.0,6.0,10.0,Operations,L2,"Vancouver, BC",4.8,2,Solid,Low,Significant Gap
E0156,R003,Talent Intelligence Analyst,0.0,0.0,0.0,39.0,5.0,11.0,Operations,L2,"Vancouver, BC",4.8,2,Solid,Low,Significant Gap
E0156,R004,Workforce Planning Analyst,16.7,0.0,14.2,32.0,4.0,7.0,Operations,L2,"Vancouver, BC",4.8,2,Solid,Low,Significant Gap
E0156,R005,HR Data Analyst,15.4,0.0,13.1,24.0,4.0,6.0,Operations,L2,"Vancouver, BC",4.8,2,Solid,Low,Significant Gap
E0156,R006,People Analytics Manager,10.7,0.0,9.1,46.0,5.0,9.0,Operations,L2,"Vancouver, BC",4.8,2,Solid,Low,Significant Gap
E0156,R007,HRIS & People Data Specialist,14.9,0.0,12.6,31.0,5.0,7.0,Operations,L2,"Vancouver, BC",4.8,2,Solid,Low,Significant Gap
E0156,R008,Talent Management Analytics Specialist,2.1,0.0,1.8,36.0,4.0,9.0,Operations,L2,"Vancouver, BC",4.8,2,Solid,Low,Significant Gap
E0157,R001,People Analytics Specialist,20.8,20.0,20.7,33.0,4.0,9.0,Engineering,L3,"Toronto, ON",4.2,4,Solid,Medium,Significant Gap
E0157,R002,Senior People Analytics Analyst,21.1,16.7,20.4,39.0,5.0,8.0,Engineering,L3,"Toronto, ON",4.2,4,Solid,Medium,Significant Gap
E0157,R003,Talent Intelligence Analyst,16.7,0.0,14.2,31.0,5.0,8.0,Engineering,L3,"Toronto, ON",4.2,4,Solid,Medium,Significant Gap
E0157,R004,Workforce Planning Analyst,12.5,0.0,10.6,32.0,4.0,7.0,Engineering,L3,"Toronto, ON",4.2,4,Solid,Medium,Significant Gap
E0157,R005,HR Data Analyst,29.2,25.0,28.5,21.0,3.0,6.0,Engineering,L3,"Toronto, ON",4.2,4,Solid,Medium,Significant Gap
E0157,R006,People Analytics Manager,16.6,0.0,14.1,44.0,5.0,8.0,Engineering,L3,"Toronto, ON",4.2,4,Solid,Medium,Significant Gap
E0157,R007,HRIS & People Data Specialist,22.5,20.0,22.1,29.0,4.0,7.0,Engineering,L3,"Toronto, ON",4.2,4,Solid,Medium,Significant Gap
E0157,R008,Talent Management Analytics Specialist,4.2,0.0,3.5,35.0,4.0,9.0,Engineering,L3,"Toronto, ON",4.2,4,Solid,Medium,Significant Gap
E0158,R001,People Analytics Specialist,32.4,0.0,27.6,28.0,5.0,6.0,Operations,L5,"Ottawa, ON",2.9,3,Solid,Medium,Significant Gap
E0158,R002,Senior People Analytics Analyst,31.0,0.0,26.4,32.0,6.0,6.0,Operations,L5,"Ottawa, ON",2.9,3,Solid,Medium,Significant Gap
E0158,R003,Talent Intelligence Analyst,15.4,0.0,13.1,33.0,5.0,9.0,Operations,L5,"Ottawa, ON",2.9,3,Solid,Medium,Significant Gap
E0158,R004,Workforce Planning Analyst,38.5,0.0,32.8,23.0,4.0,4.0,Operations,L5,"Ottawa, ON",2.9,3,Solid,Medium,Significant Gap
E0158,R005,HR Data Analyst,10.4,0.0,8.9,26.0,4.0,7.0,Operations,L5,"Ottawa, ON",2.9,3,Solid,Medium,Significant Gap
E0158,R006,People Analytics Manager,30.7,0.0,26.1,36.0,5.0,6.0,Operations,L5,"Ottawa, ON",2.9,3,Solid,Medium,Significant Gap
E0158,R007,HRIS & People Data Specialist,14.9,0.0,12.6,30.0,5.0,6.0,Operations,L5,"Ottawa, ON",2.9,3,Solid,Medium,Significant Gap
E0158,R008,Talent Management Analytics Specialist,6.2,0.0,5.3,34.0,4.0,9.0,Operations,L5,"Ottawa, ON",2.9,3,Solid,Medium,Significant Gap
E0159,R001,People Analytics Specialist,14.3,0.0,12.1,36.0,5.0,9.0,Engineering,L3,Remote - Canada,8.1,3,Solid,Medium,Significant Gap
E0159,R002,Senior People Analytics Analyst,21.7,0.0,18.4,38.0,6.0,8.0,Engineering,L3,Remote - Canada,8.1,3,Solid,Medium,Significant Gap
E0159,R003,Talent Intelligence Analyst,9.0,0.0,7.6,34.0,5.0,9.0,Engineering,L3,Remote - Canada,8.1,3,Solid,Medium,Significant Gap
E0159,R004,Workforce Planning Analyst,4.2,0.0,3.5,36.0,4.0,9.0,Engineering,L3,Remote - Canada,8.1,3,Solid,Medium,Significant Gap
E0159,R005,HR Data Analyst,23.8,0.0,20.2,23.0,4.0,6.0,Engineering,L3,Remote - Canada,8.1,3,Solid,Medium,Significant Gap
E0159,R006,People Analytics Manager,17.4,0.0,14.8,43.0,5.0,8.0,Engineering,L3,Remote - Canada,8.1,3,Solid,Medium,Significant Gap
E0159,R007,HRIS & People Data Specialist,35.9,20.0,33.5,24.0,4.0,4.0,Engineering,L3,Remote - Canada,8.1,3,Solid,Medium,Significant Gap
E0159,R008,Talent Management Analytics Specialist,4.2,0.0,3.5,35.0,4.0,9.0,Engineering,L3,Remote - Canada,8.1,3,Solid,Medium,Significant Gap
E0160,R001,People Analytics Specialist,15.5,20.0,16.2,36.0,4.0,10.0,Engineering,L3,"Montreal, QC",8.9,3,Solid,Medium,Significant Gap
E0160,R002,Senior People Analytics Analyst,19.7,0.0,16.8,39.0,6.0,8.0,Engineering,L3,"Montreal, QC",8.9,3,Solid,Medium,Significant Gap
E0160,R003,Talent Intelligence Analyst,16.7,0.0,14.2,31.0,5.0,8.0,Engineering,L3,"Montreal, QC",8.9,3,Solid,Medium,Significant Gap
E0160,R004,Workforce Planning Analyst,10.4,0.0,8.9,33.0,4.0,8.0,Engineering,L3,"Montreal, QC",8.9,3,Solid,Medium,Significant Gap
E0160,R005,HR Data Analyst,18.3,25.0,19.3,25.0,3.0,7.0,Engineering,L3,"Montreal, QC",8.9,3,Solid,Medium,Significant Gap
E0160,R006,People Analytics Manager,22.4,0.0,19.1,41.0,5.0,7.0,Engineering,L3,"Montreal, QC",8.9,3,Solid,Medium,Significant Gap
E0160,R007,HRIS & People Data Specialist,18.8,0.0,16.0,29.0,5.0,6.0,Engineering,L3,"Montreal, QC",8.9,3,Solid,Medium,Significant Gap
E0160,R008,Talent Management Analytics Specialist,4.2,0.0,3.5,35.0,4.0,9.0,Engineering,L3,"Montreal, QC",8.9,3,Solid,Medium,Significant Gap
E0161,R001,People Analytics Specialist,17.9,20.0,18.2,34.0,4.0,10.0,Engineering,L5,"Toronto, ON",5.5,3,Solid,Medium,Significant Gap
E0161,R002,Senior People Analytics Analyst,38.0,16.7,34.8,30.0,5.0,7.0,Engineering,L5,"Toronto, ON",5.5,3,Solid,Medium,Significant Gap
E0161,R003,Talent Intelligence Analyst,34.6,0.0,29.4,24.0,5.0,6.0,Engineering,L5,"Toronto, ON",5.5,3,Solid,Medium,Significant Gap
E0161,R004,Workforce Planning Analyst,25.0,0.0,21.2,27.0,4.0,7.0,Engineering,L5,"Toronto, ON",5.5,3,Solid,Medium,Significant Gap
E0161,R005,HR Data Analyst,13.3,0.0,11.3,24.0,4.0,7.0,Engineering,L5,"Toronto, ON",5.5,3,Solid,Medium,Significant Gap
E0161,R006,People Analytics Manager,43.8,0.0,37.2,29.0,5.0,6.0,Engineering,L5,"Toronto, ON",5.5,3,Solid,Medium,Significant Gap
E0161,R007,HRIS & People Data Specialist,21.7,20.0,21.5,27.0,4.0,7.0,Engineering,L5,"Toronto, ON",5.5,3,Solid,Medium,Significant Gap
E0161,R008,Talent Management Analytics Specialist,12.5,0.0,10.6,31.0,4.0,8.0,Engineering,L5,"Toronto, ON",5.5,3,Solid,Medium,Significant Gap
E0162,R001,People Analytics Specialist,20.5,20.0,20.5,33.0,4.0,8.0,Human Resources,L3,"Vancouver, BC",4.0,3,Solid,Low,Significant Gap
E0162,R002,Senior People Analytics Analyst,12.2,0.0,10.3,42.0,6.0,9.0,Human Resources,L3,"Vancouver, BC",4.0,3,Solid,Low,Significant Gap
E0162,R003,Talent Intelligence Analyst,16.3,0.0,13.9,33.0,5.0,9.0,Human Resources,L3,"Vancouver, BC",4.0,3,Solid,Low,Significant Gap
E0162,R004,Workforce Planning Analyst,13.9,0.0,11.8,33.0,4.0,7.0,Human Resources,L3,"Vancouver, BC",4.0,3,Solid,Low,Significant Gap
E0162,R005,HR Data Analyst,30.8,25.0,30.0,20.0,3.0,5.0,Human Resources,L3,"Vancouver, BC",4.0,3,Solid,Low,Significant Gap
E0162,R006,People Analytics Manager,16.9,0.0,14.4,43.0,5.0,8.0,Human Resources,L3,"Vancouver, BC",4.0,3,Solid,Low,Significant Gap
E0162,R007,HRIS & People Data Specialist,18.7,0.0,15.9,30.0,5.0,6.0,Human Resources,L3,"Vancouver, BC",4.0,3,Solid,Low,Significant Gap
E0162,R008,Talent Management Analytics Specialist,26.2,0.0,22.3,27.0,4.0,6.0,Human Resources,L3,"Vancouver, BC",4.0,3,Solid,Low,Significant Gap
E0163,R001,People Analytics Specialist,13.1,20.0,14.1,37.0,4.0,10.0,Engineering,L2,"Vancouver, BC",3.7,3,Solid,Medium,Significant Gap
E0163,R002,Senior People Analytics Analyst,18.3,16.7,18.1,39.0,5.0,9.0,Engineering,L2,"Vancouver, BC",3.7,3,Solid,Medium,Significant Gap
E0163,R003,Talent Intelligence Analyst,6.4,0.0,5.4,35.0,5.0,9.0,Engineering,L2,"Vancouver, BC",3.7,3,Solid,Medium,Significant Gap
E0163,R004,Workforce Planning Analyst,2.1,0.0,1.8,37.0,4.0,9.0,Engineering,L2,"Vancouver, BC",3.7,3,Solid,Medium,Significant Gap
E0163,R005,HR Data Analyst,18.8,25.0,19.7,25.0,3.0,7.0,Engineering,L2,"Vancouver, BC",3.7,3,Solid,Medium,Significant Gap
E0163,R006,People Analytics Manager,12.4,0.0,10.6,46.0,5.0,9.0,Engineering,L2,"Vancouver, BC",3.7,3,Solid,Medium,Significant Gap
E0163,R007,HRIS & People Data Specialist,27.9,20.0,26.7,27.0,4.0,6.0,Engineering,L2,"Vancouver, BC",3.7,3,Solid,Medium,Significant Gap
E0163,R008,Talent Management Analytics Specialist,0.0,0.0,0.0,37.0,4.0,10.0,Engineering,L2,"Vancouver, BC",3.7,3,Solid,Medium,Significant Gap
E0164,R001,People Analytics Specialist,32.1,40.0,33.3,29.0,3.0,8.0,Engineering,L4,"Vancouver, BC",3.1,5,Solid,Medium,Significant Gap
E0164,R002,Senior People Analytics Analyst,47.8,16.7,43.1,25.0,5.0,5.0,Engineering,L4,"Vancouver, BC",3.1,5,Solid,Medium,Significant Gap
E0164,R003,Talent Intelligence Analyst,28.2,0.0,24.0,28.0,5.0,7.0,Engineering,L4,"Vancouver, BC",3.1,5,Solid,Medium,Significant Gap
E0164,R004,Workforce Planning Analyst,27.1,0.0,23.0,26.0,4.0,6.0,Engineering,L4,"Vancouver, BC",3.1,5,Solid,Medium,Significant Gap
E0164,R005,HR Data Analyst,30.0,25.0,29.2,21.0,3.0,6.0,Engineering,L4,"Vancouver, BC",3.1,5,Solid,Medium,Significant Gap
E0164,R006,People Analytics Manager,44.1,40.0,43.5,30.0,3.0,6.0,Engineering,L4,"Vancouver, BC",3.1,5,Solid,Medium,Significant Gap
E0164,R007,HRIS & People Data Specialist,32.6,0.0,27.7,25.0,5.0,6.0,Engineering,L4,"Vancouver, BC",3.1,5,Solid,Medium,Significant Gap
E0164,R008,Talent Management Analytics Specialist,6.2,0.0,5.3,34.0,4.0,9.0,Engineering,L4,"Vancouver, BC",3.1,5,Solid,Medium,Significant Gap
E0165,R001,People Analytics Specialist,40.5,0.0,34.4,24.0,5.0,5.0,Human Resources,L2,"Vancouver, BC",3.9,3,Developing,High,Significant Gap
E0165,R002,Senior People Analytics Analyst,20.0,0.0,17.0,38.0,6.0,8.0,Human Resources,L2,"Vancouver, BC",3.9,3,Developing,High,Significant Gap
E0165,R003,Talent Intelligence Analyst,26.1,0.0,22.2,29.0,5.0,7.0,Human Resources,L2,"Vancouver, BC",3.9,3,Developing,High,Significant Gap
E0165,R004,Workforce Planning Analyst,22.1,0.0,18.8,29.0,4.0,6.0,Human Resources,L2,"Vancouver, BC",3.9,3,Developing,High,Significant Gap
E0165,R005,HR Data Analyst,33.8,0.0,28.7,20.0,4.0,5.0,Human Resources,L2,"Vancouver, BC",3.9,3,Developing,High,Significant Gap
E0165,R006,People Analytics Manager,24.3,0.0,20.6,39.0,5.0,7.0,Human Resources,L2,"Vancouver, BC",3.9,3,Developing,High,Significant Gap
E0165,R007,HRIS & People Data Specialist,36.6,0.0,31.1,24.0,5.0,5.0,Human Resources,L2,"Vancouver, BC",3.9,3,Developing,High,Significant Gap
E0165,R008,Talent Management Analytics Specialist,34.9,0.0,29.7,24.0,4.0,5.0,Human Resources,L2,"Vancouver, BC",3.9,3,Developing,High,Significant Gap
E0166,R001,People Analytics Specialist,15.2,0.0,12.9,35.0,5.0,10.0,Finance,L3,"Montreal, QC",0.8,3,Solid,Medium,Significant Gap
E0166,R002,Senior People Analytics Analyst,20.8,0.0,17.7,37.0,6.0,8.0,Finance,L3,"Montreal, QC",0.8,3,Solid,Medium,Significant Gap
E0166,R003,Talent Intelligence Analyst,0.0,0.0,0.0,39.0,5.0,11.0,Finance,L3,"Montreal, QC",0.8,3,Solid,Medium,Significant Gap
E0166,R004,Workforce Planning Analyst,39.6,25.0,37.4,24.0,3.0,5.0,Finance,L3,"Montreal, QC",0.8,3,Solid,Medium,Significant Gap
E0166,R005,HR Data Analyst,15.0,0.0,12.8,23.0,4.0,7.0,Finance,L3,"Montreal, QC",0.8,3,Solid,Medium,Significant Gap
E0166,R006,People Analytics Manager,14.5,0.0,12.3,44.0,5.0,9.0,Finance,L3,"Montreal, QC",0.8,3,Solid,Medium,Significant Gap
E0166,R007,HRIS & People Data Specialist,21.7,0.0,18.5,28.0,5.0,7.0,Finance,L3,"Montreal, QC",0.8,3,Solid,Medium,Significant Gap
E0166,R008,Talent Management Analytics Specialist,6.2,0.0,5.3,34.0,4.0,9.0,Finance,L3,"Montreal, QC",0.8,3,Solid,Medium,Significant Gap
E0167,R001,People Analytics Specialist,24.4,0.0,20.7,30.0,5.0,8.0,Sales,L4,"Toronto, ON",3.3,4,High,Medium,Significant Gap
E0167,R002,Senior People Analytics Analyst,16.5,0.0,14.0,40.0,6.0,9.0,Sales,L4,"Toronto, ON",3.3,4,High,Medium,Significant Gap
E0167,R003,Talent Intelligence Analyst,12.8,0.0,10.9,34.0,5.0,9.0,Sales,L4,"Toronto, ON",3.3,4,High,Medium,Significant Gap
E0167,R004,Workforce Planning Analyst,26.4,0.0,22.4,26.0,4.0,6.0,Sales,L4,"Toronto, ON",3.3,4,High,Medium,Significant Gap
E0167,R005,HR Data Analyst,17.5,0.0,14.9,23.0,4.0,7.0,Sales,L4,"Toronto, ON",3.3,4,High,Medium,Significant Gap
E0167,R006,People Analytics Manager,23.4,0.0,19.9,40.0,5.0,8.0,Sales,L4,"Toronto, ON",3.3,4,High,Medium,Significant Gap
E0167,R007,HRIS & People Data Specialist,10.9,0.0,9.2,32.0,5.0,8.0,Sales,L4,"Toronto, ON",3.3,4,High,Medium,Significant Gap
E0167,R008,Talent Management Analytics Specialist,6.2,0.0,5.3,34.0,4.0,9.0,Sales,L4,"Toronto, ON",3.3,4,High,Medium,Significant Gap
E0168,R001,People Analytics Specialist,18.2,0.0,15.4,33.0,5.0,9.0,Sales,L3,"Montreal, QC",5.7,3,Solid,Medium,Significant Gap
E0168,R002,Senior People Analytics Analyst,11.7,0.0,9.9,42.0,6.0,9.0,Sales,L3,"Montreal, QC",5.7,3,Solid,Medium,Significant Gap
E0168,R003,Talent Intelligence Analyst,5.1,0.0,4.4,37.0,5.0,10.0,Sales,L3,"Montreal, QC",5.7,3,Solid,Medium,Significant Gap
E0168,R004,Workforce Planning Analyst,20.8,0.0,17.7,29.0,4.0,6.0,Sales,L3,"Montreal, QC",5.7,3,Solid,Medium,Significant Gap
E0168,R005,HR Data Analyst,19.2,0.0,16.3,22.0,4.0,6.0,Sales,L3,"Montreal, QC",5.7,3,Solid,Medium,Significant Gap
E0168,R006,People Analytics Manager,13.1,0.0,11.1,45.0,5.0,8.0,Sales,L3,"Montreal, QC",5.7,3,Solid,Medium,Significant Gap
E0168,R007,HRIS & People Data Specialist,13.0,0.0,11.1,31.0,5.0,7.0,Sales,L3,"Montreal, QC",5.7,3,Solid,Medium,Significant Gap
E0168,R008,Talent Management Analytics Specialist,14.6,0.0,12.4,31.0,4.0,7.0,Sales,L3,"Montreal, QC",5.7,3,Solid,Medium,Significant Gap
E0169,R001,People Analytics Specialist,14.3,0.0,12.1,35.0,5.0,10.0,Engineering,L3,"Vancouver, BC",10.5,3,Solid,High,Significant Gap
E0169,R002,Senior People Analytics Analyst,27.5,0.0,23.4,35.0,6.0,8.0,Engineering,L3,"Vancouver, BC",10.5,3,Solid,High,Significant Gap
E0169,R003,Talent Intelligence Analyst,23.1,0.0,19.6,30.0,5.0,8.0,Engineering,L3,"Vancouver, BC",10.5,3,Solid,High,Significant Gap
E0169,R004,Workforce Planning Analyst,6.2,0.0,5.3,35.0,4.0,9.0,Engineering,L3,"Vancouver, BC",10.5,3,Solid,High,Significant Gap
E0169,R005,HR Data Analyst,24.6,0.0,20.9,21.0,4.0,6.0,Engineering,L3,"Vancouver, BC",10.5,3,Solid,High,Significant Gap
E0169,R006,People Analytics Manager,11.4,0.0,9.7,46.0,5.0,10.0,Engineering,L3,"Vancouver, BC",10.5,3,Solid,High,Significant Gap
E0169,R007,HRIS & People Data Specialist,32.6,0.0,27.7,25.0,5.0,6.0,Engineering,L3,"Vancouver, BC",10.5,3,Solid,High,Significant Gap
E0169,R008,Talent Management Analytics Specialist,10.4,0.0,8.9,32.0,4.0,8.0,Engineering,L3,"Vancouver, BC",10.5,3,Solid,High,Significant Gap
E0170,R001,People Analytics Specialist,7.1,0.0,6.1,38.0,5.0,11.0,Engineering,L3,"Vancouver, BC",0.9,4,High,High,Significant Gap
E0170,R002,Senior People Analytics Analyst,18.9,0.0,16.1,38.0,6.0,8.0,Engineering,L3,"Vancouver, BC",0.9,4,High,High,Significant Gap
E0170,R003,Talent Intelligence Analyst,15.4,0.0,13.1,33.0,5.0,9.0,Engineering,L3,"Vancouver, BC",0.9,4,High,High,Significant Gap
E0170,R004,Workforce Planning Analyst,4.2,0.0,3.5,36.0,4.0,9.0,Engineering,L3,"Vancouver, BC",0.9,4,High,High,Significant Gap
E0170,R005,HR Data Analyst,14.6,0.0,12.4,25.0,4.0,7.0,Engineering,L3,"Vancouver, BC",0.9,4,High,High,Significant Gap
E0170,R006,People Analytics Manager,11.0,0.0,9.4,46.0,5.0,9.0,Engineering,L3,"Vancouver, BC",0.9,4,High,High,Significant Gap
E0170,R007,HRIS & People Data Specialist,26.1,0.0,22.2,27.0,5.0,6.0,Engineering,L3,"Vancouver, BC",0.9,4,High,High,Significant Gap
E0170,R008,Talent Management Analytics Specialist,0.0,0.0,0.0,37.0,4.0,10.0,Engineering,L3,"Vancouver, BC",0.9,4,High,High,Significant Gap
E0171,R001,People Analytics Specialist,15.5,0.0,13.2,35.0,5.0,9.0,Marketing,L2,"Toronto, ON",4.3,5,Developing,Low,Significant Gap
E0171,R002,Senior People Analytics Analyst,11.7,0.0,9.9,42.0,6.0,9.0,Marketing,L2,"Toronto, ON",4.3,5,Developing,Low,Significant Gap
E0171,R003,Talent Intelligence Analyst,6.4,0.0,5.4,35.0,5.0,9.0,Marketing,L2,"Toronto, ON",4.3,5,Developing,Low,Significant Gap
E0171,R004,Workforce Planning Analyst,16.0,0.0,13.6,32.0,4.0,7.0,Marketing,L2,"Toronto, ON",4.3,5,Developing,Low,Significant Gap
E0171,R005,HR Data Analyst,11.7,0.0,9.9,25.0,4.0,7.0,Marketing,L2,"Toronto, ON",4.3,5,Developing,Low,Significant Gap
E0171,R006,People Analytics Manager,12.4,0.0,10.6,45.0,5.0,9.0,Marketing,L2,"Toronto, ON",4.3,5,Developing,Low,Significant Gap
E0171,R007,HRIS & People Data Specialist,13.0,0.0,11.1,31.0,5.0,8.0,Marketing,L2,"Toronto, ON",4.3,5,Developing,Low,Significant Gap
E0171,R008,Talent Management Analytics Specialist,4.9,0.0,4.1,35.0,4.0,8.0,Marketing,L2,"Toronto, ON",4.3,5,Developing,Low,Significant Gap
E0172,R001,People Analytics Specialist,16.7,20.0,17.2,35.0,4.0,9.0,Engineering,L2,"Toronto, ON",3.0,4,High,Medium,Significant Gap
E0172,R002,Senior People Analytics Analyst,15.0,0.0,12.8,41.0,6.0,9.0,Engineering,L2,"Toronto, ON",3.0,4,High,Medium,Significant Gap
E0172,R003,Talent Intelligence Analyst,12.8,0.0,10.9,33.0,5.0,8.0,Engineering,L2,"Toronto, ON",3.0,4,High,Medium,Significant Gap
E0172,R004,Workforce Planning Analyst,6.2,0.0,5.3,35.0,4.0,8.0,Engineering,L2,"Toronto, ON",3.0,4,High,Medium,Significant Gap
E0172,R005,HR Data Analyst,25.0,25.0,25.0,21.0,3.0,6.0,Engineering,L2,"Toronto, ON",3.0,4,High,Medium,Significant Gap
E0172,R006,People Analytics Manager,9.0,0.0,7.6,48.0,5.0,10.0,Engineering,L2,"Toronto, ON",3.0,4,High,Medium,Significant Gap
E0172,R007,HRIS & People Data Specialist,19.9,0.0,16.9,30.0,5.0,7.0,Engineering,L2,"Toronto, ON",3.0,4,High,Medium,Significant Gap
E0172,R008,Talent Management Analytics Specialist,8.3,0.0,7.1,33.0,4.0,8.0,Engineering,L2,"Toronto, ON",3.0,4,High,Medium,Significant Gap
E0173,R001,People Analytics Specialist,18.8,0.0,15.9,33.0,5.0,9.0,Sales,L1,"Calgary, AB",6.1,5,Developing,High,Significant Gap
E0173,R002,Senior People Analytics Analyst,15.8,0.0,13.5,40.0,6.0,9.0,Sales,L1,"Calgary, AB",6.1,5,Developing,High,Significant Gap
E0173,R003,Talent Intelligence Analyst,7.7,0.0,6.5,36.0,5.0,10.0,Sales,L1,"Calgary, AB",6.1,5,Developing,High,Significant Gap
E0173,R004,Workforce Planning Analyst,22.9,0.0,19.5,28.0,4.0,6.0,Sales,L1,"Calgary, AB",6.1,5,Developing,High,Significant Gap
E0173,R005,HR Data Analyst,16.7,0.0,14.2,23.0,4.0,6.0,Sales,L1,"Calgary, AB",6.1,5,Developing,High,Significant Gap
E0173,R006,People Analytics Manager,15.5,0.0,13.2,44.0,5.0,9.0,Sales,L1,"Calgary, AB",6.1,5,Developing,High,Significant Gap
E0173,R007,HRIS & People Data Specialist,13.0,0.0,11.1,31.0,5.0,8.0,Sales,L1,"Calgary, AB",6.1,5,Developing,High,Significant Gap
E0173,R008,Talent Management Analytics Specialist,11.1,0.0,9.4,32.0,4.0,7.0,Sales,L1,"Calgary, AB",6.1,5,Developing,High,Significant Gap
E0174,R001,People Analytics Specialist,23.8,0.0,20.2,31.0,5.0,8.0,Finance,L2,"Toronto, ON",0.3,4,High,Medium,Significant Gap
E0174,R002,Senior People Analytics Analyst,10.8,0.0,9.2,42.0,6.0,9.0,Finance,L2,"Toronto, ON",0.3,4,High,Medium,Significant Gap
E0174,R003,Talent Intelligence Analyst,12.9,0.0,11.0,34.0,5.0,8.0,Finance,L2,"Toronto, ON",0.3,4,High,Medium,Significant Gap
E0174,R004,Workforce Planning Analyst,21.5,0.0,18.3,29.0,4.0,6.0,Finance,L2,"Toronto, ON",0.3,4,High,Medium,Significant Gap
E0174,R005,HR Data Analyst,17.5,0.0,14.9,23.0,4.0,7.0,Finance,L2,"Toronto, ON",0.3,4,High,Medium,Significant Gap
E0174,R006,People Analytics Manager,14.5,0.0,12.3,44.0,5.0,9.0,Finance,L2,"Toronto, ON",0.3,4,High,Medium,Significant Gap
E0174,R007,HRIS & People Data Specialist,13.0,0.0,11.1,31.0,5.0,8.0,Finance,L2,"Toronto, ON",0.3,4,High,Medium,Significant Gap
E0174,R008,Talent Management Analytics Specialist,11.5,0.0,9.7,33.0,4.0,8.0,Finance,L2,"Toronto, ON",0.3,4,High,Medium,Significant Gap
E0175,R001,People Analytics Specialist,10.7,0.0,9.1,36.0,5.0,10.0,Legal & Compliance,L3,"Toronto, ON",0.3,2,Solid,Medium,Significant Gap
E0175,R002,Senior People Analytics Analyst,0.0,0.0,0.0,48.0,6.0,12.0,Legal & Compliance,L3,"Toronto, ON",0.3,2,Solid,Medium,Significant Gap
E0175,R003,Talent Intelligence Analyst,0.0,0.0,0.0,39.0,5.0,11.0,Legal & Compliance,L3,"Toronto, ON",0.3,2,Solid,Medium,Significant Gap
E0175,R004,Workforce Planning Analyst,4.2,0.0,3.5,36.0,4.0,9.0,Legal & Compliance,L3,"Toronto, ON",0.3,2,Solid,Medium,Significant Gap
E0175,R005,HR Data Analyst,17.9,0.0,15.2,23.0,4.0,6.0,Legal & Compliance,L3,"Toronto, ON",0.3,2,Solid,Medium,Significant Gap
E0175,R006,People Analytics Manager,5.2,0.0,4.4,49.0,5.0,11.0,Legal & Compliance,L3,"Toronto, ON",0.3,2,Solid,Medium,Significant Gap
E0175,R007,HRIS & People Data Specialist,14.1,0.0,12.0,31.0,5.0,8.0,Legal & Compliance,L3,"Toronto, ON",0.3,2,Solid,Medium,Significant Gap
E0175,R008,Talent Management Analytics Specialist,2.1,0.0,1.8,36.0,4.0,9.0,Legal & Compliance,L3,"Toronto, ON",0.3,2,Solid,Medium,Significant Gap
E0176,R001,People Analytics Specialist,34.2,20.0,32.1,28.0,4.0,7.0,Engineering,L6,"Montreal, QC",3.8,4,Developing,Low,Significant Gap
E0176,R002,Senior People Analytics Analyst,33.8,33.3,33.7,33.0,4.0,7.0,Engineering,L6,"Montreal, QC",3.8,4,Developing,Low,Significant Gap
E0176,R003,Talent Intelligence Analyst,26.9,0.0,22.9,27.0,5.0,7.0,Engineering,L6,"Montreal, QC",3.8,4,Developing,Low,Significant Gap
E0176,R004,Workforce Planning Analyst,25.0,0.0,21.2,27.0,4.0,6.0,Engineering,L6,"Montreal, QC",3.8,4,Developing,Low,Significant Gap
E0176,R005,HR Data Analyst,34.2,25.0,32.8,20.0,3.0,5.0,Engineering,L6,"Montreal, QC",3.8,4,Developing,Low,Significant Gap
E0176,R006,People Analytics Manager,35.9,0.0,30.5,34.0,5.0,6.0,Engineering,L6,"Montreal, QC",3.8,4,Developing,Low,Significant Gap
E0176,R007,HRIS & People Data Specialist,30.4,20.0,28.9,26.0,4.0,6.0,Engineering,L6,"Montreal, QC",3.8,4,Developing,Low,Significant Gap
E0176,R008,Talent Management Analytics Specialist,8.3,0.0,7.1,33.0,4.0,9.0,Engineering,L6,"Montreal, QC",3.8,4,Developing,Low,Significant Gap
E0177,R001,People Analytics Specialist,39.0,40.0,39.1,27.0,3.0,7.0,Human Resources,L4,Remote - Canada,6.8,2,High,High,Significant Gap
E0177,R002,Senior People Analytics Analyst,32.2,16.7,29.8,33.0,5.0,8.0,Human Resources,L4,Remote - Canada,6.8,2,High,High,Significant Gap
E0177,R003,Talent Intelligence Analyst,23.1,0.0,19.6,30.0,5.0,8.0,Human Resources,L4,Remote - Canada,6.8,2,High,High,Significant Gap
E0177,R004,Workforce Planning Analyst,25.0,0.0,21.2,27.0,4.0,7.0,Human Resources,L4,Remote - Canada,6.8,2,High,High,Significant Gap
E0177,R005,HR Data Analyst,40.0,25.0,37.8,20.0,3.0,5.0,Human Resources,L4,Remote - Canada,6.8,2,High,High,Significant Gap
E0177,R006,People Analytics Manager,40.3,0.0,34.3,32.0,5.0,6.0,Human Resources,L4,Remote - Canada,6.8,2,High,High,Significant Gap
E0177,R007,HRIS & People Data Specialist,31.9,0.0,27.1,24.0,5.0,4.0,Human Resources,L4,Remote - Canada,6.8,2,High,High,Significant Gap
E0177,R008,Talent Management Analytics Specialist,35.6,0.0,30.2,23.0,4.0,5.0,Human Resources,L4,Remote - Canada,6.8,2,High,High,Significant Gap
E0178,R001,People Analytics Specialist,47.3,0.0,40.2,21.0,5.0,4.0,Human Resources,L2,"Montreal, QC",1.6,5,High,High,Significant Gap
E0178,R002,Senior People Analytics Analyst,37.5,0.0,31.9,30.0,6.0,5.0,Human Resources,L2,"Montreal, QC",1.6,5,High,High,Significant Gap
E0178,R003,Talent Intelligence Analyst,33.8,0.0,28.7,26.0,5.0,6.0,Human Resources,L2,"Montreal, QC",1.6,5,High,High,Significant Gap
E0178,R004,Workforce Planning Analyst,29.2,0.0,24.8,26.0,4.0,6.0,Human Resources,L2,"Montreal, QC",1.6,5,High,High,Significant Gap
E0178,R005,HR Data Analyst,21.2,0.0,18.1,23.0,4.0,6.0,Human Resources,L2,"Montreal, QC",1.6,5,High,High,Significant Gap
E0178,R006,People Analytics Manager,30.2,0.0,25.7,37.0,5.0,6.0,Human Resources,L2,"Montreal, QC",1.6,5,High,High,Significant Gap
E0178,R007,HRIS & People Data Specialist,31.9,0.0,27.1,25.0,5.0,5.0,Human Resources,L2,"Montreal, QC",1.6,5,High,High,Significant Gap
E0178,R008,Talent Management Analytics Specialist,35.1,0.0,29.8,24.0,4.0,5.0,Human Resources,L2,"Montreal, QC",1.6,5,High,High,Significant Gap
E0179,R001,People Analytics Specialist,26.2,0.0,22.3,30.0,5.0,5.0,Human Resources,L1,"Toronto, ON",6.1,3,Solid,High,Significant Gap
E0179,R002,Senior People Analytics Analyst,15.2,0.0,12.9,41.0,6.0,7.0,Human Resources,L1,"Toronto, ON",6.1,3,Solid,High,Significant Gap
E0179,R003,Talent Intelligence Analyst,13.8,0.0,11.7,34.0,5.0,8.0,Human Resources,L1,"Toronto, ON",6.1,3,Solid,High,Significant Gap
E0179,R004,Workforce Planning Analyst,16.8,0.0,14.3,31.0,4.0,5.0,Human Resources,L1,"Toronto, ON",6.1,3,Solid,High,Significant Gap
E0179,R005,HR Data Analyst,28.3,0.0,24.1,19.0,4.0,4.0,Human Resources,L1,"Toronto, ON",6.1,3,Solid,High,Significant Gap
E0179,R006,People Analytics Manager,23.2,0.0,19.7,40.0,5.0,5.0,Human Resources,L1,"Toronto, ON",6.1,3,Solid,High,Significant Gap
E0179,R007,HRIS & People Data Specialist,16.7,0.0,14.2,31.0,5.0,6.0,Human Resources,L1,"Toronto, ON",6.1,3,Solid,High,Significant Gap
E0179,R008,Talent Management Analytics Specialist,28.8,0.0,24.5,26.0,4.0,5.0,Human Resources,L1,"Toronto, ON",6.1,3,Solid,High,Significant Gap
E0180,R001,People Analytics Specialist,24.1,0.0,20.5,31.0,5.0,8.0,Human Resources,L3,"Vancouver, BC",4.0,3,Developing,Medium,Significant Gap
E0180,R002,Senior People Analytics Analyst,15.2,0.0,12.9,41.0,6.0,9.0,Human Resources,L3,"Vancouver, BC",4.0,3,Developing,Medium,Significant Gap
E0180,R003,Talent Intelligence Analyst,21.5,0.0,18.3,31.0,5.0,8.0,Human Resources,L3,"Vancouver, BC",4.0,3,Developing,Medium,Significant Gap
E0180,R004,Workforce Planning Analyst,30.4,0.0,25.9,26.0,4.0,5.0,Human Resources,L3,"Vancouver, BC",4.0,3,Developing,Medium,Significant Gap
E0180,R005,HR Data Analyst,32.9,25.0,31.7,20.0,3.0,5.0,Human Resources,L3,"Vancouver, BC",4.0,3,Developing,Medium,Significant Gap
E0180,R006,People Analytics Manager,13.4,0.0,11.4,45.0,5.0,9.0,Human Resources,L3,"Vancouver, BC",4.0,3,Developing,Medium,Significant Gap
E0180,R007,HRIS & People Data Specialist,15.7,0.0,13.3,31.0,5.0,8.0,Human Resources,L3,"Vancouver, BC",4.0,3,Developing,Medium,Significant Gap
E0180,R008,Talent Management Analytics Specialist,21.5,0.0,18.3,29.0,4.0,6.0,Human Resources,L3,"Vancouver, BC",4.0,3,Developing,Medium,Significant Gap
E0181,R001,People Analytics Specialist,23.2,20.0,22.7,32.0,4.0,9.0,Customer Success,L5,Remote - Canada,7.0,4,Solid,Low,Significant Gap
E0181,R002,Senior People Analytics Analyst,30.0,33.3,30.5,33.0,4.0,8.0,Customer Success,L5,Remote - Canada,7.0,4,Solid,Low,Significant Gap
E0181,R003,Talent Intelligence Analyst,15.4,0.0,13.1,33.0,5.0,9.0,Customer Success,L5,Remote - Canada,7.0,4,Solid,Low,Significant Gap
E0181,R004,Workforce Planning Analyst,30.6,0.0,26.0,25.0,4.0,6.0,Customer Success,L5,Remote - Canada,7.0,4,Solid,Low,Significant Gap
E0181,R005,HR Data Analyst,10.0,0.0,8.5,25.0,4.0,7.0,Customer Success,L5,Remote - Canada,7.0,4,Solid,Low,Significant Gap
E0181,R006,People Analytics Manager,33.8,20.0,31.7,35.0,4.0,7.0,Customer Success,L5,Remote - Canada,7.0,4,Solid,Low,Significant Gap
E0181,R007,HRIS & People Data Specialist,10.1,0.0,8.6,32.0,5.0,8.0,Customer Success,L5,Remote - Canada,7.0,4,Solid,Low,Significant Gap
E0181,R008,Talent Management Analytics Specialist,12.5,0.0,10.6,31.0,4.0,8.0,Customer Success,L5,Remote - Canada,7.0,4,Solid,Low,Significant Gap
E0182,R001,People Analytics Specialist,30.7,0.0,26.1,29.0,5.0,7.0,Operations,L3,"Toronto, ON",3.5,2,Solid,Medium,Significant Gap
E0182,R002,Senior People Analytics Analyst,15.0,0.0,12.8,41.0,6.0,9.0,Operations,L3,"Toronto, ON",3.5,2,Solid,Medium,Significant Gap
E0182,R003,Talent Intelligence Analyst,5.1,0.0,4.4,37.0,5.0,10.0,Operations,L3,"Toronto, ON",3.5,2,Solid,Medium,Significant Gap
E0182,R004,Workforce Planning Analyst,22.9,0.0,19.5,29.0,4.0,6.0,Operations,L3,"Toronto, ON",3.5,2,Solid,Medium,Significant Gap
E0182,R005,HR Data Analyst,40.0,25.0,37.8,18.0,3.0,5.0,Operations,L3,"Toronto, ON",3.5,2,Solid,Medium,Significant Gap
E0182,R006,People Analytics Manager,13.9,0.0,11.8,45.0,5.0,9.0,Operations,L3,"Toronto, ON",3.5,2,Solid,Medium,Significant Gap
E0182,R007,HRIS & People Data Specialist,31.2,20.0,29.5,26.0,4.0,6.0,Operations,L3,"Toronto, ON",3.5,2,Solid,Medium,Significant Gap
E0182,R008,Talent Management Analytics Specialist,4.2,0.0,3.5,35.0,4.0,9.0,Operations,L3,"Toronto, ON",3.5,2,Solid,Medium,Significant Gap
E0183,R001,People Analytics Specialist,25.9,0.0,22.0,29.0,5.0,6.0,Customer Success,L3,"Ottawa, ON",3.7,3,Developing,Medium,Significant Gap
E0183,R002,Senior People Analytics Analyst,14.0,0.0,11.9,41.0,6.0,8.0,Customer Success,L3,"Ottawa, ON",3.7,3,Developing,Medium,Significant Gap
E0183,R003,Talent Intelligence Analyst,10.3,0.0,8.7,35.0,5.0,9.0,Customer Success,L3,"Ottawa, ON",3.7,3,Developing,Medium,Significant Gap
E0183,R004,Workforce Planning Analyst,20.8,0.0,17.7,29.0,4.0,5.0,Customer Success,L3,"Ottawa, ON",3.7,3,Developing,Medium,Significant Gap
E0183,R005,HR Data Analyst,19.6,0.0,16.6,23.0,4.0,6.0,Customer Success,L3,"Ottawa, ON",3.7,3,Developing,Medium,Significant Gap
E0183,R006,People Analytics Manager,14.1,0.0,12.0,45.0,5.0,8.0,Customer Success,L3,"Ottawa, ON",3.7,3,Developing,Medium,Significant Gap
E0183,R007,HRIS & People Data Specialist,15.6,0.0,13.2,31.0,5.0,7.0,Customer Success,L3,"Ottawa, ON",3.7,3,Developing,Medium,Significant Gap
E0183,R008,Talent Management Analytics Specialist,4.2,0.0,3.5,35.0,4.0,9.0,Customer Success,L3,"Ottawa, ON",3.7,3,Developing,Medium,Significant Gap
E0184,R001,People Analytics Specialist,7.1,0.0,6.1,38.0,5.0,10.0,Engineering,L3,"Calgary, AB",4.6,3,Solid,High,Significant Gap
E0184,R002,Senior People Analytics Analyst,14.4,0.0,12.3,41.0,6.0,9.0,Engineering,L3,"Calgary, AB",4.6,3,Solid,High,Significant Gap
E0184,R003,Talent Intelligence Analyst,16.7,0.0,14.2,31.0,5.0,7.0,Engineering,L3,"Calgary, AB",4.6,3,Solid,High,Significant Gap
E0184,R004,Workforce Planning Analyst,4.2,0.0,3.5,36.0,4.0,9.0,Engineering,L3,"Calgary, AB",4.6,3,Solid,High,Significant Gap
E0184,R005,HR Data Analyst,8.8,0.0,7.4,25.0,4.0,7.0,Engineering,L3,"Calgary, AB",4.6,3,Solid,High,Significant Gap
E0184,R006,People Analytics Manager,4.1,0.0,3.5,50.0,5.0,11.0,Engineering,L3,"Calgary, AB",4.6,3,Solid,High,Significant Gap
E0184,R007,HRIS & People Data Specialist,14.9,0.0,12.6,31.0,5.0,7.0,Engineering,L3,"Calgary, AB",4.6,3,Solid,High,Significant Gap
E0184,R008,Talent Management Analytics Specialist,10.4,0.0,8.9,32.0,4.0,8.0,Engineering,L3,"Calgary, AB",4.6,3,Solid,High,Significant Gap
E0185,R001,People Analytics Specialist,35.7,40.0,36.4,28.0,3.0,8.0,Engineering,L4,"Vancouver, BC",2.2,4,High,High,Significant Gap
E0185,R002,Senior People Analytics Analyst,51.3,33.3,48.6,24.0,4.0,5.0,Engineering,L4,"Vancouver, BC",2.2,4,High,High,Significant Gap
E0185,R003,Talent Intelligence Analyst,23.1,0.0,19.6,30.0,5.0,8.0,Engineering,L4,"Vancouver, BC",2.2,4,High,High,Significant Gap
E0185,R004,Workforce Planning Analyst,22.9,0.0,19.5,28.0,4.0,7.0,Engineering,L4,"Vancouver, BC",2.2,4,High,High,Significant Gap
E0185,R005,HR Data Analyst,36.2,25.0,34.6,20.0,3.0,6.0,Engineering,L4,"Vancouver, BC",2.2,4,High,High,Significant Gap
E0185,R006,People Analytics Manager,45.2,0.0,38.4,29.0,5.0,5.0,Engineering,L4,"Vancouver, BC",2.2,4,High,High,Significant Gap
E0185,R007,HRIS & People Data Specialist,48.6,20.0,44.3,19.0,4.0,4.0,Engineering,L4,"Vancouver, BC",2.2,4,High,High,Significant Gap
E0185,R008,Talent Management Analytics Specialist,8.3,0.0,7.1,33.0,4.0,9.0,Engineering,L4,"Vancouver, BC",2.2,4,High,High,Significant Gap
E0186,R001,People Analytics Specialist,16.4,0.0,13.9,33.0,5.0,9.0,Customer Success,L3,"Montreal, QC",6.8,3,Solid,Low,Significant Gap
E0186,R002,Senior People Analytics Analyst,8.3,0.0,7.1,43.0,6.0,10.0,Customer Success,L3,"Montreal, QC",6.8,3,Solid,Low,Significant Gap
E0186,R003,Talent Intelligence Analyst,11.5,0.0,9.8,35.0,5.0,9.0,Customer Success,L3,"Montreal, QC",6.8,3,Solid,Low,Significant Gap
E0186,R004,Workforce Planning Analyst,20.8,0.0,17.7,29.0,4.0,7.0,Customer Success,L3,"Montreal, QC",6.8,3,Solid,Low,Significant Gap
E0186,R005,HR Data Analyst,21.7,0.0,18.4,21.0,4.0,6.0,Customer Success,L3,"Montreal, QC",6.8,3,Solid,Low,Significant Gap
E0186,R006,People Analytics Manager,12.8,0.0,10.8,45.0,5.0,9.0,Customer Success,L3,"Montreal, QC",6.8,3,Solid,Low,Significant Gap
E0186,R007,HRIS & People Data Specialist,11.6,0.0,9.9,32.0,5.0,8.0,Customer Success,L3,"Montreal, QC",6.8,3,Solid,Low,Significant Gap
E0186,R008,Talent Management Analytics Specialist,8.3,0.0,7.1,34.0,4.0,8.0,Customer Success,L3,"Montreal, QC",6.8,3,Solid,Low,Significant Gap
E0187,R001,People Analytics Specialist,37.5,20.0,34.9,27.0,4.0,6.0,Human Resources,L2,"Vancouver, BC",8.1,2,High,High,Significant Gap
E0187,R002,Senior People Analytics Analyst,27.2,0.0,23.1,36.0,6.0,7.0,Human Resources,L2,"Vancouver, BC",8.1,2,High,High,Significant Gap
E0187,R003,Talent Intelligence Analyst,21.5,0.0,18.3,31.0,5.0,7.0,Human Resources,L2,"Vancouver, BC",8.1,2,High,High,Significant Gap
E0187,R004,Workforce Planning Analyst,18.9,0.0,16.1,30.0,4.0,6.0,Human Resources,L2,"Vancouver, BC",8.1,2,High,High,Significant Gap
E0187,R005,HR Data Analyst,28.7,0.0,24.4,22.0,4.0,5.0,Human Resources,L2,"Vancouver, BC",8.1,2,High,High,Significant Gap
E0187,R006,People Analytics Manager,24.6,0.0,20.9,40.0,5.0,7.0,Human Resources,L2,"Vancouver, BC",8.1,2,High,High,Significant Gap
E0187,R007,HRIS & People Data Specialist,28.0,0.0,23.8,26.0,5.0,5.0,Human Resources,L2,"Vancouver, BC",8.1,2,High,High,Significant Gap
E0187,R008,Talent Management Analytics Specialist,42.2,0.0,35.9,21.0,4.0,4.0,Human Resources,L2,"Vancouver, BC",8.1,2,High,High,Significant Gap
E0188,R001,People Analytics Specialist,19.3,0.0,16.4,31.0,5.0,7.0,Customer Success,L1,"Ottawa, ON",5.8,3,Solid,Medium,Significant Gap
E0188,R002,Senior People Analytics Analyst,11.7,0.0,9.9,42.0,6.0,9.0,Customer Success,L1,"Ottawa, ON",5.8,3,Solid,Medium,Significant Gap
E0188,R003,Talent Intelligence Analyst,5.1,0.0,4.4,37.0,5.0,10.0,Customer Success,L1,"Ottawa, ON",5.8,3,Solid,Medium,Significant Gap
E0188,R004,Workforce Planning Analyst,17.4,0.0,14.8,30.0,4.0,6.0,Customer Success,L1,"Ottawa, ON",5.8,3,Solid,Medium,Significant Gap
E0188,R005,HR Data Analyst,19.2,0.0,16.3,22.0,4.0,5.0,Customer Success,L1,"Ottawa, ON",5.8,3,Solid,Medium,Significant Gap
E0188,R006,People Analytics Manager,12.1,0.0,10.3,46.0,5.0,9.0,Customer Success,L1,"Ottawa, ON",5.8,3,Solid,Medium,Significant Gap
E0188,R007,HRIS & People Data Specialist,12.3,0.0,10.5,32.0,5.0,7.0,Customer Success,L1,"Ottawa, ON",5.8,3,Solid,Medium,Significant Gap
E0188,R008,Talent Management Analytics Specialist,8.3,0.0,7.1,33.0,4.0,8.0,Customer Success,L1,"Ottawa, ON",5.8,3,Solid,Medium,Significant Gap
E0189,R001,People Analytics Specialist,30.7,0.0,26.1,28.0,5.0,7.0,Operations,L4,"Toronto, ON",3.1,5,High,High,Significant Gap
E0189,R002,Senior People Analytics Analyst,32.1,16.7,29.8,33.0,5.0,7.0,Operations,L4,"Toronto, ON",3.1,5,High,High,Significant Gap
E0189,R003,Talent Intelligence Analyst,20.5,0.0,17.4,31.0,5.0,8.0,Operations,L4,"Toronto, ON",3.1,5,High,High,Significant Gap
E0189,R004,Workforce Planning Analyst,50.3,25.0,46.5,18.0,3.0,3.0,Operations,L4,"Toronto, ON",3.1,5,High,High,Significant Gap
E0189,R005,HR Data Analyst,16.2,0.0,13.8,24.0,4.0,7.0,Operations,L4,"Toronto, ON",3.1,5,High,High,Significant Gap
E0189,R006,People Analytics Manager,38.6,20.0,35.8,32.0,4.0,7.0,Operations,L4,"Toronto, ON",3.1,5,High,High,Significant Gap
E0189,R007,HRIS & People Data Specialist,18.5,0.0,15.7,28.0,5.0,7.0,Operations,L4,"Toronto, ON",3.1,5,High,High,Significant Gap
E0189,R008,Talent Management Analytics Specialist,8.3,0.0,7.1,33.0,4.0,9.0,Operations,L4,"Toronto, ON",3.1,5,High,High,Significant Gap
E0190,R001,People Analytics Specialist,23.8,20.0,23.2,32.0,4.0,8.0,Engineering,L3,"Toronto, ON",6.3,3,Developing,Medium,Significant Gap
E0190,R002,Senior People Analytics Analyst,28.2,16.7,26.4,35.0,5.0,7.0,Engineering,L3,"Toronto, ON",6.3,3,Developing,Medium,Significant Gap
E0190,R003,Talent Intelligence Analyst,9.3,0.0,7.9,34.0,5.0,8.0,Engineering,L3,"Toronto, ON",6.3,3,Developing,Medium,Significant Gap
E0190,R004,Workforce Planning Analyst,8.3,0.0,7.1,34.0,4.0,8.0,Engineering,L3,"Toronto, ON",6.3,3,Developing,Medium,Significant Gap
E0190,R005,HR Data Analyst,37.5,25.0,35.6,18.0,3.0,5.0,Engineering,L3,"Toronto, ON",6.3,3,Developing,Medium,Significant Gap
E0190,R006,People Analytics Manager,21.7,0.0,18.5,41.0,5.0,7.0,Engineering,L3,"Toronto, ON",6.3,3,Developing,Medium,Significant Gap
E0190,R007,HRIS & People Data Specialist,41.7,20.0,38.4,22.0,4.0,4.0,Engineering,L3,"Toronto, ON",6.3,3,Developing,Medium,Significant Gap
E0190,R008,Talent Management Analytics Specialist,10.8,0.0,9.1,33.0,4.0,7.0,Engineering,L3,"Toronto, ON",6.3,3,Developing,Medium,Significant Gap
E0191,R001,People Analytics Specialist,16.1,20.0,16.7,35.0,4.0,10.0,Engineering,L1,"Toronto, ON",5.0,3,Developing,Medium,Significant Gap
E0191,R002,Senior People Analytics Analyst,28.3,16.7,26.6,34.0,5.0,8.0,Engineering,L1,"Toronto, ON",5.0,3,Developing,Medium,Significant Gap
E0191,R003,Talent Intelligence Analyst,11.5,0.0,9.8,33.0,5.0,9.0,Engineering,L1,"Toronto, ON",5.0,3,Developing,Medium,Significant Gap
E0191,R004,Workforce Planning Analyst,12.5,0.0,10.6,32.0,4.0,8.0,Engineering,L1,"Toronto, ON",5.0,3,Developing,Medium,Significant Gap
E0191,R005,HR Data Analyst,37.5,25.0,35.6,17.0,3.0,5.0,Engineering,L1,"Toronto, ON",5.0,3,Developing,Medium,Significant Gap
E0191,R006,People Analytics Manager,18.3,0.0,15.5,43.0,5.0,9.0,Engineering,L1,"Toronto, ON",5.0,3,Developing,Medium,Significant Gap
E0191,R007,HRIS & People Data Specialist,31.5,20.0,29.8,27.0,4.0,7.0,Engineering,L1,"Toronto, ON",5.0,3,Developing,Medium,Significant Gap
E0191,R008,Talent Management Analytics Specialist,6.2,0.0,5.3,34.0,4.0,9.0,Engineering,L1,"Toronto, ON",5.0,3,Developing,Medium,Significant Gap
E0192,R001,People Analytics Specialist,18.2,20.0,18.4,34.0,4.0,9.0,Sales,L3,"Toronto, ON",6.3,3,High,Medium,Significant Gap
E0192,R002,Senior People Analytics Analyst,17.0,0.0,14.4,39.0,6.0,8.0,Sales,L3,"Toronto, ON",6.3,3,High,Medium,Significant Gap
E0192,R003,Talent Intelligence Analyst,7.7,0.0,6.5,36.0,5.0,9.0,Sales,L3,"Toronto, ON",6.3,3,High,Medium,Significant Gap
E0192,R004,Workforce Planning Analyst,19.4,0.0,16.5,30.0,4.0,6.0,Sales,L3,"Toronto, ON",6.3,3,High,Medium,Significant Gap
E0192,R005,HR Data Analyst,10.0,0.0,8.5,26.0,4.0,8.0,Sales,L3,"Toronto, ON",6.3,3,High,Medium,Significant Gap
E0192,R006,People Analytics Manager,19.0,0.0,16.1,42.0,5.0,7.0,Sales,L3,"Toronto, ON",6.3,3,High,Medium,Significant Gap
E0192,R007,HRIS & People Data Specialist,13.0,0.0,11.1,31.0,5.0,7.0,Sales,L3,"Toronto, ON",6.3,3,High,Medium,Significant Gap
E0192,R008,Talent Management Analytics Specialist,4.2,0.0,3.5,35.0,4.0,9.0,Sales,L3,"Toronto, ON",6.3,3,High,Medium,Significant Gap
E0193,R001,People Analytics Specialist,31.5,0.0,26.8,28.0,5.0,7.0,Marketing,L6,"Vancouver, BC",6.2,4,Solid,Low,Significant Gap
E0193,R002,Senior People Analytics Analyst,26.8,0.0,22.8,35.0,6.0,7.0,Marketing,L6,"Vancouver, BC",6.2,4,Solid,Low,Significant Gap
E0193,R003,Talent Intelligence Analyst,20.9,0.0,17.8,31.0,5.0,7.0,Marketing,L6,"Vancouver, BC",6.2,4,Solid,Low,Significant Gap
E0193,R004,Workforce Planning Analyst,37.5,0.0,31.9,23.0,4.0,4.0,Marketing,L6,"Vancouver, BC",6.2,4,Solid,Low,Significant Gap
E0193,R005,HR Data Analyst,18.3,0.0,15.6,22.0,4.0,6.0,Marketing,L6,"Vancouver, BC",6.2,4,Solid,Low,Significant Gap
E0193,R006,People Analytics Manager,30.0,0.0,25.5,36.0,5.0,6.0,Marketing,L6,"Vancouver, BC",6.2,4,Solid,Low,Significant Gap
E0193,R007,HRIS & People Data Specialist,14.5,0.0,12.3,30.0,5.0,7.0,Marketing,L6,"Vancouver, BC",6.2,4,Solid,Low,Significant Gap
E0193,R008,Talent Management Analytics Specialist,8.3,0.0,7.1,33.0,4.0,8.0,Marketing,L6,"Vancouver, BC",6.2,4,Solid,Low,Significant Gap
E0194,R001,People Analytics Specialist,23.8,20.0,23.2,31.0,4.0,8.0,Sales,L4,"Vancouver, BC",4.7,4,Developing,High,Significant Gap
E0194,R002,Senior People Analytics Analyst,18.0,0.0,15.3,39.0,6.0,9.0,Sales,L4,"Vancouver, BC",4.7,4,Developing,High,Significant Gap
E0194,R003,Talent Intelligence Analyst,12.8,0.0,10.9,34.0,5.0,9.0,Sales,L4,"Vancouver, BC",4.7,4,Developing,High,Significant Gap
E0194,R004,Workforce Planning Analyst,22.9,0.0,19.5,28.0,4.0,6.0,Sales,L4,"Vancouver, BC",4.7,4,Developing,High,Significant Gap
E0194,R005,HR Data Analyst,17.5,0.0,14.9,22.0,4.0,6.0,Sales,L4,"Vancouver, BC",4.7,4,Developing,High,Significant Gap
E0194,R006,People Analytics Manager,23.8,0.0,20.2,40.0,5.0,8.0,Sales,L4,"Vancouver, BC",4.7,4,Developing,High,Significant Gap
E0194,R007,HRIS & People Data Specialist,9.4,0.0,8.0,33.0,5.0,8.0,Sales,L4,"Vancouver, BC",4.7,4,Developing,High,Significant Gap
E0194,R008,Talent Management Analytics Specialist,10.4,0.0,8.9,32.0,4.0,8.0,Sales,L4,"Vancouver, BC",4.7,4,Developing,High,Significant Gap
E0195,R001,People Analytics Specialist,32.1,0.0,27.3,27.0,5.0,6.0,Human Resources,L2,"Montreal, QC",0.3,3,High,Medium,Significant Gap
E0195,R002,Senior People Analytics Analyst,17.7,0.0,15.0,40.0,6.0,9.0,Human Resources,L2,"Montreal, QC",0.3,3,High,Medium,Significant Gap
E0195,R003,Talent Intelligence Analyst,23.7,0.0,20.2,30.0,5.0,7.0,Human Resources,L2,"Montreal, QC",0.3,3,High,Medium,Significant Gap
E0195,R004,Workforce Planning Analyst,12.5,0.0,10.6,33.0,4.0,8.0,Human Resources,L2,"Montreal, QC",0.3,3,High,Medium,Significant Gap
E0195,R005,HR Data Analyst,41.2,25.0,38.8,18.0,3.0,5.0,Human Resources,L2,"Montreal, QC",0.3,3,High,Medium,Significant Gap
E0195,R006,People Analytics Manager,17.7,0.0,15.0,43.0,5.0,8.0,Human Resources,L2,"Montreal, QC",0.3,3,High,Medium,Significant Gap
E0195,R007,HRIS & People Data Specialist,30.3,20.0,28.7,26.0,4.0,6.0,Human Resources,L2,"Montreal, QC",0.3,3,High,Medium,Significant Gap
E0195,R008,Talent Management Analytics Specialist,14.6,0.0,12.4,32.0,4.0,7.0,Human Resources,L2,"Montreal, QC",0.3,3,High,Medium,Significant Gap
E0196,R001,People Analytics Specialist,14.0,0.0,11.9,35.0,5.0,8.0,Operations,L2,"Toronto, ON",7.1,2,Solid,Medium,Significant Gap
E0196,R002,Senior People Analytics Analyst,10.0,0.0,8.5,42.0,6.0,9.0,Operations,L2,"Toronto, ON",7.1,2,Solid,Medium,Significant Gap
E0196,R003,Talent Intelligence Analyst,0.0,0.0,0.0,39.0,5.0,11.0,Operations,L2,"Toronto, ON",7.1,2,Solid,Medium,Significant Gap
E0196,R004,Workforce Planning Analyst,11.1,0.0,9.4,34.0,4.0,7.0,Operations,L2,"Toronto, ON",7.1,2,Solid,Medium,Significant Gap
E0196,R005,HR Data Analyst,16.7,0.0,14.2,23.0,4.0,5.0,Operations,L2,"Toronto, ON",7.1,2,Solid,Medium,Significant Gap
E0196,R006,People Analytics Manager,3.4,0.0,2.9,50.0,5.0,10.0,Operations,L2,"Toronto, ON",7.1,2,Solid,Medium,Significant Gap
E0196,R007,HRIS & People Data Specialist,19.6,0.0,16.6,30.0,5.0,6.0,Operations,L2,"Toronto, ON",7.1,2,Solid,Medium,Significant Gap
E0196,R008,Talent Management Analytics Specialist,4.2,0.0,3.5,35.0,4.0,9.0,Operations,L2,"Toronto, ON",7.1,2,Solid,Medium,Significant Gap
E0197,R001,People Analytics Specialist,11.9,0.0,10.1,36.0,5.0,9.0,Customer Success,L2,"Montreal, QC",10.3,5,Developing,Medium,Significant Gap
E0197,R002,Senior People Analytics Analyst,9.0,0.0,7.7,43.0,6.0,10.0,Customer Success,L2,"Montreal, QC",10.3,5,Developing,Medium,Significant Gap
E0197,R003,Talent Intelligence Analyst,5.1,0.0,4.4,37.0,5.0,10.0,Customer Success,L2,"Montreal, QC",10.3,5,Developing,Medium,Significant Gap
E0197,R004,Workforce Planning Analyst,13.9,0.0,11.8,32.0,4.0,7.0,Customer Success,L2,"Montreal, QC",10.3,5,Developing,Medium,Significant Gap
E0197,R005,HR Data Analyst,15.0,0.0,12.8,23.0,4.0,6.0,Customer Success,L2,"Montreal, QC",10.3,5,Developing,Medium,Significant Gap
E0197,R006,People Analytics Manager,12.1,0.0,10.3,46.0,5.0,9.0,Customer Success,L2,"Montreal, QC",10.3,5,Developing,Medium,Significant Gap
E0197,R007,HRIS & People Data Specialist,8.0,0.0,6.8,34.0,5.0,8.0,Customer Success,L2,"Montreal, QC",10.3,5,Developing,Medium,Significant Gap
E0197,R008,Talent Management Analytics Specialist,8.3,0.0,7.1,33.0,4.0,9.0,Customer Success,L2,"Montreal, QC",10.3,5,Developing,Medium,Significant Gap
E0198,R001,People Analytics Specialist,26.2,0.0,22.3,30.0,5.0,7.0,Marketing,L1,"Montreal, QC",6.7,4,Solid,Low,Significant Gap
E0198,R002,Senior People Analytics Analyst,13.3,0.0,11.3,41.0,6.0,9.0,Marketing,L1,"Montreal, QC",6.7,4,Solid,Low,Significant Gap
E0198,R003,Talent Intelligence Analyst,7.7,0.0,6.5,36.0,5.0,10.0,Marketing,L1,"Montreal, QC",6.7,4,Solid,Low,Significant Gap
E0198,R004,Workforce Planning Analyst,20.8,0.0,17.7,29.0,4.0,6.0,Marketing,L1,"Montreal, QC",6.7,4,Solid,Low,Significant Gap
E0198,R005,HR Data Analyst,19.6,0.0,16.6,23.0,4.0,6.0,Marketing,L1,"Montreal, QC",6.7,4,Solid,Low,Significant Gap
E0198,R006,People Analytics Manager,10.0,0.0,8.5,47.0,5.0,10.0,Marketing,L1,"Montreal, QC",6.7,4,Solid,Low,Significant Gap
E0198,R007,HRIS & People Data Specialist,12.7,0.0,10.8,33.0,5.0,8.0,Marketing,L1,"Montreal, QC",6.7,4,Solid,Low,Significant Gap
E0198,R008,Talent Management Analytics Specialist,8.3,0.0,7.1,34.0,4.0,9.0,Marketing,L1,"Montreal, QC",6.7,4,Solid,Low,Significant Gap
E0199,R001,People Analytics Specialist,22.3,0.0,19.0,31.0,5.0,7.0,Human Resources,L1,"Toronto, ON",9.5,3,Solid,Medium,Significant Gap
E0199,R002,Senior People Analytics Analyst,18.3,16.7,18.1,40.0,5.0,8.0,Human Resources,L1,"Toronto, ON",9.5,3,Solid,Medium,Significant Gap
E0199,R003,Talent Intelligence Analyst,15.7,0.0,13.3,33.0,5.0,8.0,Human Resources,L1,"Toronto, ON",9.5,3,Solid,Medium,Significant Gap
E0199,R004,Workforce Planning Analyst,23.8,0.0,20.2,28.0,4.0,5.0,Human Resources,L1,"Toronto, ON",9.5,3,Solid,Medium,Significant Gap
E0199,R005,HR Data Analyst,6.7,0.0,5.7,26.0,4.0,7.0,Human Resources,L1,"Toronto, ON",9.5,3,Solid,Medium,Significant Gap
E0199,R006,People Analytics Manager,17.2,0.0,14.7,43.0,5.0,7.0,Human Resources,L1,"Toronto, ON",9.5,3,Solid,Medium,Significant Gap
E0199,R007,HRIS & People Data Specialist,7.2,0.0,6.2,33.0,5.0,8.0,Human Resources,L1,"Toronto, ON",9.5,3,Solid,Medium,Significant Gap
E0199,R008,Talent Management Analytics Specialist,29.5,0.0,25.1,25.0,4.0,5.0,Human Resources,L1,"Toronto, ON",9.5,3,Solid,Medium,Significant Gap
E0200,R001,People Analytics Specialist,32.1,20.0,30.3,28.0,4.0,7.0,Finance,L4,"Vancouver, BC",5.2,2,Solid,High,Significant Gap
E0200,R002,Senior People Analytics Analyst,29.7,16.7,27.7,33.0,5.0,8.0,Finance,L4,"Vancouver, BC",5.2,2,Solid,High,Significant Gap
E0200,R003,Talent Intelligence Analyst,17.9,0.0,15.3,32.0,5.0,8.0,Finance,L4,"Vancouver, BC",5.2,2,Solid,High,Significant Gap
E0200,R004,Workforce Planning Analyst,43.8,0.0,37.2,20.0,4.0,4.0,Finance,L4,"Vancouver, BC",5.2,2,Solid,High,Significant Gap
E0200,R005,HR Data Analyst,18.3,0.0,15.6,22.0,4.0,6.0,Finance,L4,"Vancouver, BC",5.2,2,Solid,High,Significant Gap
E0200,R006,People Analytics Manager,31.7,0.0,27.0,36.0,5.0,7.0,Finance,L4,"Vancouver, BC",5.2,2,Solid,High,Significant Gap
E0200,R007,HRIS & People Data Specialist,13.0,0.0,11.1,31.0,5.0,8.0,Finance,L4,"Vancouver, BC",5.2,2,Solid,High,Significant Gap
E0200,R008,Talent Management Analytics Specialist,15.3,0.0,13.0,30.0,4.0,7.0,Finance,L4,"Vancouver, BC",5.2,2,Solid,High,Significant Gap
E0201,R001,People Analytics Specialist,30.7,20.0,29.1,29.0,4.0,7.0,Finance,L4,"Toronto, ON",0.3,4,Solid,Medium,Significant Gap
E0201,R002,Senior People Analytics Analyst,28.0,16.7,26.3,34.0,5.0,8.0,Finance,L4,"Toronto, ON",0.3,4,Solid,Medium,Significant Gap
E0201,R003,Talent Intelligence Analyst,17.9,0.0,15.3,32.0,5.0,8.0,Finance,L4,"Toronto, ON",0.3,4,Solid,Medium,Significant Gap
E0201,R004,Workforce Planning Analyst,46.2,0.0,39.3,20.0,4.0,4.0,Finance,L4,"Toronto, ON",0.3,4,Solid,Medium,Significant Gap
E0201,R005,HR Data Analyst,17.5,0.0,14.9,23.0,4.0,6.0,Finance,L4,"Toronto, ON",0.3,4,Solid,Medium,Significant Gap
E0201,R006,People Analytics Manager,36.9,0.0,31.4,33.0,5.0,6.0,Finance,L4,"Toronto, ON",0.3,4,Solid,Medium,Significant Gap
E0201,R007,HRIS & People Data Specialist,18.1,0.0,15.4,29.0,5.0,6.0,Finance,L4,"Toronto, ON",0.3,4,Solid,Medium,Significant Gap
E0201,R008,Talent Management Analytics Specialist,15.3,0.0,13.0,30.0,4.0,7.0,Finance,L4,"Toronto, ON",0.3,4,Solid,Medium,Significant Gap
E0202,R001,People Analytics Specialist,15.5,20.0,16.2,36.0,4.0,10.0,Engineering,L3,"Calgary, AB",6.4,3,Developing,Medium,Significant Gap
E0202,R002,Senior People Analytics Analyst,22.8,16.7,21.9,38.0,5.0,8.0,Engineering,L3,"Calgary, AB",6.4,3,Developing,Medium,Significant Gap
E0202,R003,Talent Intelligence Analyst,17.9,0.0,15.3,31.0,5.0,8.0,Engineering,L3,"Calgary, AB",6.4,3,Developing,Medium,Significant Gap
E0202,R004,Workforce Planning Analyst,2.1,0.0,1.8,37.0,4.0,9.0,Engineering,L3,"Calgary, AB",6.4,3,Developing,Medium,Significant Gap
E0202,R005,HR Data Analyst,34.2,25.0,32.8,19.0,3.0,5.0,Engineering,L3,"Calgary, AB",6.4,3,Developing,Medium,Significant Gap
E0202,R006,People Analytics Manager,12.4,0.0,10.6,46.0,5.0,9.0,Engineering,L3,"Calgary, AB",6.4,3,Developing,Medium,Significant Gap
E0202,R007,HRIS & People Data Specialist,26.1,20.0,25.2,29.0,4.0,7.0,Engineering,L3,"Calgary, AB",6.4,3,Developing,Medium,Significant Gap
E0202,R008,Talent Management Analytics Specialist,6.2,0.0,5.3,34.0,4.0,9.0,Engineering,L3,"Calgary, AB",6.4,3,Developing,Medium,Significant Gap
E0203,R001,People Analytics Specialist,32.1,40.0,33.3,29.0,3.0,8.0,Engineering,L4,"Calgary, AB",2.4,4,High,High,Significant Gap
E0203,R002,Senior People Analytics Analyst,45.3,33.3,43.5,27.0,4.0,6.0,Engineering,L4,"Calgary, AB",2.4,4,High,High,Significant Gap
E0203,R003,Talent Intelligence Analyst,24.4,0.0,20.7,28.0,5.0,7.0,Engineering,L4,"Calgary, AB",2.4,4,High,High,Significant Gap
E0203,R004,Workforce Planning Analyst,29.2,0.0,24.8,25.0,4.0,6.0,Engineering,L4,"Calgary, AB",2.4,4,High,High,Significant Gap
E0203,R005,HR Data Analyst,35.0,25.0,33.5,18.0,3.0,5.0,Engineering,L4,"Calgary, AB",2.4,4,High,High,Significant Gap
E0203,R006,People Analytics Manager,47.6,20.0,43.4,28.0,4.0,6.0,Engineering,L4,"Calgary, AB",2.4,4,High,High,Significant Gap
E0203,R007,HRIS & People Data Specialist,27.2,20.0,26.1,27.0,4.0,7.0,Engineering,L4,"Calgary, AB",2.4,4,High,High,Significant Gap
E0203,R008,Talent Management Analytics Specialist,14.6,0.0,12.4,30.0,4.0,8.0,Engineering,L4,"Calgary, AB",2.4,4,High,High,Significant Gap
E0204,R001,People Analytics Specialist,8.6,0.0,7.3,36.0,5.0,9.0,Customer Success,L2,Remote - Canada,2.3,3,Solid,Medium,Significant Gap
E0204,R002,Senior People Analytics Analyst,3.3,0.0,2.8,46.0,6.0,10.0,Customer Success,L2,Remote - Canada,2.3,3,Solid,Medium,Significant Gap
E0204,R003,Talent Intelligence Analyst,0.0,0.0,0.0,39.0,5.0,11.0,Customer Success,L2,Remote - Canada,2.3,3,Solid,Medium,Significant Gap
E0204,R004,Workforce Planning Analyst,9.0,0.0,7.7,34.0,4.0,7.0,Customer Success,L2,Remote - Canada,2.3,3,Solid,Medium,Significant Gap
E0204,R005,HR Data Analyst,13.3,0.0,11.3,23.0,4.0,6.0,Customer Success,L2,Remote - Canada,2.3,3,Solid,Medium,Significant Gap
E0204,R006,People Analytics Manager,7.2,0.0,6.2,48.0,5.0,9.0,Customer Success,L2,Remote - Canada,2.3,3,Solid,Medium,Significant Gap
E0204,R007,HRIS & People Data Specialist,5.8,0.0,4.9,34.0,5.0,8.0,Customer Success,L2,Remote - Canada,2.3,3,Solid,Medium,Significant Gap
E0204,R008,Talent Management Analytics Specialist,8.3,0.0,7.1,33.0,4.0,9.0,Customer Success,L2,Remote - Canada,2.3,3,Solid,Medium,Significant Gap
E0205,R001,People Analytics Specialist,12.5,0.0,10.6,36.0,5.0,10.0,Engineering,L5,"Toronto, ON",12.4,4,Developing,Low,Significant Gap
E0205,R002,Senior People Analytics Analyst,32.1,0.0,27.2,32.0,6.0,6.0,Engineering,L5,"Toronto, ON",12.4,4,Developing,Low,Significant Gap
E0205,R003,Talent Intelligence Analyst,24.4,0.0,20.7,28.0,5.0,7.0,Engineering,L5,"Toronto, ON",12.4,4,Developing,Low,Significant Gap
E0205,R004,Workforce Planning Analyst,18.1,0.0,15.3,30.0,4.0,7.0,Engineering,L5,"Toronto, ON",12.4,4,Developing,Low,Significant Gap
E0205,R005,HR Data Analyst,5.0,0.0,4.2,27.0,4.0,7.0,Engineering,L5,"Toronto, ON",12.4,4,Developing,Low,Significant Gap
E0205,R006,People Analytics Manager,28.6,0.0,24.3,37.0,5.0,6.0,Engineering,L5,"Toronto, ON",12.4,4,Developing,Low,Significant Gap
E0205,R007,HRIS & People Data Specialist,19.2,0.0,16.3,28.0,5.0,6.0,Engineering,L5,"Toronto, ON",12.4,4,Developing,Low,Significant Gap
E0205,R008,Talent Management Analytics Specialist,8.3,0.0,7.1,33.0,4.0,8.0,Engineering,L5,"Toronto, ON",12.4,4,Developing,Low,Significant Gap
E0206,R001,People Analytics Specialist,19.0,0.0,16.2,34.0,5.0,8.0,Engineering,L2,Remote - Canada,4.5,3,Solid,Medium,Significant Gap
E0206,R002,Senior People Analytics Analyst,23.3,0.0,19.8,37.0,6.0,7.0,Engineering,L2,Remote - Canada,4.5,3,Solid,Medium,Significant Gap
E0206,R003,Talent Intelligence Analyst,24.4,0.0,20.7,28.0,5.0,7.0,Engineering,L2,Remote - Canada,4.5,3,Solid,Medium,Significant Gap
E0206,R004,Workforce Planning Analyst,11.8,0.0,10.0,33.0,4.0,7.0,Engineering,L2,Remote - Canada,4.5,3,Solid,Medium,Significant Gap
E0206,R005,HR Data Analyst,19.2,0.0,16.3,24.0,4.0,6.0,Engineering,L2,Remote - Canada,4.5,3,Solid,Medium,Significant Gap
E0206,R006,People Analytics Manager,17.4,0.0,14.8,43.0,5.0,8.0,Engineering,L2,Remote - Canada,4.5,3,Solid,Medium,Significant Gap
E0206,R007,HRIS & People Data Specialist,25.4,0.0,21.6,26.0,5.0,5.0,Engineering,L2,Remote - Canada,4.5,3,Solid,Medium,Significant Gap
E0206,R008,Talent Management Analytics Specialist,4.2,0.0,3.5,35.0,4.0,9.0,Engineering,L2,Remote - Canada,4.5,3,Solid,Medium,Significant Gap
E0207,R001,People Analytics Specialist,45.8,40.0,45.0,24.0,3.0,6.0,Engineering,L5,"Montreal, QC",5.8,4,High,Medium,Significant Gap
E0207,R002,Senior People Analytics Analyst,49.3,33.3,46.9,24.0,4.0,4.0,Engineering,L5,"Montreal, QC",5.8,4,High,Medium,Significant Gap
E0207,R003,Talent Intelligence Analyst,23.1,0.0,19.6,30.0,5.0,8.0,Engineering,L5,"Montreal, QC",5.8,4,High,Medium,Significant Gap
E0207,R004,Workforce Planning Analyst,25.4,0.0,21.6,27.0,4.0,6.0,Engineering,L5,"Montreal, QC",5.8,4,High,Medium,Significant Gap
E0207,R005,HR Data Analyst,41.2,25.0,38.8,17.0,3.0,4.0,Engineering,L5,"Montreal, QC",5.8,4,High,Medium,Significant Gap
E0207,R006,People Analytics Manager,55.2,40.0,52.9,24.0,3.0,3.0,Engineering,L5,"Montreal, QC",5.8,4,High,Medium,Significant Gap
E0207,R007,HRIS & People Data Specialist,49.3,0.0,41.9,18.0,5.0,3.0,Engineering,L5,"Montreal, QC",5.8,4,High,Medium,Significant Gap
E0207,R008,Talent Management Analytics Specialist,18.1,0.0,15.3,29.0,4.0,7.0,Engineering,L5,"Montreal, QC",5.8,4,High,Medium,Significant Gap
E0208,R001,People Analytics Specialist,25.3,0.0,21.5,30.0,5.0,6.0,Customer Success,L3,"Montreal, QC",6.0,5,Developing,Medium,Significant Gap
E0208,R002,Senior People Analytics Analyst,23.5,0.0,20.0,37.0,6.0,7.0,Customer Success,L3,"Montreal, QC",6.0,5,Developing,Medium,Significant Gap
E0208,R003,Talent Intelligence Analyst,25.1,0.0,21.4,29.0,5.0,7.0,Customer Success,L3,"Montreal, QC",6.0,5,Developing,Medium,Significant Gap
E0208,R004,Workforce Planning Analyst,27.5,0.0,23.4,27.0,4.0,4.0,Customer Success,L3,"Montreal, QC",6.0,5,Developing,Medium,Significant Gap
E0208,R005,HR Data Analyst,15.0,0.0,12.7,23.0,4.0,6.0,Customer Success,L3,"Montreal, QC",6.0,5,Developing,Medium,Significant Gap
E0208,R006,People Analytics Manager,17.2,0.0,14.7,43.0,5.0,7.0,Customer Success,L3,"Montreal, QC",6.0,5,Developing,Medium,Significant Gap
E0208,R007,HRIS & People Data Specialist,10.1,0.0,8.6,32.0,5.0,7.0,Customer Success,L3,"Montreal, QC",6.0,5,Developing,Medium,Significant Gap
E0208,R008,Talent Management Analytics Specialist,8.3,0.0,7.1,33.0,4.0,8.0,Customer Success,L3,"Montreal, QC",6.0,5,Developing,Medium,Significant Gap
E0209,R001,People Analytics Specialist,26.2,20.0,25.3,30.0,4.0,8.0,Marketing,L3,"Toronto, ON",3.7,4,Developing,Medium,Significant Gap
E0209,R002,Senior People Analytics Analyst,26.3,16.7,24.9,36.0,5.0,8.0,Marketing,L3,"Toronto, ON",3.7,4,Developing,Medium,Significant Gap
E0209,R003,Talent Intelligence Analyst,30.6,0.0,26.0,26.0,5.0,6.0,Marketing,L3,"Toronto, ON",3.7,4,Developing,Medium,Significant Gap
E0209,R004,Workforce Planning Analyst,30.6,0.0,26.0,25.0,4.0,5.0,Marketing,L3,"Toronto, ON",3.7,4,Developing,Medium,Significant Gap
E0209,R005,HR Data Analyst,5.0,0.0,4.2,27.0,4.0,8.0,Marketing,L3,"Toronto, ON",3.7,4,Developing,Medium,Significant Gap
E0209,R006,People Analytics Manager,20.7,0.0,17.6,42.0,5.0,9.0,Marketing,L3,"Toronto, ON",3.7,4,Developing,Medium,Significant Gap
E0209,R007,HRIS & People Data Specialist,4.3,0.0,3.7,34.0,5.0,9.0,Marketing,L3,"Toronto, ON",3.7,4,Developing,Medium,Significant Gap
E0209,R008,Talent Management Analytics Specialist,14.6,0.0,12.4,31.0,4.0,8.0,Marketing,L3,"Toronto, ON",3.7,4,Developing,Medium,Significant Gap
E0210,R001,People Analytics Specialist,19.6,0.0,16.7,33.0,5.0,8.0,Customer Success,L3,"Toronto, ON",7.3,4,High,Low,Significant Gap
E0210,R002,Senior People Analytics Analyst,21.5,0.0,18.3,37.0,6.0,7.0,Customer Success,L3,"Toronto, ON",7.3,4,High,Low,Significant Gap
E0210,R003,Talent Intelligence Analyst,12.8,0.0,10.9,34.0,5.0,9.0,Customer Success,L3,"Toronto, ON",7.3,4,High,Low,Significant Gap
E0210,R004,Workforce Planning Analyst,25.7,0.0,21.8,27.0,4.0,5.0,Customer Success,L3,"Toronto, ON",7.3,4,High,Low,Significant Gap
E0210,R005,HR Data Analyst,12.5,0.0,10.6,24.0,4.0,6.0,Customer Success,L3,"Toronto, ON",7.3,4,High,Low,Significant Gap
E0210,R006,People Analytics Manager,21.7,0.0,18.5,41.0,5.0,7.0,Customer Success,L3,"Toronto, ON",7.3,4,High,Low,Significant Gap
E0210,R007,HRIS & People Data Specialist,14.5,0.0,12.3,30.0,5.0,6.0,Customer Success,L3,"Toronto, ON",7.3,4,High,Low,Significant Gap
E0210,R008,Talent Management Analytics Specialist,10.4,0.0,8.9,32.0,4.0,8.0,Customer Success,L3,"Toronto, ON",7.3,4,High,Low,Significant Gap
E0211,R001,People Analytics Specialist,34.8,0.0,29.6,27.0,5.0,6.0,Sales,L2,"Vancouver, BC",7.2,3,High,Medium,Significant Gap
E0211,R002,Senior People Analytics Analyst,21.0,0.0,17.8,38.0,6.0,7.0,Sales,L2,"Vancouver, BC",7.2,3,High,Medium,Significant Gap
E0211,R003,Talent Intelligence Analyst,24.0,0.0,20.4,30.0,5.0,8.0,Sales,L2,"Vancouver, BC",7.2,3,High,Medium,Significant Gap
E0211,R004,Workforce Planning Analyst,28.9,0.0,24.6,26.0,4.0,4.0,Sales,L2,"Vancouver, BC",7.2,3,High,Medium,Significant Gap
E0211,R005,HR Data Analyst,31.7,25.0,30.7,20.0,3.0,5.0,Sales,L2,"Vancouver, BC",7.2,3,High,Medium,Significant Gap
E0211,R006,People Analytics Manager,27.1,0.0,23.1,38.0,5.0,5.0,Sales,L2,"Vancouver, BC",7.2,3,High,Medium,Significant Gap
E0211,R007,HRIS & People Data Specialist,30.8,20.0,29.2,24.0,4.0,5.0,Sales,L2,"Vancouver, BC",7.2,3,High,Medium,Significant Gap
E0211,R008,Talent Management Analytics Specialist,6.2,0.0,5.3,34.0,4.0,9.0,Sales,L2,"Vancouver, BC",7.2,3,High,Medium,Significant Gap
E0212,R001,People Analytics Specialist,32.1,0.0,27.3,28.0,5.0,6.0,Human Resources,L1,"Vancouver, BC",10.5,2,Solid,Medium,Significant Gap
E0212,R002,Senior People Analytics Analyst,16.2,0.0,13.8,41.0,6.0,8.0,Human Resources,L1,"Vancouver, BC",10.5,2,Solid,Medium,Significant Gap
E0212,R003,Talent Intelligence Analyst,17.9,0.0,15.3,32.0,5.0,7.0,Human Resources,L1,"Vancouver, BC",10.5,2,Solid,Medium,Significant Gap
E0212,R004,Workforce Planning Analyst,18.1,0.0,15.3,30.0,4.0,7.0,Human Resources,L1,"Vancouver, BC",10.5,2,Solid,Medium,Significant Gap
E0212,R005,HR Data Analyst,31.2,0.0,26.6,20.0,4.0,5.0,Human Resources,L1,"Vancouver, BC",10.5,2,Solid,Medium,Significant Gap
E0212,R006,People Analytics Manager,12.9,0.0,10.9,46.0,5.0,9.0,Human Resources,L1,"Vancouver, BC",10.5,2,Solid,Medium,Significant Gap
E0212,R007,HRIS & People Data Specialist,17.9,0.0,15.2,30.0,5.0,6.0,Human Resources,L1,"Vancouver, BC",10.5,2,Solid,Medium,Significant Gap
E0212,R008,Talent Management Analytics Specialist,33.9,0.0,28.8,24.0,4.0,5.0,Human Resources,L1,"Vancouver, BC",10.5,2,Solid,Medium,Significant Gap
E0213,R001,People Analytics Specialist,40.8,0.0,34.7,25.0,5.0,6.0,Marketing,L4,Remote - Canada,5.9,2,Solid,Medium,Significant Gap
E0213,R002,Senior People Analytics Analyst,32.7,16.7,30.3,32.0,5.0,7.0,Marketing,L4,Remote - Canada,5.9,2,Solid,Medium,Significant Gap
E0213,R003,Talent Intelligence Analyst,25.6,0.0,21.8,28.0,5.0,7.0,Marketing,L4,Remote - Canada,5.9,2,Solid,Medium,Significant Gap
E0213,R004,Workforce Planning Analyst,38.9,0.0,33.1,22.0,4.0,5.0,Marketing,L4,Remote - Canada,5.9,2,Solid,Medium,Significant Gap
E0213,R005,HR Data Analyst,17.5,0.0,14.9,24.0,4.0,7.0,Marketing,L4,Remote - Canada,5.9,2,Solid,Medium,Significant Gap
E0213,R006,People Analytics Manager,36.6,0.0,31.1,33.0,5.0,6.0,Marketing,L4,Remote - Canada,5.9,2,Solid,Medium,Significant Gap
E0213,R007,HRIS & People Data Specialist,22.5,0.0,19.1,27.0,5.0,6.0,Marketing,L4,Remote - Canada,5.9,2,Solid,Medium,Significant Gap
E0213,R008,Talent Management Analytics Specialist,16.7,0.0,14.2,30.0,4.0,8.0,Marketing,L4,Remote - Canada,5.9,2,Solid,Medium,Significant Gap
E0214,R001,People Analytics Specialist,28.0,20.0,26.8,29.0,4.0,8.0,Finance,L1,"Vancouver, BC",2.8,3,Developing,Medium,Significant Gap
E0214,R002,Senior People Analytics Analyst,12.5,0.0,10.6,43.0,6.0,10.0,Finance,L1,"Vancouver, BC",2.8,3,Developing,Medium,Significant Gap
E0214,R003,Talent Intelligence Analyst,12.8,0.0,10.9,34.0,5.0,9.0,Finance,L1,"Vancouver, BC",2.8,3,Developing,Medium,Significant Gap
E0214,R004,Workforce Planning Analyst,34.4,0.0,29.2,25.0,4.0,5.0,Finance,L1,"Vancouver, BC",2.8,3,Developing,Medium,Significant Gap
E0214,R005,HR Data Analyst,7.5,0.0,6.4,26.0,4.0,8.0,Finance,L1,"Vancouver, BC",2.8,3,Developing,Medium,Significant Gap
E0214,R006,People Analytics Manager,7.6,0.0,6.4,48.0,5.0,10.0,Finance,L1,"Vancouver, BC",2.8,3,Developing,Medium,Significant Gap
E0214,R007,HRIS & People Data Specialist,5.8,0.0,4.9,33.0,5.0,8.0,Finance,L1,"Vancouver, BC",2.8,3,Developing,Medium,Significant Gap
E0214,R008,Talent Management Analytics Specialist,12.5,0.0,10.6,32.0,4.0,8.0,Finance,L1,"Vancouver, BC",2.8,3,Developing,Medium,Significant Gap
E0215,R001,People Analytics Specialist,25.6,0.0,21.8,30.0,5.0,6.0,Human Resources,L1,"Toronto, ON",4.7,2,High,Medium,Significant Gap
E0215,R002,Senior People Analytics Analyst,15.8,0.0,13.5,40.0,6.0,8.0,Human Resources,L1,"Toronto, ON",4.7,2,High,Medium,Significant Gap
E0215,R003,Talent Intelligence Analyst,0.0,0.0,0.0,39.0,5.0,11.0,Human Resources,L1,"Toronto, ON",4.7,2,High,Medium,Significant Gap
E0215,R004,Workforce Planning Analyst,11.1,0.0,9.4,34.0,4.0,8.0,Human Resources,L1,"Toronto, ON",4.7,2,High,Medium,Significant Gap
E0215,R005,HR Data Analyst,35.8,25.0,34.2,20.0,3.0,3.0,Human Resources,L1,"Toronto, ON",4.7,2,High,Medium,Significant Gap
E0215,R006,People Analytics Manager,9.2,0.0,7.8,47.0,5.0,9.0,Human Resources,L1,"Toronto, ON",4.7,2,High,Medium,Significant Gap
E0215,R007,HRIS & People Data Specialist,25.7,0.0,21.8,27.0,5.0,4.0,Human Resources,L1,"Toronto, ON",4.7,2,High,Medium,Significant Gap
E0215,R008,Talent Management Analytics Specialist,16.0,0.0,13.6,31.0,4.0,7.0,Human Resources,L1,"Toronto, ON",4.7,2,High,Medium,Significant Gap
E0216,R001,People Analytics Specialist,19.0,0.0,16.2,33.0,5.0,9.0,Engineering,L2,"Toronto, ON",4.1,3,Solid,Low,Significant Gap
E0216,R002,Senior People Analytics Analyst,26.7,0.0,22.7,36.0,6.0,7.0,Engineering,L2,"Toronto, ON",4.1,3,Solid,Low,Significant Gap
E0216,R003,Talent Intelligence Analyst,16.7,0.0,14.2,31.0,5.0,8.0,Engineering,L2,"Toronto, ON",4.1,3,Solid,Low,Significant Gap
E0216,R004,Workforce Planning Analyst,16.7,0.0,14.2,30.0,4.0,7.0,Engineering,L2,"Toronto, ON",4.1,3,Solid,Low,Significant Gap
E0216,R005,HR Data Analyst,30.0,0.0,25.5,20.0,4.0,6.0,Engineering,L2,"Toronto, ON",4.1,3,Solid,Low,Significant Gap
E0216,R006,People Analytics Manager,18.0,0.0,15.3,43.0,5.0,8.0,Engineering,L2,"Toronto, ON",4.1,3,Solid,Low,Significant Gap
E0216,R007,HRIS & People Data Specialist,19.2,0.0,16.3,30.0,5.0,7.0,Engineering,L2,"Toronto, ON",4.1,3,Solid,Low,Significant Gap
E0216,R008,Talent Management Analytics Specialist,4.2,0.0,3.5,35.0,4.0,9.0,Engineering,L2,"Toronto, ON",4.1,3,Solid,Low,Significant Gap
E0217,R001,People Analytics Specialist,3.6,0.0,3.0,39.0,5.0,11.0,Engineering,L1,"Vancouver, BC",2.1,4,High,Medium,Significant Gap
E0217,R002,Senior People Analytics Analyst,21.7,0.0,18.4,37.0,6.0,8.0,Engineering,L1,"Vancouver, BC",2.1,4,High,Medium,Significant Gap
E0217,R003,Talent Intelligence Analyst,15.4,0.0,13.1,33.0,5.0,9.0,Engineering,L1,"Vancouver, BC",2.1,4,High,Medium,Significant Gap
E0217,R004,Workforce Planning Analyst,6.2,0.0,5.3,35.0,4.0,8.0,Engineering,L1,"Vancouver, BC",2.1,4,High,Medium,Significant Gap
E0217,R005,HR Data Analyst,15.0,0.0,12.8,24.0,4.0,7.0,Engineering,L1,"Vancouver, BC",2.1,4,High,Medium,Significant Gap
E0217,R006,People Analytics Manager,9.0,0.0,7.6,47.0,5.0,9.0,Engineering,L1,"Vancouver, BC",2.1,4,High,Medium,Significant Gap
E0217,R007,HRIS & People Data Specialist,19.9,0.0,16.9,30.0,5.0,7.0,Engineering,L1,"Vancouver, BC",2.1,4,High,Medium,Significant Gap
E0217,R008,Talent Management Analytics Specialist,0.0,0.0,0.0,37.0,4.0,10.0,Engineering,L1,"Vancouver, BC",2.1,4,High,Medium,Significant Gap
E0218,R001,People Analytics Specialist,35.4,40.0,36.1,27.0,3.0,6.0,Human Resources,L2,"Montreal, QC",1.4,2,Solid,Low,Significant Gap
E0218,R002,Senior People Analytics Analyst,22.2,0.0,18.8,37.0,6.0,8.0,Human Resources,L2,"Montreal, QC",1.4,2,Solid,Low,Significant Gap
E0218,R003,Talent Intelligence Analyst,5.1,0.0,4.4,37.0,5.0,10.0,Human Resources,L2,"Montreal, QC",1.4,2,Solid,Low,Significant Gap
E0218,R004,Workforce Planning Analyst,21.5,25.0,22.0,29.0,3.0,7.0,Human Resources,L2,"Montreal, QC",1.4,2,Solid,Low,Significant Gap
E0218,R005,HR Data Analyst,42.1,50.0,43.3,19.0,2.0,4.0,Human Resources,L2,"Montreal, QC",1.4,2,Solid,Low,Significant Gap
E0218,R006,People Analytics Manager,31.7,0.0,27.0,36.0,5.0,6.0,Human Resources,L2,"Montreal, QC",1.4,2,Solid,Low,Significant Gap
E0218,R007,HRIS & People Data Specialist,33.9,0.0,28.8,25.0,5.0,4.0,Human Resources,L2,"Montreal, QC",1.4,2,Solid,Low,Significant Gap
E0218,R008,Talent Management Analytics Specialist,13.9,0.0,11.8,32.0,4.0,8.0,Human Resources,L2,"Montreal, QC",1.4,2,Solid,Low,Significant Gap
E0219,R001,People Analytics Specialist,6.0,0.0,5.1,38.0,5.0,10.0,Operations,L3,Remote - Canada,2.3,3,High,Medium,Significant Gap
E0219,R002,Senior People Analytics Analyst,0.0,0.0,0.0,48.0,6.0,12.0,Operations,L3,Remote - Canada,2.3,3,High,Medium,Significant Gap
E0219,R003,Talent Intelligence Analyst,0.0,0.0,0.0,39.0,5.0,11.0,Operations,L3,Remote - Canada,2.3,3,High,Medium,Significant Gap
E0219,R004,Workforce Planning Analyst,13.5,0.0,11.5,33.0,4.0,7.0,Operations,L3,Remote - Canada,2.3,3,High,Medium,Significant Gap
E0219,R005,HR Data Analyst,8.8,0.0,7.4,26.0,4.0,7.0,Operations,L3,Remote - Canada,2.3,3,High,Medium,Significant Gap
E0219,R006,People Analytics Manager,3.4,0.0,2.9,50.0,5.0,11.0,Operations,L3,Remote - Canada,2.3,3,High,Medium,Significant Gap
E0219,R007,HRIS & People Data Specialist,6.2,0.0,5.2,34.0,5.0,8.0,Operations,L3,Remote - Canada,2.3,3,High,Medium,Significant Gap
E0219,R008,Talent Management Analytics Specialist,0.0,0.0,0.0,37.0,4.0,10.0,Operations,L3,Remote - Canada,2.3,3,High,Medium,Significant Gap
E0220,R001,People Analytics Specialist,47.3,20.0,43.2,22.0,4.0,5.0,Human Resources,L4,"Calgary, AB",0.3,3,Solid,Medium,Significant Gap
E0220,R002,Senior People Analytics Analyst,31.8,16.7,29.6,33.0,5.0,7.0,Human Resources,L4,"Calgary, AB",0.3,3,Solid,Medium,Significant Gap
E0220,R003,Talent Intelligence Analyst,31.7,0.0,27.0,27.0,5.0,7.0,Human Resources,L4,"Calgary, AB",0.3,3,Solid,Medium,Significant Gap
E0220,R004,Workforce Planning Analyst,31.2,0.0,26.6,25.0,4.0,5.0,Human Resources,L4,"Calgary, AB",0.3,3,Solid,Medium,Significant Gap
E0220,R005,HR Data Analyst,29.2,25.0,28.5,21.0,3.0,5.0,Human Resources,L4,"Calgary, AB",0.3,3,Solid,Medium,Significant Gap
E0220,R006,People Analytics Manager,42.8,0.0,36.3,30.0,5.0,5.0,Human Resources,L4,"Calgary, AB",0.3,3,Solid,Medium,Significant Gap
E0220,R007,HRIS & People Data Specialist,22.8,0.0,19.4,28.0,5.0,7.0,Human Resources,L4,"Calgary, AB",0.3,3,Solid,Medium,Significant Gap
E0220,R008,Talent Management Analytics Specialist,41.2,0.0,35.0,21.0,4.0,4.0,Human Resources,L4,"Calgary, AB",0.3,3,Solid,Medium,Significant Gap
E0221,R001,People Analytics Specialist,6.2,0.0,5.3,38.0,5.0,10.0,Operations,L2,"Montreal, QC",5.8,3,High,High,Significant Gap
E0221,R002,Senior People Analytics Analyst,3.3,0.0,2.8,46.0,6.0,10.0,Operations,L2,"Montreal, QC",5.8,3,High,High,Significant Gap
E0221,R003,Talent Intelligence Analyst,0.0,0.0,0.0,39.0,5.0,11.0,Operations,L2,"Montreal, QC",5.8,3,High,High,Significant Gap
E0221,R004,Workforce Planning Analyst,12.2,0.0,10.3,33.0,4.0,6.0,Operations,L2,"Montreal, QC",5.8,3,High,High,Significant Gap
E0221,R005,HR Data Analyst,11.7,0.0,9.9,24.0,4.0,6.0,Operations,L2,"Montreal, QC",5.8,3,High,High,Significant Gap
E0221,R006,People Analytics Manager,9.0,0.0,7.6,47.0,5.0,9.0,Operations,L2,"Montreal, QC",5.8,3,High,High,Significant Gap
E0221,R007,HRIS & People Data Specialist,7.2,0.0,6.2,33.0,5.0,8.0,Operations,L2,"Montreal, QC",5.8,3,High,High,Significant Gap
E0221,R008,Talent Management Analytics Specialist,4.2,0.0,3.5,35.0,4.0,9.0,Operations,L2,"Montreal, QC",5.8,3,High,High,Significant Gap
E0222,R001,People Analytics Specialist,33.3,20.0,31.3,28.0,4.0,7.0,Operations,L4,"Montreal, QC",2.1,3,Developing,Low,Significant Gap
E0222,R002,Senior People Analytics Analyst,31.3,16.7,29.1,32.0,5.0,7.0,Operations,L4,"Montreal, QC",2.1,3,Developing,Low,Significant Gap
E0222,R003,Talent Intelligence Analyst,18.3,0.0,15.5,32.0,5.0,8.0,Operations,L4,"Montreal, QC",2.1,3,Developing,Low,Significant Gap
E0222,R004,Workforce Planning Analyst,49.0,0.0,41.6,19.0,4.0,4.0,Operations,L4,"Montreal, QC",2.1,3,Developing,Low,Significant Gap
E0222,R005,HR Data Analyst,20.0,0.0,17.0,23.0,4.0,6.0,Operations,L4,"Montreal, QC",2.1,3,Developing,Low,Significant Gap
E0222,R006,People Analytics Manager,42.4,20.0,39.1,30.0,4.0,5.0,Operations,L4,"Montreal, QC",2.1,3,Developing,Low,Significant Gap
E0222,R007,HRIS & People Data Specialist,26.8,0.0,22.8,25.0,5.0,5.0,Operations,L4,"Montreal, QC",2.1,3,Developing,Low,Significant Gap
E0222,R008,Talent Management Analytics Specialist,11.1,0.0,9.4,32.0,4.0,8.0,Operations,L4,"Montreal, QC",2.1,3,Developing,Low,Significant Gap
E0223,R001,People Analytics Specialist,24.4,20.0,23.7,31.0,4.0,8.0,Operations,L4,"Toronto, ON",1.0,4,Developing,High,Significant Gap
E0223,R002,Senior People Analytics Analyst,24.2,16.7,23.0,36.0,5.0,9.0,Operations,L4,"Toronto, ON",1.0,4,Developing,High,Significant Gap
E0223,R003,Talent Intelligence Analyst,15.4,0.0,13.1,33.0,5.0,9.0,Operations,L4,"Toronto, ON",1.0,4,Developing,High,Significant Gap
E0223,R004,Workforce Planning Analyst,37.5,0.0,31.9,23.0,4.0,4.0,Operations,L4,"Toronto, ON",1.0,4,Developing,High,Significant Gap
E0223,R005,HR Data Analyst,10.0,0.0,8.5,26.0,4.0,7.0,Operations,L4,"Toronto, ON",1.0,4,Developing,High,Significant Gap
E0223,R006,People Analytics Manager,31.7,20.0,30.0,36.0,4.0,8.0,Operations,L4,"Toronto, ON",1.0,4,Developing,High,Significant Gap
E0223,R007,HRIS & People Data Specialist,10.9,0.0,9.2,32.0,5.0,8.0,Operations,L4,"Toronto, ON",1.0,4,Developing,High,Significant Gap
E0223,R008,Talent Management Analytics Specialist,6.2,0.0,5.3,34.0,4.0,9.0,Operations,L4,"Toronto, ON",1.0,4,Developing,High,Significant Gap
E0224,R001,People Analytics Specialist,36.9,0.0,31.4,26.0,5.0,6.0,Sales,L4,"Ottawa, ON",5.8,4,High,Low,Significant Gap
E0224,R002,Senior People Analytics Analyst,30.3,16.7,28.3,33.0,5.0,7.0,Sales,L4,"Ottawa, ON",5.8,4,High,Low,Significant Gap
E0224,R003,Talent Intelligence Analyst,15.4,0.0,13.1,33.0,5.0,9.0,Sales,L4,"Ottawa, ON",5.8,4,High,Low,Significant Gap
E0224,R004,Workforce Planning Analyst,35.1,0.0,29.9,23.0,4.0,4.0,Sales,L4,"Ottawa, ON",5.8,4,High,Low,Significant Gap
E0224,R005,HR Data Analyst,24.2,0.0,20.5,21.0,4.0,5.0,Sales,L4,"Ottawa, ON",5.8,4,High,Low,Significant Gap
E0224,R006,People Analytics Manager,37.2,0.0,31.7,33.0,5.0,5.0,Sales,L4,"Ottawa, ON",5.8,4,High,Low,Significant Gap
E0224,R007,HRIS & People Data Specialist,25.4,0.0,21.6,27.0,5.0,6.0,Sales,L4,"Ottawa, ON",5.8,4,High,Low,Significant Gap
E0224,R008,Talent Management Analytics Specialist,22.2,0.0,18.9,28.0,4.0,7.0,Sales,L4,"Ottawa, ON",5.8,4,High,Low,Significant Gap
E0225,R001,People Analytics Specialist,19.3,0.0,16.4,33.0,5.0,8.0,Marketing,L2,Remote - Canada,5.7,3,High,Low,Significant Gap
E0225,R002,Senior People Analytics Analyst,20.4,0.0,17.3,37.0,6.0,7.0,Marketing,L2,Remote - Canada,5.7,3,High,Low,Significant Gap
E0225,R003,Talent Intelligence Analyst,18.9,0.0,16.1,31.0,5.0,6.0,Marketing,L2,Remote - Canada,5.7,3,High,Low,Significant Gap
E0225,R004,Workforce Planning Analyst,29.2,0.0,24.8,26.0,4.0,5.0,Marketing,L2,Remote - Canada,5.7,3,High,Low,Significant Gap
E0225,R005,HR Data Analyst,15.0,0.0,12.8,24.0,4.0,7.0,Marketing,L2,Remote - Canada,5.7,3,High,Low,Significant Gap
E0225,R006,People Analytics Manager,19.3,0.0,16.4,42.0,5.0,8.0,Marketing,L2,Remote - Canada,5.7,3,High,Low,Significant Gap
E0225,R007,HRIS & People Data Specialist,10.1,0.0,8.6,33.0,5.0,8.0,Marketing,L2,Remote - Canada,5.7,3,High,Low,Significant Gap
E0225,R008,Talent Management Analytics Specialist,3.1,0.0,2.7,36.0,4.0,9.0,Marketing,L2,Remote - Canada,5.7,3,High,Low,Significant Gap
E0226,R001,People Analytics Specialist,26.8,0.0,22.8,30.0,5.0,7.0,Operations,L3,"Montreal, QC",0.6,4,Developing,High,Significant Gap
E0226,R002,Senior People Analytics Analyst,14.2,0.0,12.0,41.0,6.0,8.0,Operations,L3,"Montreal, QC",0.6,4,Developing,High,Significant Gap
E0226,R003,Talent Intelligence Analyst,0.0,0.0,0.0,39.0,5.0,11.0,Operations,L3,"Montreal, QC",0.6,4,Developing,High,Significant Gap
E0226,R004,Workforce Planning Analyst,27.1,0.0,23.0,27.0,4.0,5.0,Operations,L3,"Montreal, QC",0.6,4,Developing,High,Significant Gap
E0226,R005,HR Data Analyst,35.8,0.0,30.5,18.0,4.0,4.0,Operations,L3,"Montreal, QC",0.6,4,Developing,High,Significant Gap
E0226,R006,People Analytics Manager,12.2,0.0,10.4,46.0,5.0,9.0,Operations,L3,"Montreal, QC",0.6,4,Developing,High,Significant Gap
E0226,R007,HRIS & People Data Specialist,18.8,0.0,16.0,31.0,5.0,7.0,Operations,L3,"Montreal, QC",0.6,4,Developing,High,Significant Gap
E0226,R008,Talent Management Analytics Specialist,2.1,0.0,1.8,36.0,4.0,9.0,Operations,L3,"Montreal, QC",0.6,4,Developing,High,Significant Gap
E0227,R001,People Analytics Specialist,14.9,0.0,12.6,35.0,5.0,8.0,Sales,L2,"Ottawa, ON",8.3,4,Solid,Low,Significant Gap
E0227,R002,Senior People Analytics Analyst,11.0,0.0,9.4,42.0,6.0,9.0,Sales,L2,"Ottawa, ON",8.3,4,Solid,Low,Significant Gap
E0227,R003,Talent Intelligence Analyst,15.8,0.0,13.4,33.0,5.0,8.0,Sales,L2,"Ottawa, ON",8.3,4,Solid,Low,Significant Gap
E0227,R004,Workforce Planning Analyst,17.4,0.0,14.8,31.0,4.0,6.0,Sales,L2,"Ottawa, ON",8.3,4,Solid,Low,Significant Gap
E0227,R005,HR Data Analyst,9.6,0.0,8.1,26.0,4.0,6.0,Sales,L2,"Ottawa, ON",8.3,4,Solid,Low,Significant Gap
E0227,R006,People Analytics Manager,15.5,0.0,13.2,44.0,5.0,8.0,Sales,L2,"Ottawa, ON",8.3,4,Solid,Low,Significant Gap
E0227,R007,HRIS & People Data Specialist,9.1,0.0,7.7,33.0,5.0,7.0,Sales,L2,"Ottawa, ON",8.3,4,Solid,Low,Significant Gap
E0227,R008,Talent Management Analytics Specialist,6.2,0.0,5.3,35.0,4.0,9.0,Sales,L2,"Ottawa, ON",8.3,4,Solid,Low,Significant Gap
E0228,R001,People Analytics Specialist,7.4,0.0,6.3,38.0,5.0,10.0,Operations,L2,"Toronto, ON",0.5,4,Solid,Medium,Significant Gap
E0228,R002,Senior People Analytics Analyst,6.7,0.0,5.7,44.0,6.0,10.0,Operations,L2,"Toronto, ON",0.5,4,Solid,Medium,Significant Gap
E0228,R003,Talent Intelligence Analyst,0.0,0.0,0.0,39.0,5.0,11.0,Operations,L2,"Toronto, ON",0.5,4,Solid,Medium,Significant Gap
E0228,R004,Workforce Planning Analyst,15.3,0.0,13.0,32.0,4.0,7.0,Operations,L2,"Toronto, ON",0.5,4,Solid,Medium,Significant Gap
E0228,R005,HR Data Analyst,14.2,0.0,12.0,24.0,4.0,6.0,Operations,L2,"Toronto, ON",0.5,4,Solid,Medium,Significant Gap
E0228,R006,People Analytics Manager,11.4,0.0,9.7,46.0,5.0,9.0,Operations,L2,"Toronto, ON",0.5,4,Solid,Medium,Significant Gap
E0228,R007,HRIS & People Data Specialist,12.3,0.0,10.5,32.0,5.0,7.0,Operations,L2,"Toronto, ON",0.5,4,Solid,Medium,Significant Gap
E0228,R008,Talent Management Analytics Specialist,4.2,0.0,3.5,35.0,4.0,9.0,Operations,L2,"Toronto, ON",0.5,4,Solid,Medium,Significant Gap
E0229,R001,People Analytics Specialist,33.0,0.0,28.1,26.0,5.0,4.0,Human Resources,L1,"Vancouver, BC",4.7,3,Solid,Low,Significant Gap
E0229,R002,Senior People Analytics Analyst,23.0,0.0,19.6,37.0,6.0,6.0,Human Resources,L1,"Vancouver, BC",4.7,3,Solid,Low,Significant Gap
E0229,R003,Talent Intelligence Analyst,15.4,0.0,13.1,33.0,5.0,8.0,Human Resources,L1,"Vancouver, BC",4.7,3,Solid,Low,Significant Gap
E0229,R004,Workforce Planning Analyst,25.1,0.0,21.4,28.0,4.0,5.0,Human Resources,L1,"Vancouver, BC",4.7,3,Solid,Low,Significant Gap
E0229,R005,HR Data Analyst,25.0,25.0,25.0,21.0,3.0,5.0,Human Resources,L1,"Vancouver, BC",4.7,3,Solid,Low,Significant Gap
E0229,R006,People Analytics Manager,15.9,0.0,13.5,44.0,5.0,8.0,Human Resources,L1,"Vancouver, BC",4.7,3,Solid,Low,Significant Gap
E0229,R007,HRIS & People Data Specialist,19.1,0.0,16.3,29.0,5.0,6.0,Human Resources,L1,"Vancouver, BC",4.7,3,Solid,Low,Significant Gap
E0229,R008,Talent Management Analytics Specialist,26.0,0.0,22.1,26.0,4.0,5.0,Human Resources,L1,"Vancouver, BC",4.7,3,Solid,Low,Significant Gap
E0230,R001,People Analytics Specialist,16.4,0.0,13.9,34.0,5.0,9.0,Operations,L2,"Toronto, ON",4.9,2,Developing,High,Significant Gap
E0230,R002,Senior People Analytics Analyst,11.7,0.0,9.9,42.0,6.0,9.0,Operations,L2,"Toronto, ON",4.9,2,Developing,High,Significant Gap
E0230,R003,Talent Intelligence Analyst,5.1,0.0,4.4,37.0,5.0,10.0,Operations,L2,"Toronto, ON",4.9,2,Developing,High,Significant Gap
E0230,R004,Workforce Planning Analyst,28.1,0.0,23.9,27.0,4.0,4.0,Operations,L2,"Toronto, ON",4.9,2,Developing,High,Significant Gap
E0230,R005,HR Data Analyst,15.0,0.0,12.8,24.0,4.0,7.0,Operations,L2,"Toronto, ON",4.9,2,Developing,High,Significant Gap
E0230,R006,People Analytics Manager,11.4,0.0,9.7,46.0,5.0,9.0,Operations,L2,"Toronto, ON",4.9,2,Developing,High,Significant Gap
E0230,R007,HRIS & People Data Specialist,11.6,0.0,9.9,32.0,5.0,8.0,Operations,L2,"Toronto, ON",4.9,2,Developing,High,Significant Gap
E0230,R008,Talent Management Analytics Specialist,4.2,0.0,3.5,35.0,4.0,9.0,Operations,L2,"Toronto, ON",4.9,2,Developing,High,Significant Gap
E0231,R001,People Analytics Specialist,40.2,20.0,37.2,26.0,4.0,6.0,Sales,L4,"Vancouver, BC",4.5,3,Solid,Medium,Significant Gap
E0231,R002,Senior People Analytics Analyst,36.8,16.7,33.8,30.0,5.0,6.0,Sales,L4,"Vancouver, BC",4.5,3,Solid,Medium,Significant Gap
E0231,R003,Talent Intelligence Analyst,15.4,0.0,13.1,33.0,5.0,9.0,Sales,L4,"Vancouver, BC",4.5,3,Solid,Medium,Significant Gap
E0231,R004,Workforce Planning Analyst,30.6,0.0,26.0,25.0,4.0,5.0,Sales,L4,"Vancouver, BC",4.5,3,Solid,Medium,Significant Gap
E0231,R005,HR Data Analyst,24.2,25.0,24.3,23.0,3.0,6.0,Sales,L4,"Vancouver, BC",4.5,3,Solid,Medium,Significant Gap
E0231,R006,People Analytics Manager,36.2,0.0,30.8,34.0,5.0,6.0,Sales,L4,"Vancouver, BC",4.5,3,Solid,Medium,Significant Gap
E0231,R007,HRIS & People Data Specialist,19.9,0.0,16.9,29.0,5.0,7.0,Sales,L4,"Vancouver, BC",4.5,3,Solid,Medium,Significant Gap
E0231,R008,Talent Management Analytics Specialist,8.3,0.0,7.1,33.0,4.0,9.0,Sales,L4,"Vancouver, BC",4.5,3,Solid,Medium,Significant Gap
E0232,R001,People Analytics Specialist,15.2,0.0,12.9,34.0,5.0,9.0,Finance,L2,"Toronto, ON",4.7,4,Developing,Low,Significant Gap
E0232,R002,Senior People Analytics Analyst,14.2,0.0,12.0,41.0,6.0,10.0,Finance,L2,"Toronto, ON",4.7,4,Developing,Low,Significant Gap
E0232,R003,Talent Intelligence Analyst,2.6,0.0,2.2,38.0,5.0,10.0,Finance,L2,"Toronto, ON",4.7,4,Developing,Low,Significant Gap
E0232,R004,Workforce Planning Analyst,32.3,0.0,27.4,25.0,4.0,6.0,Finance,L2,"Toronto, ON",4.7,4,Developing,Low,Significant Gap
E0232,R005,HR Data Analyst,12.5,0.0,10.6,23.0,4.0,7.0,Finance,L2,"Toronto, ON",4.7,4,Developing,Low,Significant Gap
E0232,R006,People Analytics Manager,13.8,20.0,14.7,45.0,4.0,10.0,Finance,L2,"Toronto, ON",4.7,4,Developing,Low,Significant Gap
E0232,R007,HRIS & People Data Specialist,2.9,0.0,2.5,35.0,5.0,9.0,Finance,L2,"Toronto, ON",4.7,4,Developing,Low,Significant Gap
E0232,R008,Talent Management Analytics Specialist,11.1,0.0,9.4,32.0,4.0,8.0,Finance,L2,"Toronto, ON",4.7,4,Developing,Low,Significant Gap
E0233,R001,People Analytics Specialist,5.1,0.0,4.3,39.0,5.0,10.0,Operations,L1,Remote - Canada,0.3,3,Solid,High,Significant Gap
E0233,R002,Senior People Analytics Analyst,6.7,0.0,5.7,44.0,6.0,10.0,Operations,L1,Remote - Canada,0.3,3,Solid,High,Significant Gap
E0233,R003,Talent Intelligence Analyst,0.0,0.0,0.0,39.0,5.0,11.0,Operations,L1,Remote - Canada,0.3,3,Solid,High,Significant Gap
E0233,R004,Workforce Planning Analyst,15.3,0.0,13.0,32.0,4.0,7.0,Operations,L1,Remote - Canada,0.3,3,Solid,High,Significant Gap
E0233,R005,HR Data Analyst,12.1,0.0,10.3,24.0,4.0,6.0,Operations,L1,Remote - Canada,0.3,3,Solid,High,Significant Gap
E0233,R006,People Analytics Manager,11.4,0.0,9.7,46.0,5.0,9.0,Operations,L1,Remote - Canada,0.3,3,Solid,High,Significant Gap
E0233,R007,HRIS & People Data Specialist,9.1,0.0,7.7,33.0,5.0,7.0,Operations,L1,Remote - Canada,0.3,3,Solid,High,Significant Gap
E0233,R008,Talent Management Analytics Specialist,6.2,0.0,5.3,34.0,4.0,9.0,Operations,L1,Remote - Canada,0.3,3,Solid,High,Significant Gap
E0234,R001,People Analytics Specialist,13.1,20.0,14.1,37.0,4.0,10.0,Engineering,L2,"Montreal, QC",2.8,3,Solid,High,Significant Gap
E0234,R002,Senior People Analytics Analyst,29.2,16.7,27.3,34.0,5.0,7.0,Engineering,L2,"Montreal, QC",2.8,3,Solid,High,Significant Gap
E0234,R003,Talent Intelligence Analyst,17.9,0.0,15.3,32.0,5.0,8.0,Engineering,L2,"Montreal, QC",2.8,3,Solid,High,Significant Gap
E0234,R004,Workforce Planning Analyst,6.2,0.0,5.3,35.0,4.0,8.0,Engineering,L2,"Montreal, QC",2.8,3,Solid,High,Significant Gap
E0234,R005,HR Data Analyst,15.0,25.0,16.5,26.0,3.0,8.0,Engineering,L2,"Montreal, QC",2.8,3,Solid,High,Significant Gap
E0234,R006,People Analytics Manager,18.3,0.0,15.5,43.0,5.0,8.0,Engineering,L2,"Montreal, QC",2.8,3,Solid,High,Significant Gap
E0234,R007,HRIS & People Data Specialist,27.5,20.0,26.4,26.0,4.0,6.0,Engineering,L2,"Montreal, QC",2.8,3,Solid,High,Significant Gap
E0234,R008,Talent Management Analytics Specialist,2.1,0.0,1.8,36.0,4.0,9.0,Engineering,L2,"Montreal, QC",2.8,3,Solid,High,Significant Gap
E0235,R001,People Analytics Specialist,12.8,0.0,10.9,35.0,5.0,9.0,Operations,L3,"Toronto, ON",6.1,3,High,Medium,Significant Gap
E0235,R002,Senior People Analytics Analyst,6.7,0.0,5.7,45.0,6.0,10.0,Operations,L3,"Toronto, ON",6.1,3,High,Medium,Significant Gap
E0235,R003,Talent Intelligence Analyst,5.1,0.0,4.4,37.0,5.0,10.0,Operations,L3,"Toronto, ON",6.1,3,High,Medium,Significant Gap
E0235,R004,Workforce Planning Analyst,25.7,0.0,21.8,28.0,4.0,5.0,Operations,L3,"Toronto, ON",6.1,3,High,Medium,Significant Gap
E0235,R005,HR Data Analyst,12.5,0.0,10.6,24.0,4.0,6.0,Operations,L3,"Toronto, ON",6.1,3,High,Medium,Significant Gap
E0235,R006,People Analytics Manager,7.6,0.0,6.4,48.0,5.0,9.0,Operations,L3,"Toronto, ON",6.1,3,High,Medium,Significant Gap
E0235,R007,HRIS & People Data Specialist,7.2,0.0,6.2,33.0,5.0,7.0,Operations,L3,"Toronto, ON",6.1,3,High,Medium,Significant Gap
E0235,R008,Talent Management Analytics Specialist,6.2,0.0,5.3,34.0,4.0,8.0,Operations,L3,"Toronto, ON",6.1,3,High,Medium,Significant Gap
E0236,R001,People Analytics Specialist,24.4,20.0,23.7,31.0,4.0,8.0,Sales,L5,"Toronto, ON",2.0,4,Solid,Medium,Significant Gap
E0236,R002,Senior People Analytics Analyst,25.0,16.7,23.8,35.0,5.0,8.0,Sales,L5,"Toronto, ON",2.0,4,Solid,Medium,Significant Gap
E0236,R003,Talent Intelligence Analyst,12.8,0.0,10.9,34.0,5.0,9.0,Sales,L5,"Toronto, ON",2.0,4,Solid,Medium,Significant Gap
E0236,R004,Workforce Planning Analyst,30.6,0.0,26.0,25.0,4.0,5.0,Sales,L5,"Toronto, ON",2.0,4,Solid,Medium,Significant Gap
E0236,R005,HR Data Analyst,11.7,0.0,9.9,25.0,4.0,7.0,Sales,L5,"Toronto, ON",2.0,4,Solid,Medium,Significant Gap
E0236,R006,People Analytics Manager,35.2,40.0,35.9,34.0,3.0,6.0,Sales,L5,"Toronto, ON",2.0,4,Solid,Medium,Significant Gap
E0236,R007,HRIS & People Data Specialist,10.1,0.0,8.6,32.0,5.0,7.0,Sales,L5,"Toronto, ON",2.0,4,Solid,Medium,Significant Gap
E0236,R008,Talent Management Analytics Specialist,4.2,0.0,3.5,35.0,4.0,9.0,Sales,L5,"Toronto, ON",2.0,4,Solid,Medium,Significant Gap
E0237,R001,People Analytics Specialist,4.8,0.0,4.0,38.0,5.0,10.0,Customer Success,L3,"Calgary, AB",5.6,3,Developing,Medium,Significant Gap
E0237,R002,Senior People Analytics Analyst,3.3,0.0,2.8,46.0,6.0,11.0,Customer Success,L3,"Calgary, AB",5.6,3,Developing,Medium,Significant Gap
E0237,R003,Talent Intelligence Analyst,0.0,0.0,0.0,39.0,5.0,11.0,Customer Success,L3,"Calgary, AB",5.6,3,Developing,Medium,Significant Gap
E0237,R004,Workforce Planning Analyst,8.3,0.0,7.1,34.0,4.0,8.0,Customer Success,L3,"Calgary, AB",5.6,3,Developing,Medium,Significant Gap
E0237,R005,HR Data Analyst,10.0,0.0,8.5,24.0,4.0,7.0,Customer Success,L3,"Calgary, AB",5.6,3,Developing,Medium,Significant Gap
E0237,R006,People Analytics Manager,7.6,0.0,6.4,48.0,5.0,10.0,Customer Success,L3,"Calgary, AB",5.6,3,Developing,Medium,Significant Gap
E0237,R007,HRIS & People Data Specialist,2.9,0.0,2.5,35.0,5.0,9.0,Customer Success,L3,"Calgary, AB",5.6,3,Developing,Medium,Significant Gap
E0237,R008,Talent Management Analytics Specialist,6.2,0.0,5.3,34.0,4.0,9.0,Customer Success,L3,"Calgary, AB",5.6,3,Developing,Medium,Significant Gap
E0238,R001,People Analytics Specialist,14.9,0.0,12.6,35.0,5.0,9.0,Operations,L2,"Vancouver, BC",8.8,2,Solid,Medium,Significant Gap
E0238,R002,Senior People Analytics Analyst,8.3,0.0,7.1,44.0,6.0,10.0,Operations,L2,"Vancouver, BC",8.8,2,Solid,Medium,Significant Gap
E0238,R003,Talent Intelligence Analyst,5.1,0.0,4.4,37.0,5.0,10.0,Operations,L2,"Vancouver, BC",8.8,2,Solid,Medium,Significant Gap
E0238,R004,Workforce Planning Analyst,19.1,0.0,16.2,31.0,4.0,6.0,Operations,L2,"Vancouver, BC",8.8,2,Solid,Medium,Significant Gap
E0238,R005,HR Data Analyst,17.5,0.0,14.9,23.0,4.0,6.0,Operations,L2,"Vancouver, BC",8.8,2,Solid,Medium,Significant Gap
E0238,R006,People Analytics Manager,7.6,0.0,6.4,48.0,5.0,10.0,Operations,L2,"Vancouver, BC",8.8,2,Solid,Medium,Significant Gap
E0238,R007,HRIS & People Data Specialist,15.2,0.0,12.9,31.0,5.0,7.0,Operations,L2,"Vancouver, BC",8.8,2,Solid,Medium,Significant Gap
E0238,R008,Talent Management Analytics Specialist,8.3,0.0,7.1,33.0,4.0,8.0,Operations,L2,"Vancouver, BC",8.8,2,Solid,Medium,Significant Gap
E0239,R001,People Analytics Specialist,21.4,0.0,18.2,33.0,5.0,8.0,Sales,L3,"Toronto, ON",7.6,3,Developing,Low,Significant Gap
E0239,R002,Senior People Analytics Analyst,11.7,0.0,9.9,42.0,6.0,8.0,Sales,L3,"Toronto, ON",7.6,3,Developing,Low,Significant Gap
E0239,R003,Talent Intelligence Analyst,0.0,0.0,0.0,39.0,5.0,11.0,Sales,L3,"Toronto, ON",7.6,3,Developing,Low,Significant Gap
E0239,R004,Workforce Planning Analyst,9.7,0.0,8.3,34.0,4.0,7.0,Sales,L3,"Toronto, ON",7.6,3,Developing,Low,Significant Gap
E0239,R005,HR Data Analyst,30.4,0.0,25.9,21.0,4.0,5.0,Sales,L3,"Toronto, ON",7.6,3,Developing,Low,Significant Gap
E0239,R006,People Analytics Manager,11.8,0.0,10.1,46.0,5.0,8.0,Sales,L3,"Toronto, ON",7.6,3,Developing,Low,Significant Gap
E0239,R007,HRIS & People Data Specialist,26.4,0.0,22.5,28.0,5.0,5.0,Sales,L3,"Toronto, ON",7.6,3,Developing,Low,Significant Gap
E0239,R008,Talent Management Analytics Specialist,2.8,0.0,2.4,36.0,4.0,9.0,Sales,L3,"Toronto, ON",7.6,3,Developing,Low,Significant Gap
E0240,R001,People Analytics Specialist,28.6,20.0,27.3,31.0,4.0,8.0,Engineering,L3,"Vancouver, BC",0.3,4,Solid,Medium,Significant Gap
E0240,R002,Senior People Analytics Analyst,36.8,16.7,33.8,30.0,5.0,5.0,Engineering,L3,"Vancouver, BC",0.3,4,Solid,Medium,Significant Gap
E0240,R003,Talent Intelligence Analyst,12.8,0.0,10.9,34.0,5.0,9.0,Engineering,L3,"Vancouver, BC",0.3,4,Solid,Medium,Significant Gap
E0240,R004,Workforce Planning Analyst,14.3,0.0,12.2,32.0,4.0,7.0,Engineering,L3,"Vancouver, BC",0.3,4,Solid,Medium,Significant Gap
E0240,R005,HR Data Analyst,47.9,25.0,44.5,16.0,3.0,4.0,Engineering,L3,"Vancouver, BC",0.3,4,Solid,Medium,Significant Gap
E0240,R006,People Analytics Manager,29.3,0.0,24.9,37.0,5.0,5.0,Engineering,L3,"Vancouver, BC",0.3,4,Solid,Medium,Significant Gap
E0240,R007,HRIS & People Data Specialist,51.4,20.0,46.7,20.0,4.0,3.0,Engineering,L3,"Vancouver, BC",0.3,4,Solid,Medium,Significant Gap
E0240,R008,Talent Management Analytics Specialist,5.6,0.0,4.7,35.0,4.0,9.0,Engineering,L3,"Vancouver, BC",0.3,4,Solid,Medium,Significant Gap
E0241,R001,People Analytics Specialist,1.8,0.0,1.5,40.0,5.0,11.0,Engineering,L3,Remote - Canada,4.7,4,Solid,Low,Significant Gap
E0241,R002,Senior People Analytics Analyst,18.3,0.0,15.6,39.0,6.0,9.0,Engineering,L3,Remote - Canada,4.7,4,Solid,Low,Significant Gap
E0241,R003,Talent Intelligence Analyst,15.4,0.0,13.1,33.0,5.0,9.0,Engineering,L3,Remote - Canada,4.7,4,Solid,Low,Significant Gap
E0241,R004,Workforce Planning Analyst,2.1,0.0,1.8,37.0,4.0,9.0,Engineering,L3,Remote - Canada,4.7,4,Solid,Low,Significant Gap
E0241,R005,HR Data Analyst,17.5,0.0,14.9,22.0,4.0,6.0,Engineering,L3,Remote - Canada,4.7,4,Solid,Low,Significant Gap
E0241,R006,People Analytics Manager,8.6,0.0,7.3,47.0,5.0,10.0,Engineering,L3,Remote - Canada,4.7,4,Solid,Low,Significant Gap
E0241,R007,HRIS & People Data Specialist,21.4,0.0,18.2,29.0,5.0,7.0,Engineering,L3,Remote - Canada,4.7,4,Solid,Low,Significant Gap
E0241,R008,Talent Management Analytics Specialist,6.2,0.0,5.3,34.0,4.0,9.0,Engineering,L3,Remote - Canada,4.7,4,Solid,Low,Significant Gap
E0242,R001,People Analytics Specialist,42.9,60.0,45.4,25.0,2.0,7.0,Human Resources,L4,"Vancouver, BC",1.3,4,Developing,Medium,Significant Gap
E0242,R002,Senior People Analytics Analyst,38.8,16.7,35.5,29.0,5.0,7.0,Human Resources,L4,"Vancouver, BC",1.3,4,Developing,Medium,Significant Gap
E0242,R003,Talent Intelligence Analyst,18.3,0.0,15.5,32.0,5.0,8.0,Human Resources,L4,"Vancouver, BC",1.3,4,Developing,Medium,Significant Gap
E0242,R004,Workforce Planning Analyst,47.5,0.0,40.4,18.0,4.0,4.0,Human Resources,L4,"Vancouver, BC",1.3,4,Developing,Medium,Significant Gap
E0242,R005,HR Data Analyst,48.3,50.0,48.6,16.0,2.0,4.0,Human Resources,L4,"Vancouver, BC",1.3,4,Developing,Medium,Significant Gap
E0242,R006,People Analytics Manager,59.7,20.0,53.7,21.0,4.0,3.0,Human Resources,L4,"Vancouver, BC",1.3,4,Developing,Medium,Significant Gap
E0242,R007,HRIS & People Data Specialist,33.6,0.0,28.5,23.0,5.0,5.0,Human Resources,L4,"Vancouver, BC",1.3,4,Developing,Medium,Significant Gap
E0242,R008,Talent Management Analytics Specialist,34.0,0.0,28.9,23.0,4.0,5.0,Human Resources,L4,"Vancouver, BC",1.3,4,Developing,Medium,Significant Gap
E0243,R001,People Analytics Specialist,9.2,0.0,7.8,37.0,5.0,9.0,Customer Success,L2,"Ottawa, ON",3.4,3,Solid,High,Significant Gap
E0243,R002,Senior People Analytics Analyst,5.0,0.0,4.2,45.0,6.0,10.0,Customer Success,L2,"Ottawa, ON",3.4,3,Solid,High,Significant Gap
E0243,R003,Talent Intelligence Analyst,10.4,0.0,8.8,35.0,5.0,9.0,Customer Success,L2,"Ottawa, ON",3.4,3,Solid,High,Significant Gap
E0243,R004,Workforce Planning Analyst,9.0,0.0,7.7,34.0,4.0,7.0,Customer Success,L2,"Ottawa, ON",3.4,3,Solid,High,Significant Gap
E0243,R005,HR Data Analyst,15.0,0.0,12.8,24.0,4.0,5.0,Customer Success,L2,"Ottawa, ON",3.4,3,Solid,High,Significant Gap
E0243,R006,People Analytics Manager,9.3,0.0,7.9,47.0,5.0,9.0,Customer Success,L2,"Ottawa, ON",3.4,3,Solid,High,Significant Gap
E0243,R007,HRIS & People Data Specialist,12.3,0.0,10.5,32.0,5.0,7.0,Customer Success,L2,"Ottawa, ON",3.4,3,Solid,High,Significant Gap
E0243,R008,Talent Management Analytics Specialist,2.1,0.0,1.8,36.0,4.0,9.0,Customer Success,L2,"Ottawa, ON",3.4,3,Solid,High,Significant Gap
E0244,R001,People Analytics Specialist,14.6,0.0,12.4,35.0,5.0,8.0,Customer Success,L3,"Vancouver, BC",2.7,2,Developing,Medium,Significant Gap
E0244,R002,Senior People Analytics Analyst,11.4,0.0,9.7,42.0,6.0,8.0,Customer Success,L3,"Vancouver, BC",2.7,2,Developing,Medium,Significant Gap
E0244,R003,Talent Intelligence Analyst,5.1,0.0,4.4,37.0,5.0,10.0,Customer Success,L3,"Vancouver, BC",2.7,2,Developing,Medium,Significant Gap
E0244,R004,Workforce Planning Analyst,14.7,0.0,12.5,32.0,4.0,6.0,Customer Success,L3,"Vancouver, BC",2.7,2,Developing,Medium,Significant Gap
E0244,R005,HR Data Analyst,22.5,0.0,19.1,21.0,4.0,4.0,Customer Success,L3,"Vancouver, BC",2.7,2,Developing,Medium,Significant Gap
E0244,R006,People Analytics Manager,14.5,0.0,12.3,44.0,5.0,7.0,Customer Success,L3,"Vancouver, BC",2.7,2,Developing,Medium,Significant Gap
E0244,R007,HRIS & People Data Specialist,18.1,0.0,15.4,30.0,5.0,6.0,Customer Success,L3,"Vancouver, BC",2.7,2,Developing,Medium,Significant Gap
E0244,R008,Talent Management Analytics Specialist,6.9,0.0,5.9,34.0,4.0,8.0,Customer Success,L3,"Vancouver, BC",2.7,2,Developing,Medium,Significant Gap
E0245,R001,People Analytics Specialist,38.4,20.0,35.6,27.0,4.0,7.0,Human Resources,L4,"Vancouver, BC",3.3,3,Developing,Medium,Significant Gap
E0245,R002,Senior People Analytics Analyst,31.5,0.0,26.8,33.0,6.0,7.0,Human Resources,L4,"Vancouver, BC",3.3,3,Developing,Medium,Significant Gap
E0245,R003,Talent Intelligence Analyst,29.2,0.0,24.8,28.0,5.0,7.0,Human Resources,L4,"Vancouver, BC",3.3,3,Developing,Medium,Significant Gap
E0245,R004,Workforce Planning Analyst,20.8,0.0,17.7,29.0,4.0,7.0,Human Resources,L4,"Vancouver, BC",3.3,3,Developing,Medium,Significant Gap
E0245,R005,HR Data Analyst,44.6,25.0,41.6,17.0,3.0,4.0,Human Resources,L4,"Vancouver, BC",3.3,3,Developing,Medium,Significant Gap
E0245,R006,People Analytics Manager,41.8,0.0,35.6,31.0,5.0,5.0,Human Resources,L4,"Vancouver, BC",3.3,3,Developing,Medium,Significant Gap
E0245,R007,HRIS & People Data Specialist,39.6,0.0,33.6,20.0,5.0,4.0,Human Resources,L4,"Vancouver, BC",3.3,3,Developing,Medium,Significant Gap
E0245,R008,Talent Management Analytics Specialist,47.6,0.0,40.4,19.0,4.0,3.0,Human Resources,L4,"Vancouver, BC",3.3,3,Developing,Medium,Significant Gap
E0246,R001,People Analytics Specialist,14.3,0.0,12.1,35.0,5.0,9.0,Operations,L2,"Ottawa, ON",1.5,3,Solid,Low,Significant Gap
E0246,R002,Senior People Analytics Analyst,6.7,0.0,5.7,44.0,6.0,10.0,Operations,L2,"Ottawa, ON",1.5,3,Solid,Low,Significant Gap
E0246,R003,Talent Intelligence Analyst,0.0,0.0,0.0,39.0,5.0,11.0,Operations,L2,"Ottawa, ON",1.5,3,Solid,Low,Significant Gap
E0246,R004,Workforce Planning Analyst,18.1,0.0,15.3,31.0,4.0,6.0,Operations,L2,"Ottawa, ON",1.5,3,Solid,Low,Significant Gap
E0246,R005,HR Data Analyst,25.4,0.0,21.6,20.0,4.0,5.0,Operations,L2,"Ottawa, ON",1.5,3,Solid,Low,Significant Gap
E0246,R006,People Analytics Manager,7.6,0.0,6.4,48.0,5.0,10.0,Operations,L2,"Ottawa, ON",1.5,3,Solid,Low,Significant Gap
E0246,R007,HRIS & People Data Specialist,15.6,0.0,13.2,32.0,5.0,8.0,Operations,L2,"Ottawa, ON",1.5,3,Solid,Low,Significant Gap
E0246,R008,Talent Management Analytics Specialist,6.2,0.0,5.3,34.0,4.0,9.0,Operations,L2,"Ottawa, ON",1.5,3,Solid,Low,Significant Gap
E0247,R001,People Analytics Specialist,17.9,20.0,18.2,35.0,4.0,10.0,Engineering,L2,"Calgary, AB",5.8,5,Solid,Medium,Significant Gap
E0247,R002,Senior People Analytics Analyst,32.8,0.0,27.9,33.0,6.0,7.0,Engineering,L2,"Calgary, AB",5.8,5,Solid,Medium,Significant Gap
E0247,R003,Talent Intelligence Analyst,15.4,0.0,13.1,33.0,5.0,9.0,Engineering,L2,"Calgary, AB",5.8,5,Solid,Medium,Significant Gap
E0247,R004,Workforce Planning Analyst,6.2,0.0,5.3,35.0,4.0,9.0,Engineering,L2,"Calgary, AB",5.8,5,Solid,Medium,Significant Gap
E0247,R005,HR Data Analyst,26.7,25.0,26.4,21.0,3.0,6.0,Engineering,L2,"Calgary, AB",5.8,5,Solid,Medium,Significant Gap
E0247,R006,People Analytics Manager,18.3,0.0,15.5,43.0,5.0,8.0,Engineering,L2,"Calgary, AB",5.8,5,Solid,Medium,Significant Gap
E0247,R007,HRIS & People Data Specialist,30.8,0.0,26.2,25.0,5.0,5.0,Engineering,L2,"Calgary, AB",5.8,5,Solid,Medium,Significant Gap
E0247,R008,Talent Management Analytics Specialist,14.6,0.0,12.4,30.0,4.0,8.0,Engineering,L2,"Calgary, AB",5.8,5,Solid,Medium,Significant Gap
E0248,R001,People Analytics Specialist,18.8,0.0,15.9,33.0,5.0,8.0,Marketing,L2,"Calgary, AB",3.2,2,Solid,High,Significant Gap
E0248,R002,Senior People Analytics Analyst,9.5,0.0,8.1,44.0,6.0,10.0,Marketing,L2,"Calgary, AB",3.2,2,Solid,High,Significant Gap
E0248,R003,Talent Intelligence Analyst,7.7,0.0,6.5,36.0,5.0,9.0,Marketing,L2,"Calgary, AB",3.2,2,Solid,High,Significant Gap
E0248,R004,Workforce Planning Analyst,15.3,0.0,13.0,32.0,4.0,7.0,Marketing,L2,"Calgary, AB",3.2,2,Solid,High,Significant Gap
E0248,R005,HR Data Analyst,8.3,0.0,7.1,25.0,4.0,7.0,Marketing,L2,"Calgary, AB",3.2,2,Solid,High,Significant Gap
E0248,R006,People Analytics Manager,5.5,0.0,4.7,49.0,5.0,10.0,Marketing,L2,"Calgary, AB",3.2,2,Solid,High,Significant Gap
E0248,R007,HRIS & People Data Specialist,2.9,0.0,2.5,35.0,5.0,9.0,Marketing,L2,"Calgary, AB",3.2,2,Solid,High,Significant Gap
E0248,R008,Talent Management Analytics Specialist,9.7,0.0,8.3,33.0,4.0,8.0,Marketing,L2,"Calgary, AB",3.2,2,Solid,High,Significant Gap
E0249,R001,People Analytics Specialist,34.8,0.0,29.6,26.0,5.0,6.0,Human Resources,L3,"Vancouver, BC",5.4,3,Developing,Medium,Significant Gap
E0249,R002,Senior People Analytics Analyst,20.3,0.0,17.3,37.0,6.0,8.0,Human Resources,L3,"Vancouver, BC",5.4,3,Developing,Medium,Significant Gap
E0249,R003,Talent Intelligence Analyst,21.5,0.0,18.3,31.0,5.0,8.0,Human Resources,L3,"Vancouver, BC",5.4,3,Developing,Medium,Significant Gap
E0249,R004,Workforce Planning Analyst,30.4,0.0,25.9,26.0,4.0,5.0,Human Resources,L3,"Vancouver, BC",5.4,3,Developing,Medium,Significant Gap
E0249,R005,HR Data Analyst,35.8,25.0,34.2,17.0,3.0,4.0,Human Resources,L3,"Vancouver, BC",5.4,3,Developing,Medium,Significant Gap
E0249,R006,People Analytics Manager,32.1,0.0,27.3,35.0,5.0,6.0,Human Resources,L3,"Vancouver, BC",5.4,3,Developing,Medium,Significant Gap
E0249,R007,HRIS & People Data Specialist,27.8,0.0,23.7,27.0,5.0,7.0,Human Resources,L3,"Vancouver, BC",5.4,3,Developing,Medium,Significant Gap
E0249,R008,Talent Management Analytics Specialist,27.4,0.0,23.3,27.0,4.0,6.0,Human Resources,L3,"Vancouver, BC",5.4,3,Developing,Medium,Significant Gap
E0250,R001,People Analytics Specialist,46.1,20.0,42.2,22.0,4.0,5.0,Human Resources,L4,"Montreal, QC",0.3,2,High,Low,Significant Gap
E0250,R002,Senior People Analytics Analyst,32.2,0.0,27.3,33.0,6.0,7.0,Human Resources,L4,"Montreal, QC",0.3,2,High,Low,Significant Gap
E0250,R003,Talent Intelligence Analyst,31.7,0.0,27.0,27.0,5.0,7.0,Human Resources,L4,"Montreal, QC",0.3,2,High,Low,Significant Gap
E0250,R004,Workforce Planning Analyst,28.5,0.0,24.2,26.0,4.0,6.0,Human Resources,L4,"Montreal, QC",0.3,2,High,Low,Significant Gap
E0250,R005,HR Data Analyst,40.4,0.0,34.4,19.0,4.0,4.0,Human Resources,L4,"Montreal, QC",0.3,2,High,Low,Significant Gap
E0250,R006,People Analytics Manager,41.1,0.0,35.0,31.0,5.0,5.0,Human Resources,L4,"Montreal, QC",0.3,2,High,Low,Significant Gap
E0250,R007,HRIS & People Data Specialist,31.9,0.0,27.1,24.0,5.0,4.0,Human Resources,L4,"Montreal, QC",0.3,2,High,Low,Significant Gap
E0250,R008,Talent Management Analytics Specialist,26.0,0.0,22.1,27.0,4.0,6.0,Human Resources,L4,"Montreal, QC",0.3,2,High,Low,Significant Gap
E0251,R001,People Analytics Specialist,26.2,0.0,22.3,30.0,5.0,8.0,Finance,L2,"Toronto, ON",3.2,4,Developing,Low,Significant Gap
E0251,R002,Senior People Analytics Analyst,16.0,0.0,13.6,40.0,6.0,9.0,Finance,L2,"Toronto, ON",3.2,4,Developing,Low,Significant Gap
E0251,R003,Talent Intelligence Analyst,2.3,0.0,2.0,38.0,5.0,10.0,Finance,L2,"Toronto, ON",3.2,4,Developing,Low,Significant Gap
E0251,R004,Workforce Planning Analyst,26.4,0.0,22.4,28.0,4.0,6.0,Finance,L2,"Toronto, ON",3.2,4,Developing,Low,Significant Gap
E0251,R005,HR Data Analyst,27.5,0.0,23.4,18.0,4.0,5.0,Finance,L2,"Toronto, ON",3.2,4,Developing,Low,Significant Gap
E0251,R006,People Analytics Manager,14.8,0.0,12.6,44.0,5.0,9.0,Finance,L2,"Toronto, ON",3.2,4,Developing,Low,Significant Gap
E0251,R007,HRIS & People Data Specialist,20.3,0.0,17.2,29.0,5.0,7.0,Finance,L2,"Toronto, ON",3.2,4,Developing,Low,Significant Gap
E0251,R008,Talent Management Analytics Specialist,14.6,0.0,12.4,31.0,4.0,8.0,Finance,L2,"Toronto, ON",3.2,4,Developing,Low,Significant Gap
E0252,R001,People Analytics Specialist,19.0,0.0,16.2,33.0,5.0,8.0,Human Resources,L2,"Toronto, ON",2.9,4,Solid,High,Significant Gap
E0252,R002,Senior People Analytics Analyst,12.3,0.0,10.5,42.0,6.0,9.0,Human Resources,L2,"Toronto, ON",2.9,4,Solid,High,Significant Gap
E0252,R003,Talent Intelligence Analyst,16.0,0.0,13.6,33.0,5.0,8.0,Human Resources,L2,"Toronto, ON",2.9,4,Solid,High,Significant Gap
E0252,R004,Workforce Planning Analyst,19.4,0.0,16.5,30.0,4.0,6.0,Human Resources,L2,"Toronto, ON",2.9,4,Solid,High,Significant Gap
E0252,R005,HR Data Analyst,21.7,25.0,22.2,22.0,3.0,6.0,Human Resources,L2,"Toronto, ON",2.9,4,Solid,High,Significant Gap
E0252,R006,People Analytics Manager,11.7,0.0,10.0,46.0,5.0,9.0,Human Resources,L2,"Toronto, ON",2.9,4,Solid,High,Significant Gap
E0252,R007,HRIS & People Data Specialist,10.4,0.0,8.9,33.0,5.0,9.0,Human Resources,L2,"Toronto, ON",2.9,4,Solid,High,Significant Gap
E0252,R008,Talent Management Analytics Specialist,29.7,0.0,25.3,26.0,4.0,5.0,Human Resources,L2,"Toronto, ON",2.9,4,Solid,High,Significant Gap
E0253,R001,People Analytics Specialist,18.2,0.0,15.4,33.0,5.0,8.0,Finance,L1,Remote - Canada,9.2,3,Developing,Medium,Significant Gap
E0253,R002,Senior People Analytics Analyst,11.7,16.7,12.4,43.0,5.0,10.0,Finance,L1,Remote - Canada,9.2,3,Developing,Medium,Significant Gap
E0253,R003,Talent Intelligence Analyst,2.6,0.0,2.2,38.0,5.0,10.0,Finance,L1,Remote - Canada,9.2,3,Developing,Medium,Significant Gap
E0253,R004,Workforce Planning Analyst,17.7,0.0,15.1,31.0,4.0,6.0,Finance,L1,Remote - Canada,9.2,3,Developing,Medium,Significant Gap
E0253,R005,HR Data Analyst,12.5,0.0,10.6,25.0,4.0,7.0,Finance,L1,Remote - Canada,9.2,3,Developing,Medium,Significant Gap
E0253,R006,People Analytics Manager,5.5,0.0,4.7,49.0,5.0,10.0,Finance,L1,Remote - Canada,9.2,3,Developing,Medium,Significant Gap
E0253,R007,HRIS & People Data Specialist,9.4,0.0,8.0,33.0,5.0,8.0,Finance,L1,Remote - Canada,9.2,3,Developing,Medium,Significant Gap
E0253,R008,Talent Management Analytics Specialist,2.8,0.0,2.4,36.0,4.0,9.0,Finance,L1,Remote - Canada,9.2,3,Developing,Medium,Significant Gap
E0254,R001,People Analytics Specialist,8.9,0.0,7.6,37.0,5.0,9.0,Operations,L2,Remote - Canada,0.3,3,High,Medium,Significant Gap
E0254,R002,Senior People Analytics Analyst,7.5,0.0,6.4,44.0,6.0,10.0,Operations,L2,Remote - Canada,0.3,3,High,Medium,Significant Gap
E0254,R003,Talent Intelligence Analyst,2.6,0.0,2.2,38.0,5.0,10.0,Operations,L2,Remote - Canada,0.3,3,High,Medium,Significant Gap
E0254,R004,Workforce Planning Analyst,29.2,0.0,24.8,27.0,4.0,5.0,Operations,L2,Remote - Canada,0.3,3,High,Medium,Significant Gap
E0254,R005,HR Data Analyst,10.0,0.0,8.5,26.0,4.0,7.0,Operations,L2,Remote - Canada,0.3,3,High,Medium,Significant Gap
E0254,R006,People Analytics Manager,8.3,0.0,7.0,48.0,5.0,10.0,Operations,L2,Remote - Canada,0.3,3,High,Medium,Significant Gap
E0254,R007,HRIS & People Data Specialist,8.0,0.0,6.8,34.0,5.0,8.0,Operations,L2,Remote - Canada,0.3,3,High,Medium,Significant Gap
E0254,R008,Talent Management Analytics Specialist,2.1,0.0,1.8,36.0,4.0,9.0,Operations,L2,Remote - Canada,0.3,3,High,Medium,Significant Gap
E0255,R001,People Analytics Specialist,7.7,0.0,6.6,37.0,5.0,10.0,Legal & Compliance,L1,"Toronto, ON",4.4,3,High,Medium,Significant Gap
E0255,R002,Senior People Analytics Analyst,15.8,0.0,13.5,40.0,6.0,9.0,Legal & Compliance,L1,"Toronto, ON",4.4,3,High,Medium,Significant Gap
E0255,R003,Talent Intelligence Analyst,2.6,0.0,2.2,38.0,5.0,10.0,Legal & Compliance,L1,"Toronto, ON",4.4,3,High,Medium,Significant Gap
E0255,R004,Workforce Planning Analyst,16.7,0.0,14.2,30.0,4.0,7.0,Legal & Compliance,L1,"Toronto, ON",4.4,3,High,Medium,Significant Gap
E0255,R005,HR Data Analyst,19.2,0.0,16.3,22.0,4.0,6.0,Legal & Compliance,L1,"Toronto, ON",4.4,3,High,Medium,Significant Gap
E0255,R006,People Analytics Manager,20.7,0.0,17.6,41.0,5.0,8.0,Legal & Compliance,L1,"Toronto, ON",4.4,3,High,Medium,Significant Gap
E0255,R007,HRIS & People Data Specialist,17.4,20.0,17.8,30.0,4.0,7.0,Legal & Compliance,L1,"Toronto, ON",4.4,3,High,Medium,Significant Gap
E0255,R008,Talent Management Analytics Specialist,4.2,0.0,3.5,35.0,4.0,8.0,Legal & Compliance,L1,"Toronto, ON",4.4,3,High,Medium,Significant Gap
E0256,R001,People Analytics Specialist,14.0,0.0,11.9,34.0,5.0,8.0,Customer Success,L3,"Montreal, QC",2.1,3,Solid,High,Significant Gap
E0256,R002,Senior People Analytics Analyst,9.0,0.0,7.7,43.0,6.0,9.0,Customer Success,L3,"Montreal, QC",2.1,3,Solid,High,Significant Gap
E0256,R003,Talent Intelligence Analyst,5.1,0.0,4.4,37.0,5.0,10.0,Customer Success,L3,"Montreal, QC",2.1,3,Solid,High,Significant Gap
E0256,R004,Workforce Planning Analyst,16.7,0.0,14.2,31.0,4.0,6.0,Customer Success,L3,"Montreal, QC",2.1,3,Solid,High,Significant Gap
E0256,R005,HR Data Analyst,13.3,0.0,11.3,23.0,4.0,6.0,Customer Success,L3,"Montreal, QC",2.1,3,Solid,High,Significant Gap
E0256,R006,People Analytics Manager,13.4,0.0,11.4,45.0,5.0,8.0,Customer Success,L3,"Montreal, QC",2.1,3,Solid,High,Significant Gap
E0256,R007,HRIS & People Data Specialist,5.8,0.0,4.9,34.0,5.0,8.0,Customer Success,L3,"Montreal, QC",2.1,3,Solid,High,Significant Gap
E0256,R008,Talent Management Analytics Specialist,6.2,0.0,5.3,34.0,4.0,9.0,Customer Success,L3,"Montreal, QC",2.1,3,Solid,High,Significant Gap
E0257,R001,People Analytics Specialist,17.0,0.0,14.4,34.0,5.0,9.0,Operations,L4,"Toronto, ON",4.3,3,Solid,High,Significant Gap
E0257,R002,Senior People Analytics Analyst,22.7,16.7,21.8,37.0,5.0,9.0,Operations,L4,"Toronto, ON",4.3,3,Solid,High,Significant Gap
E0257,R003,Talent Intelligence Analyst,15.4,0.0,13.1,33.0,5.0,9.0,Operations,L4,"Toronto, ON",4.3,3,Solid,High,Significant Gap
E0257,R004,Workforce Planning Analyst,42.7,0.0,36.3,21.0,4.0,4.0,Operations,L4,"Toronto, ON",4.3,3,Solid,High,Significant Gap
E0257,R005,HR Data Analyst,5.8,0.0,5.0,26.0,4.0,7.0,Operations,L4,"Toronto, ON",4.3,3,Solid,High,Significant Gap
E0257,R006,People Analytics Manager,31.4,0.0,26.7,36.0,5.0,7.0,Operations,L4,"Toronto, ON",4.3,3,Solid,High,Significant Gap
E0257,R007,HRIS & People Data Specialist,7.2,0.0,6.2,32.0,5.0,8.0,Operations,L4,"Toronto, ON",4.3,3,Solid,High,Significant Gap
E0257,R008,Talent Management Analytics Specialist,12.5,0.0,10.6,31.0,4.0,8.0,Operations,L4,"Toronto, ON",4.3,3,Solid,High,Significant Gap
E0258,R001,People Analytics Specialist,21.7,20.0,21.5,32.0,4.0,8.0,Sales,L4,"Toronto, ON",0.3,3,Developing,Medium,Significant Gap
E0258,R002,Senior People Analytics Analyst,21.3,0.0,18.1,37.0,6.0,8.0,Sales,L4,"Toronto, ON",0.3,3,Developing,Medium,Significant Gap
E0258,R003,Talent Intelligence Analyst,12.8,0.0,10.9,34.0,5.0,9.0,Sales,L4,"Toronto, ON",0.3,3,Developing,Medium,Significant Gap
E0258,R004,Workforce Planning Analyst,27.8,0.0,23.6,26.0,4.0,5.0,Sales,L4,"Toronto, ON",0.3,3,Developing,Medium,Significant Gap
E0258,R005,HR Data Analyst,10.0,0.0,8.5,25.0,4.0,6.0,Sales,L4,"Toronto, ON",0.3,3,Developing,Medium,Significant Gap
E0258,R006,People Analytics Manager,32.8,0.0,27.8,35.0,5.0,6.0,Sales,L4,"Toronto, ON",0.3,3,Developing,Medium,Significant Gap
E0258,R007,HRIS & People Data Specialist,10.1,0.0,8.6,31.0,5.0,7.0,Sales,L4,"Toronto, ON",0.3,3,Developing,Medium,Significant Gap
E0258,R008,Talent Management Analytics Specialist,14.6,0.0,12.4,31.0,4.0,7.0,Sales,L4,"Toronto, ON",0.3,3,Developing,Medium,Significant Gap
E0259,R001,People Analytics Specialist,16.1,0.0,13.7,35.0,5.0,9.0,Legal & Compliance,L2,"Toronto, ON",3.4,2,Developing,Medium,Significant Gap
E0259,R002,Senior People Analytics Analyst,13.9,0.0,11.8,41.0,6.0,8.0,Legal & Compliance,L2,"Toronto, ON",3.4,2,Developing,Medium,Significant Gap
E0259,R003,Talent Intelligence Analyst,0.0,0.0,0.0,39.0,5.0,11.0,Legal & Compliance,L2,"Toronto, ON",3.4,2,Developing,Medium,Significant Gap
E0259,R004,Workforce Planning Analyst,4.2,0.0,3.5,36.0,4.0,8.0,Legal & Compliance,L2,"Toronto, ON",3.4,2,Developing,Medium,Significant Gap
E0259,R005,HR Data Analyst,27.1,0.0,23.0,22.0,4.0,5.0,Legal & Compliance,L2,"Toronto, ON",3.4,2,Developing,Medium,Significant Gap
E0259,R006,People Analytics Manager,11.8,0.0,10.1,46.0,5.0,8.0,Legal & Compliance,L2,"Toronto, ON",3.4,2,Developing,Medium,Significant Gap
E0259,R007,HRIS & People Data Specialist,31.2,0.0,26.5,26.0,5.0,5.0,Legal & Compliance,L2,"Toronto, ON",3.4,2,Developing,Medium,Significant Gap
E0259,R008,Talent Management Analytics Specialist,0.0,0.0,0.0,37.0,4.0,10.0,Legal & Compliance,L2,"Toronto, ON",3.4,2,Developing,Medium,Significant Gap
E0260,R001,People Analytics Specialist,11.9,0.0,10.1,36.0,5.0,9.0,Finance,L3,"Vancouver, BC",4.5,5,Developing,Medium,Significant Gap
E0260,R002,Senior People Analytics Analyst,13.3,0.0,11.3,41.0,6.0,9.0,Finance,L3,"Vancouver, BC",4.5,5,Developing,Medium,Significant Gap
E0260,R003,Talent Intelligence Analyst,0.0,0.0,0.0,39.0,5.0,11.0,Finance,L3,"Vancouver, BC",4.5,5,Developing,Medium,Significant Gap
E0260,R004,Workforce Planning Analyst,31.9,0.0,27.2,26.0,4.0,4.0,Finance,L3,"Vancouver, BC",4.5,5,Developing,Medium,Significant Gap
E0260,R005,HR Data Analyst,9.2,0.0,7.8,26.0,4.0,7.0,Finance,L3,"Vancouver, BC",4.5,5,Developing,Medium,Significant Gap
E0260,R006,People Analytics Manager,11.4,0.0,9.7,46.0,5.0,9.0,Finance,L3,"Vancouver, BC",4.5,5,Developing,Medium,Significant Gap
E0260,R007,HRIS & People Data Specialist,7.2,0.0,6.2,34.0,5.0,8.0,Finance,L3,"Vancouver, BC",4.5,5,Developing,Medium,Significant Gap
E0260,R008,Talent Management Analytics Specialist,0.0,0.0,0.0,37.0,4.0,10.0,Finance,L3,"Vancouver, BC",4.5,5,Developing,Medium,Significant Gap
E0261,R001,People Analytics Specialist,21.4,20.0,21.2,32.0,4.0,9.0,Sales,L1,"Toronto, ON",7.7,5,Solid,Medium,Significant Gap
E0261,R002,Senior People Analytics Analyst,16.7,16.7,16.7,39.0,5.0,9.0,Sales,L1,"Toronto, ON",7.7,5,Solid,Medium,Significant Gap
E0261,R003,Talent Intelligence Analyst,19.2,0.0,16.3,32.0,5.0,8.0,Sales,L1,"Toronto, ON",7.7,5,Solid,Medium,Significant Gap
E0261,R004,Workforce Planning Analyst,24.3,0.0,20.7,28.0,4.0,6.0,Sales,L1,"Toronto, ON",7.7,5,Solid,Medium,Significant Gap
E0261,R005,HR Data Analyst,17.5,0.0,14.9,22.0,4.0,6.0,Sales,L1,"Toronto, ON",7.7,5,Solid,Medium,Significant Gap
E0261,R006,People Analytics Manager,17.9,20.0,18.2,43.0,4.0,9.0,Sales,L1,"Toronto, ON",7.7,5,Solid,Medium,Significant Gap
E0261,R007,HRIS & People Data Specialist,5.8,0.0,4.9,35.0,5.0,9.0,Sales,L1,"Toronto, ON",7.7,5,Solid,Medium,Significant Gap
E0261,R008,Talent Management Analytics Specialist,10.1,0.0,8.6,33.0,4.0,7.0,Sales,L1,"Toronto, ON",7.7,5,Solid,Medium,Significant Gap
E0262,R001,People Analytics Specialist,24.4,0.0,20.7,31.0,5.0,8.0,Sales,L2,"Montreal, QC",0.5,4,Solid,Medium,Significant Gap
E0262,R002,Senior People Analytics Analyst,19.3,0.0,16.4,38.0,6.0,8.0,Sales,L2,"Montreal, QC",0.5,4,Solid,Medium,Significant Gap
E0262,R003,Talent Intelligence Analyst,26.1,0.0,22.2,29.0,5.0,7.0,Sales,L2,"Montreal, QC",0.5,4,Solid,Medium,Significant Gap
E0262,R004,Workforce Planning Analyst,29.2,0.0,24.8,26.0,4.0,5.0,Sales,L2,"Montreal, QC",0.5,4,Solid,Medium,Significant Gap
E0262,R005,HR Data Analyst,15.0,0.0,12.8,24.0,4.0,7.0,Sales,L2,"Montreal, QC",0.5,4,Solid,Medium,Significant Gap
E0262,R006,People Analytics Manager,24.8,0.0,21.1,39.0,5.0,7.0,Sales,L2,"Montreal, QC",0.5,4,Solid,Medium,Significant Gap
E0262,R007,HRIS & People Data Specialist,15.9,0.0,13.6,29.0,5.0,7.0,Sales,L2,"Montreal, QC",0.5,4,Solid,Medium,Significant Gap
E0262,R008,Talent Management Analytics Specialist,13.5,0.0,11.5,32.0,4.0,8.0,Sales,L2,"Montreal, QC",0.5,4,Solid,Medium,Significant Gap
E0263,R001,People Analytics Specialist,7.7,0.0,6.6,37.0,5.0,10.0,Engineering,L3,"Vancouver, BC",1.3,4,Developing,Medium,Significant Gap
E0263,R002,Senior People Analytics Analyst,12.2,0.0,10.4,41.0,6.0,9.0,Engineering,L3,"Vancouver, BC",1.3,4,Developing,Medium,Significant Gap
E0263,R003,Talent Intelligence Analyst,17.3,0.0,14.7,31.0,5.0,8.0,Engineering,L3,"Vancouver, BC",1.3,4,Developing,Medium,Significant Gap
E0263,R004,Workforce Planning Analyst,15.4,0.0,13.1,31.0,4.0,7.0,Engineering,L3,"Vancouver, BC",1.3,4,Developing,Medium,Significant Gap
E0263,R005,HR Data Analyst,14.6,0.0,12.4,24.0,4.0,6.0,Engineering,L3,"Vancouver, BC",1.3,4,Developing,Medium,Significant Gap
E0263,R006,People Analytics Manager,9.3,0.0,7.9,47.0,5.0,9.0,Engineering,L3,"Vancouver, BC",1.3,4,Developing,Medium,Significant Gap
E0263,R007,HRIS & People Data Specialist,15.2,0.0,12.9,32.0,5.0,7.0,Engineering,L3,"Vancouver, BC",1.3,4,Developing,Medium,Significant Gap
E0263,R008,Talent Management Analytics Specialist,0.0,0.0,0.0,37.0,4.0,10.0,Engineering,L3,"Vancouver, BC",1.3,4,Developing,Medium,Significant Gap
E0264,R001,People Analytics Specialist,19.0,0.0,16.2,34.0,5.0,9.0,Operations,L1,"Toronto, ON",7.7,4,Solid,Medium,Significant Gap
E0264,R002,Senior People Analytics Analyst,12.5,0.0,10.6,43.0,6.0,10.0,Operations,L1,"Toronto, ON",7.7,4,Solid,Medium,Significant Gap
E0264,R003,Talent Intelligence Analyst,0.0,0.0,0.0,39.0,5.0,11.0,Operations,L1,"Toronto, ON",7.7,4,Solid,Medium,Significant Gap
E0264,R004,Workforce Planning Analyst,20.8,0.0,17.7,31.0,4.0,7.0,Operations,L1,"Toronto, ON",7.7,4,Solid,Medium,Significant Gap
E0264,R005,HR Data Analyst,20.8,0.0,17.7,23.0,4.0,6.0,Operations,L1,"Toronto, ON",7.7,4,Solid,Medium,Significant Gap
E0264,R006,People Analytics Manager,8.0,0.0,6.8,48.0,5.0,10.0,Operations,L1,"Toronto, ON",7.7,4,Solid,Medium,Significant Gap
E0264,R007,HRIS & People Data Specialist,15.9,0.0,13.6,31.0,5.0,7.0,Operations,L1,"Toronto, ON",7.7,4,Solid,Medium,Significant Gap
E0264,R008,Talent Management Analytics Specialist,4.2,0.0,3.5,35.0,4.0,9.0,Operations,L1,"Toronto, ON",7.7,4,Solid,Medium,Significant Gap
E0265,R001,People Analytics Specialist,16.4,0.0,13.9,34.0,5.0,9.0,Customer Success,L2,Remote - Canada,2.9,5,Solid,Medium,Significant Gap
E0265,R002,Senior People Analytics Analyst,16.7,0.0,14.2,39.0,6.0,9.0,Customer Success,L2,Remote - Canada,2.9,5,Solid,Medium,Significant Gap
E0265,R003,Talent Intelligence Analyst,5.1,0.0,4.4,37.0,5.0,10.0,Customer Success,L2,Remote - Canada,2.9,5,Solid,Medium,Significant Gap
E0265,R004,Workforce Planning Analyst,25.0,0.0,21.2,27.0,4.0,6.0,Customer Success,L2,Remote - Canada,2.9,5,Solid,Medium,Significant Gap
E0265,R005,HR Data Analyst,16.7,0.0,14.2,23.0,4.0,6.0,Customer Success,L2,Remote - Canada,2.9,5,Solid,Medium,Significant Gap
E0265,R006,People Analytics Manager,24.5,0.0,20.8,39.0,5.0,8.0,Customer Success,L2,Remote - Canada,2.9,5,Solid,Medium,Significant Gap
E0265,R007,HRIS & People Data Specialist,15.9,0.0,13.6,29.0,5.0,7.0,Customer Success,L2,Remote - Canada,2.9,5,Solid,Medium,Significant Gap
E0265,R008,Talent Management Analytics Specialist,6.2,0.0,5.3,34.0,4.0,8.0,Customer Success,L2,Remote - Canada,2.9,5,Solid,Medium,Significant Gap
E0266,R001,People Analytics Specialist,34.5,20.0,32.3,26.0,4.0,6.0,Human Resources,L4,"Toronto, ON",6.4,3,Solid,Medium,Significant Gap
E0266,R002,Senior People Analytics Analyst,30.5,0.0,25.9,33.0,6.0,6.0,Human Resources,L4,"Toronto, ON",6.4,3,Solid,Medium,Significant Gap
E0266,R003,Talent Intelligence Analyst,24.0,0.0,20.4,30.0,5.0,8.0,Human Resources,L4,"Toronto, ON",6.4,3,Solid,Medium,Significant Gap
E0266,R004,Workforce Planning Analyst,31.1,0.0,26.4,25.0,4.0,5.0,Human Resources,L4,"Toronto, ON",6.4,3,Solid,Medium,Significant Gap
E0266,R005,HR Data Analyst,29.6,0.0,25.1,21.0,4.0,5.0,Human Resources,L4,"Toronto, ON",6.4,3,Solid,Medium,Significant Gap
E0266,R006,People Analytics Manager,38.5,0.0,32.7,32.0,5.0,5.0,Human Resources,L4,"Toronto, ON",6.4,3,Solid,Medium,Significant Gap
E0266,R007,HRIS & People Data Specialist,23.6,0.0,20.0,26.0,5.0,5.0,Human Resources,L4,"Toronto, ON",6.4,3,Solid,Medium,Significant Gap
E0266,R008,Talent Management Analytics Specialist,28.1,0.0,23.9,26.0,4.0,6.0,Human Resources,L4,"Toronto, ON",6.4,3,Solid,Medium,Significant Gap
E0267,R001,People Analytics Specialist,17.9,0.0,15.2,33.0,5.0,7.0,Human Resources,L2,"Toronto, ON",8.3,4,High,Low,Significant Gap
E0267,R002,Senior People Analytics Analyst,20.6,0.0,17.5,38.0,6.0,6.0,Human Resources,L2,"Toronto, ON",8.3,4,High,Low,Significant Gap
E0267,R003,Talent Intelligence Analyst,12.8,0.0,10.9,34.0,5.0,8.0,Human Resources,L2,"Toronto, ON",8.3,4,High,Low,Significant Gap
E0267,R004,Workforce Planning Analyst,25.0,0.0,21.2,27.0,4.0,4.0,Human Resources,L2,"Toronto, ON",8.3,4,High,Low,Significant Gap
E0267,R005,HR Data Analyst,22.1,0.0,18.8,22.0,4.0,6.0,Human Resources,L2,"Toronto, ON",8.3,4,High,Low,Significant Gap
E0267,R006,People Analytics Manager,14.1,0.0,12.0,45.0,5.0,8.0,Human Resources,L2,"Toronto, ON",8.3,4,High,Low,Significant Gap
E0267,R007,HRIS & People Data Specialist,13.6,0.0,11.6,31.0,5.0,7.0,Human Resources,L2,"Toronto, ON",8.3,4,High,Low,Significant Gap
E0267,R008,Talent Management Analytics Specialist,25.6,0.0,21.7,27.0,4.0,6.0,Human Resources,L2,"Toronto, ON",8.3,4,High,Low,Significant Gap
E0268,R001,People Analytics Specialist,11.9,0.0,10.1,36.0,5.0,9.0,Engineering,L1,Remote - Canada,0.3,2,High,Medium,Significant Gap
E0268,R002,Senior People Analytics Analyst,20.8,0.0,17.7,38.0,6.0,7.0,Engineering,L1,Remote - Canada,0.3,2,High,Medium,Significant Gap
E0268,R003,Talent Intelligence Analyst,33.5,0.0,28.4,25.0,5.0,5.0,Engineering,L1,Remote - Canada,0.3,2,High,Medium,Significant Gap
E0268,R004,Workforce Planning Analyst,12.5,0.0,10.6,32.0,4.0,7.0,Engineering,L1,Remote - Canada,0.3,2,High,Medium,Significant Gap
E0268,R005,HR Data Analyst,10.0,0.0,8.5,26.0,4.0,7.0,Engineering,L1,Remote - Canada,0.3,2,High,Medium,Significant Gap
E0268,R006,People Analytics Manager,10.6,0.0,9.0,47.0,5.0,9.0,Engineering,L1,Remote - Canada,0.3,2,High,Medium,Significant Gap
E0268,R007,HRIS & People Data Specialist,12.0,0.0,10.2,32.0,5.0,7.0,Engineering,L1,Remote - Canada,0.3,2,High,Medium,Significant Gap
E0268,R008,Talent Management Analytics Specialist,4.2,0.0,3.5,35.0,4.0,9.0,Engineering,L1,Remote - Canada,0.3,2,High,Medium,Significant Gap
E0269,R001,People Analytics Specialist,25.3,0.0,21.5,31.0,5.0,7.0,Operations,L2,"Ottawa, ON",0.3,3,Solid,High,Significant Gap
E0269,R002,Senior People Analytics Analyst,20.0,16.7,19.5,39.0,5.0,7.0,Operations,L2,"Ottawa, ON",0.3,3,Solid,High,Significant Gap
E0269,R003,Talent Intelligence Analyst,7.7,0.0,6.5,36.0,5.0,10.0,Operations,L2,"Ottawa, ON",0.3,3,Solid,High,Significant Gap
E0269,R004,Workforce Planning Analyst,17.4,0.0,14.8,30.0,4.0,6.0,Operations,L2,"Ottawa, ON",0.3,3,Solid,High,Significant Gap
E0269,R005,HR Data Analyst,25.8,0.0,22.0,22.0,4.0,5.0,Operations,L2,"Ottawa, ON",0.3,3,Solid,High,Significant Gap
E0269,R006,People Analytics Manager,20.1,0.0,17.1,42.0,5.0,7.0,Operations,L2,"Ottawa, ON",0.3,3,Solid,High,Significant Gap
E0269,R007,HRIS & People Data Specialist,26.1,0.0,22.2,26.0,5.0,4.0,Operations,L2,"Ottawa, ON",0.3,3,Solid,High,Significant Gap
E0269,R008,Talent Management Analytics Specialist,8.3,0.0,7.1,33.0,4.0,9.0,Operations,L2,"Ottawa, ON",0.3,3,Solid,High,Significant Gap
E0270,R001,People Analytics Specialist,26.8,20.0,25.8,31.0,4.0,8.0,Engineering,L4,"Toronto, ON",3.4,3,Developing,Medium,Significant Gap
E0270,R002,Senior People Analytics Analyst,32.9,33.3,33.0,33.0,4.0,7.0,Engineering,L4,"Toronto, ON",3.4,3,Developing,Medium,Significant Gap
E0270,R003,Talent Intelligence Analyst,24.4,0.0,20.7,28.0,5.0,7.0,Engineering,L4,"Toronto, ON",3.4,3,Developing,Medium,Significant Gap
E0270,R004,Workforce Planning Analyst,26.4,0.0,22.4,26.0,4.0,6.0,Engineering,L4,"Toronto, ON",3.4,3,Developing,Medium,Significant Gap
E0270,R005,HR Data Analyst,28.3,25.0,27.8,20.0,3.0,5.0,Engineering,L4,"Toronto, ON",3.4,3,Developing,Medium,Significant Gap
E0270,R006,People Analytics Manager,34.8,20.0,32.6,35.0,4.0,6.0,Engineering,L4,"Toronto, ON",3.4,3,Developing,Medium,Significant Gap
E0270,R007,HRIS & People Data Specialist,20.7,20.0,20.6,29.0,4.0,7.0,Engineering,L4,"Toronto, ON",3.4,3,Developing,Medium,Significant Gap
E0270,R008,Talent Management Analytics Specialist,16.7,0.0,14.2,29.0,4.0,8.0,Engineering,L4,"Toronto, ON",3.4,3,Developing,Medium,Significant Gap
E0271,R001,People Analytics Specialist,15.5,20.0,16.2,36.0,4.0,10.0,Engineering,L3,"Montreal, QC",1.3,5,Solid,Medium,Significant Gap
E0271,R002,Senior People Analytics Analyst,18.9,16.7,18.6,39.0,5.0,9.0,Engineering,L3,"Montreal, QC",1.3,5,Solid,Medium,Significant Gap
E0271,R003,Talent Intelligence Analyst,7.7,0.0,6.5,36.0,5.0,10.0,Engineering,L3,"Montreal, QC",1.3,5,Solid,Medium,Significant Gap
E0271,R004,Workforce Planning Analyst,0.0,0.0,0.0,38.0,4.0,10.0,Engineering,L3,"Montreal, QC",1.3,5,Solid,Medium,Significant Gap
E0271,R005,HR Data Analyst,29.2,25.0,28.5,21.0,3.0,5.0,Engineering,L3,"Montreal, QC",1.3,5,Solid,Medium,Significant Gap
E0271,R006,People Analytics Manager,13.8,0.0,11.7,45.0,5.0,9.0,Engineering,L3,"Montreal, QC",1.3,5,Solid,Medium,Significant Gap
E0271,R007,HRIS & People Data Specialist,35.9,20.0,33.5,24.0,4.0,5.0,Engineering,L3,"Montreal, QC",1.3,5,Solid,Medium,Significant Gap
E0271,R008,Talent Management Analytics Specialist,4.2,0.0,3.5,35.0,4.0,9.0,Engineering,L3,"Montreal, QC",1.3,5,Solid,Medium,Significant Gap
E0272,R001,People Analytics Specialist,19.3,20.0,19.4,34.0,4.0,8.0,Engineering,L2,"Toronto, ON",11.8,3,High,Medium,Significant Gap
E0272,R002,Senior People Analytics Analyst,13.9,0.0,11.9,42.0,6.0,9.0,Engineering,L2,"Toronto, ON",11.8,3,High,Medium,Significant Gap
E0272,R003,Talent Intelligence Analyst,23.6,0.0,20.1,28.0,5.0,7.0,Engineering,L2,"Toronto, ON",11.8,3,High,Medium,Significant Gap
E0272,R004,Workforce Planning Analyst,4.2,0.0,3.5,36.0,4.0,9.0,Engineering,L2,"Toronto, ON",11.8,3,High,Medium,Significant Gap
E0272,R005,HR Data Analyst,26.2,25.0,26.1,22.0,3.0,5.0,Engineering,L2,"Toronto, ON",11.8,3,High,Medium,Significant Gap
E0272,R006,People Analytics Manager,14.1,0.0,12.0,45.0,5.0,9.0,Engineering,L2,"Toronto, ON",11.8,3,High,Medium,Significant Gap
E0272,R007,HRIS & People Data Specialist,20.3,0.0,17.2,29.0,5.0,6.0,Engineering,L2,"Toronto, ON",11.8,3,High,Medium,Significant Gap
E0272,R008,Talent Management Analytics Specialist,2.8,0.0,2.4,36.0,4.0,9.0,Engineering,L2,"Toronto, ON",11.8,3,High,Medium,Significant Gap
E0273,R001,People Analytics Specialist,23.5,0.0,20.0,31.0,5.0,8.0,Finance,L1,"Toronto, ON",0.4,5,High,Low,Significant Gap
E0273,R002,Senior People Analytics Analyst,15.8,0.0,13.5,41.0,6.0,9.0,Finance,L1,"Toronto, ON",0.4,5,High,Low,Significant Gap
E0273,R003,Talent Intelligence Analyst,15.4,0.0,13.1,33.0,5.0,9.0,Finance,L1,"Toronto, ON",0.4,5,High,Low,Significant Gap
E0273,R004,Workforce Planning Analyst,23.3,0.0,19.8,28.0,4.0,5.0,Finance,L1,"Toronto, ON",0.4,5,High,Low,Significant Gap
E0273,R005,HR Data Analyst,5.0,0.0,4.2,27.0,4.0,8.0,Finance,L1,"Toronto, ON",0.4,5,High,Low,Significant Gap
E0273,R006,People Analytics Manager,10.3,0.0,8.8,47.0,5.0,10.0,Finance,L1,"Toronto, ON",0.4,5,High,Low,Significant Gap
E0273,R007,HRIS & People Data Specialist,4.3,0.0,3.7,34.0,5.0,9.0,Finance,L1,"Toronto, ON",0.4,5,High,Low,Significant Gap
E0273,R008,Talent Management Analytics Specialist,14.6,0.0,12.4,31.0,4.0,8.0,Finance,L1,"Toronto, ON",0.4,5,High,Low,Significant Gap
E0274,R001,People Analytics Specialist,4.8,0.0,4.0,39.0,5.0,11.0,Engineering,L3,"Toronto, ON",9.1,4,Developing,Low,Significant Gap
E0274,R002,Senior People Analytics Analyst,20.0,0.0,17.0,38.0,6.0,8.0,Engineering,L3,"Toronto, ON",9.1,4,Developing,Low,Significant Gap
E0274,R003,Talent Intelligence Analyst,16.7,0.0,14.2,31.0,5.0,8.0,Engineering,L3,"Toronto, ON",9.1,4,Developing,Low,Significant Gap
E0274,R004,Workforce Planning Analyst,8.3,0.0,7.1,34.0,4.0,8.0,Engineering,L3,"Toronto, ON",9.1,4,Developing,Low,Significant Gap
E0274,R005,HR Data Analyst,10.0,0.0,8.5,26.0,4.0,8.0,Engineering,L3,"Toronto, ON",9.1,4,Developing,Low,Significant Gap
E0274,R006,People Analytics Manager,18.6,0.0,15.8,42.0,5.0,8.0,Engineering,L3,"Toronto, ON",9.1,4,Developing,Low,Significant Gap
E0274,R007,HRIS & People Data Specialist,25.7,0.0,21.9,26.0,5.0,6.0,Engineering,L3,"Toronto, ON",9.1,4,Developing,Low,Significant Gap
E0274,R008,Talent Management Analytics Specialist,4.2,0.0,3.5,35.0,4.0,9.0,Engineering,L3,"Toronto, ON",9.1,4,Developing,Low,Significant Gap
E0275,R001,People Analytics Specialist,25.0,20.0,24.2,30.0,4.0,9.0,Sales,L4,"Ottawa, ON",4.1,3,Solid,High,Significant Gap
E0275,R002,Senior People Analytics Analyst,23.0,16.7,22.0,37.0,5.0,9.0,Sales,L4,"Ottawa, ON",4.1,3,Solid,High,Significant Gap
E0275,R003,Talent Intelligence Analyst,15.4,0.0,13.1,33.0,5.0,9.0,Sales,L4,"Ottawa, ON",4.1,3,Solid,High,Significant Gap
E0275,R004,Workforce Planning Analyst,31.2,0.0,26.6,24.0,4.0,6.0,Sales,L4,"Ottawa, ON",4.1,3,Solid,High,Significant Gap
E0275,R005,HR Data Analyst,10.0,0.0,8.5,25.0,4.0,8.0,Sales,L4,"Ottawa, ON",4.1,3,Solid,High,Significant Gap
E0275,R006,People Analytics Manager,33.1,0.0,28.1,35.0,5.0,7.0,Sales,L4,"Ottawa, ON",4.1,3,Solid,High,Significant Gap
E0275,R007,HRIS & People Data Specialist,8.7,0.0,7.4,31.0,5.0,8.0,Sales,L4,"Ottawa, ON",4.1,3,Solid,High,Significant Gap
E0275,R008,Talent Management Analytics Specialist,13.9,0.0,11.8,31.0,4.0,8.0,Sales,L4,"Ottawa, ON",4.1,3,Solid,High,Significant Gap
E0276,R001,People Analytics Specialist,19.0,20.0,19.2,34.0,4.0,9.0,Engineering,L3,"Vancouver, BC",3.6,3,Solid,Low,Significant Gap
E0276,R002,Senior People Analytics Analyst,19.2,0.0,16.3,39.0,6.0,9.0,Engineering,L3,"Vancouver, BC",3.6,3,Solid,Low,Significant Gap
E0276,R003,Talent Intelligence Analyst,15.4,0.0,13.1,33.0,5.0,9.0,Engineering,L3,"Vancouver, BC",3.6,3,Solid,Low,Significant Gap
E0276,R004,Workforce Planning Analyst,4.2,0.0,3.5,36.0,4.0,9.0,Engineering,L3,"Vancouver, BC",3.6,3,Solid,Low,Significant Gap
E0276,R005,HR Data Analyst,30.8,25.0,30.0,20.0,3.0,5.0,Engineering,L3,"Vancouver, BC",3.6,3,Solid,Low,Significant Gap
E0276,R006,People Analytics Manager,6.9,0.0,5.9,49.0,5.0,11.0,Engineering,L3,"Vancouver, BC",3.6,3,Solid,Low,Significant Gap
E0276,R007,HRIS & People Data Specialist,25.0,0.0,21.2,29.0,5.0,7.0,Engineering,L3,"Vancouver, BC",3.6,3,Solid,Low,Significant Gap
E0276,R008,Talent Management Analytics Specialist,4.2,0.0,3.5,35.0,4.0,9.0,Engineering,L3,"Vancouver, BC",3.6,3,Solid,Low,Significant Gap
E0277,R001,People Analytics Specialist,4.8,0.0,4.0,39.0,5.0,11.0,Engineering,L3,"Toronto, ON",5.4,2,Solid,Medium,Significant Gap
E0277,R002,Senior People Analytics Analyst,18.9,0.0,16.1,39.0,6.0,8.0,Engineering,L3,"Toronto, ON",5.4,2,Solid,Medium,Significant Gap
E0277,R003,Talent Intelligence Analyst,15.4,0.0,13.1,33.0,5.0,8.0,Engineering,L3,"Toronto, ON",5.4,2,Solid,Medium,Significant Gap
E0277,R004,Workforce Planning Analyst,4.2,0.0,3.5,36.0,4.0,9.0,Engineering,L3,"Toronto, ON",5.4,2,Solid,Medium,Significant Gap
E0277,R005,HR Data Analyst,10.0,0.0,8.5,25.0,4.0,7.0,Engineering,L3,"Toronto, ON",5.4,2,Solid,Medium,Significant Gap
E0277,R006,People Analytics Manager,11.0,0.0,9.4,46.0,5.0,9.0,Engineering,L3,"Toronto, ON",5.4,2,Solid,Medium,Significant Gap
E0277,R007,HRIS & People Data Specialist,21.0,0.0,17.9,28.0,5.0,6.0,Engineering,L3,"Toronto, ON",5.4,2,Solid,Medium,Significant Gap
E0277,R008,Talent Management Analytics Specialist,8.3,0.0,7.1,33.0,4.0,8.0,Engineering,L3,"Toronto, ON",5.4,2,Solid,Medium,Significant Gap
E0278,R001,People Analytics Specialist,8.3,0.0,7.1,37.0,5.0,9.0,Engineering,L3,"Calgary, AB",1.8,4,Developing,Medium,Significant Gap
E0278,R002,Senior People Analytics Analyst,24.2,0.0,20.5,36.0,6.0,7.0,Engineering,L3,"Calgary, AB",1.8,4,Developing,Medium,Significant Gap
E0278,R003,Talent Intelligence Analyst,19.2,0.0,16.3,30.0,5.0,8.0,Engineering,L3,"Calgary, AB",1.8,4,Developing,Medium,Significant Gap
E0278,R004,Workforce Planning Analyst,11.1,0.0,9.4,33.0,4.0,7.0,Engineering,L3,"Calgary, AB",1.8,4,Developing,Medium,Significant Gap
E0278,R005,HR Data Analyst,18.8,0.0,15.9,23.0,4.0,6.0,Engineering,L3,"Calgary, AB",1.8,4,Developing,Medium,Significant Gap
E0278,R006,People Analytics Manager,9.3,0.0,7.9,47.0,5.0,10.0,Engineering,L3,"Calgary, AB",1.8,4,Developing,Medium,Significant Gap
E0278,R007,HRIS & People Data Specialist,21.7,0.0,18.5,30.0,5.0,7.0,Engineering,L3,"Calgary, AB",1.8,4,Developing,Medium,Significant Gap
E0278,R008,Talent Management Analytics Specialist,0.0,0.0,0.0,37.0,4.0,10.0,Engineering,L3,"Calgary, AB",1.8,4,Developing,Medium,Significant Gap
E0279,R001,People Analytics Specialist,10.1,0.0,8.6,36.0,5.0,10.0,Legal & Compliance,L3,"Ottawa, ON",1.5,4,High,High,Significant Gap
E0279,R002,Senior People Analytics Analyst,5.6,0.0,4.7,45.0,6.0,10.0,Legal & Compliance,L3,"Ottawa, ON",1.5,4,High,High,Significant Gap
E0279,R003,Talent Intelligence Analyst,0.0,0.0,0.0,39.0,5.0,11.0,Legal & Compliance,L3,"Ottawa, ON",1.5,4,High,High,Significant Gap
E0279,R004,Workforce Planning Analyst,10.4,0.0,8.9,33.0,4.0,8.0,Legal & Compliance,L3,"Ottawa, ON",1.5,4,High,High,Significant Gap
E0279,R005,HR Data Analyst,20.0,0.0,17.0,22.0,4.0,5.0,Legal & Compliance,L3,"Ottawa, ON",1.5,4,High,High,Significant Gap
E0279,R006,People Analytics Manager,11.0,0.0,9.4,46.0,5.0,9.0,Legal & Compliance,L3,"Ottawa, ON",1.5,4,High,High,Significant Gap
E0279,R007,HRIS & People Data Specialist,14.1,0.0,12.0,31.0,5.0,7.0,Legal & Compliance,L3,"Ottawa, ON",1.5,4,High,High,Significant Gap
E0279,R008,Talent Management Analytics Specialist,2.1,0.0,1.8,36.0,4.0,9.0,Legal & Compliance,L3,"Ottawa, ON",1.5,4,High,High,Significant Gap
E0280,R001,People Analytics Specialist,12.5,20.0,13.6,37.0,4.0,10.0,Engineering,L3,"Vancouver, BC",0.3,4,High,Medium,Significant Gap
E0280,R002,Senior People Analytics Analyst,16.7,16.7,16.7,41.0,5.0,10.0,Engineering,L3,"Vancouver, BC",0.3,4,High,Medium,Significant Gap
E0280,R003,Talent Intelligence Analyst,19.2,0.0,16.3,30.0,5.0,8.0,Engineering,L3,"Vancouver, BC",0.3,4,High,Medium,Significant Gap
E0280,R004,Workforce Planning Analyst,2.1,0.0,1.8,37.0,4.0,9.0,Engineering,L3,"Vancouver, BC",0.3,4,High,Medium,Significant Gap
E0280,R005,HR Data Analyst,19.2,25.0,20.0,24.0,3.0,6.0,Engineering,L3,"Vancouver, BC",0.3,4,High,Medium,Significant Gap
E0280,R006,People Analytics Manager,10.3,0.0,8.8,47.0,5.0,10.0,Engineering,L3,"Vancouver, BC",0.3,4,High,Medium,Significant Gap
E0280,R007,HRIS & People Data Specialist,15.9,20.0,16.6,31.0,4.0,8.0,Engineering,L3,"Vancouver, BC",0.3,4,High,Medium,Significant Gap
E0280,R008,Talent Management Analytics Specialist,2.1,0.0,1.8,36.0,4.0,9.0,Engineering,L3,"Vancouver, BC",0.3,4,High,Medium,Significant Gap
E0281,R001,People Analytics Specialist,21.4,0.0,18.2,32.0,5.0,8.0,Finance,L2,"Vancouver, BC",10.3,3,High,High,Significant Gap
E0281,R002,Senior People Analytics Analyst,10.8,0.0,9.2,43.0,6.0,10.0,Finance,L2,"Vancouver, BC",10.3,3,High,High,Significant Gap
E0281,R003,Talent Intelligence Analyst,5.1,0.0,4.4,37.0,5.0,10.0,Finance,L2,"Vancouver, BC",10.3,3,High,High,Significant Gap
E0281,R004,Workforce Planning Analyst,21.2,0.0,18.0,30.0,4.0,6.0,Finance,L2,"Vancouver, BC",10.3,3,High,High,Significant Gap
E0281,R005,HR Data Analyst,16.7,0.0,14.2,22.0,4.0,6.0,Finance,L2,"Vancouver, BC",10.3,3,High,High,Significant Gap
E0281,R006,People Analytics Manager,6.9,0.0,5.9,48.0,5.0,10.0,Finance,L2,"Vancouver, BC",10.3,3,High,High,Significant Gap
E0281,R007,HRIS & People Data Specialist,8.7,0.0,7.4,33.0,5.0,8.0,Finance,L2,"Vancouver, BC",10.3,3,High,High,Significant Gap
E0281,R008,Talent Management Analytics Specialist,11.8,0.0,10.0,32.0,4.0,8.0,Finance,L2,"Vancouver, BC",10.3,3,High,High,Significant Gap
E0282,R001,People Analytics Specialist,6.5,0.0,5.6,38.0,5.0,9.0,Operations,L3,"Vancouver, BC",4.1,3,Solid,Medium,Significant Gap
E0282,R002,Senior People Analytics Analyst,2.5,0.0,2.1,47.0,6.0,11.0,Operations,L3,"Vancouver, BC",4.1,3,Solid,Medium,Significant Gap
E0282,R003,Talent Intelligence Analyst,5.4,0.0,4.6,37.0,5.0,9.0,Operations,L3,"Vancouver, BC",4.1,3,Solid,Medium,Significant Gap
E0282,R004,Workforce Planning Analyst,12.9,0.0,11.0,33.0,4.0,6.0,Operations,L3,"Vancouver, BC",4.1,3,Solid,Medium,Significant Gap
E0282,R005,HR Data Analyst,9.6,0.0,8.1,25.0,4.0,6.0,Operations,L3,"Vancouver, BC",4.1,3,Solid,Medium,Significant Gap
E0282,R006,People Analytics Manager,9.0,0.0,7.6,47.0,5.0,9.0,Operations,L3,"Vancouver, BC",4.1,3,Solid,Medium,Significant Gap
E0282,R007,HRIS & People Data Specialist,9.1,0.0,7.7,32.0,5.0,7.0,Operations,L3,"Vancouver, BC",4.1,3,Solid,Medium,Significant Gap
E0282,R008,Talent Management Analytics Specialist,6.2,0.0,5.3,34.0,4.0,8.0,Operations,L3,"Vancouver, BC",4.1,3,Solid,Medium,Significant Gap
E0283,R001,People Analytics Specialist,26.2,0.0,22.3,30.0,5.0,7.0,Sales,L3,"Toronto, ON",3.6,4,Developing,Low,Significant Gap
E0283,R002,Senior People Analytics Analyst,18.8,0.0,16.0,39.0,6.0,8.0,Sales,L3,"Toronto, ON",3.6,4,Developing,Low,Significant Gap
E0283,R003,Talent Intelligence Analyst,18.9,0.0,16.1,32.0,5.0,8.0,Sales,L3,"Toronto, ON",3.6,4,Developing,Low,Significant Gap
E0283,R004,Workforce Planning Analyst,17.4,0.0,14.8,30.0,4.0,6.0,Sales,L3,"Toronto, ON",3.6,4,Developing,Low,Significant Gap
E0283,R005,HR Data Analyst,20.8,0.0,17.7,21.0,4.0,5.0,Sales,L3,"Toronto, ON",3.6,4,Developing,Low,Significant Gap
E0283,R006,People Analytics Manager,18.6,0.0,15.8,43.0,5.0,8.0,Sales,L3,"Toronto, ON",3.6,4,Developing,Low,Significant Gap
E0283,R007,HRIS & People Data Specialist,19.6,0.0,16.6,29.0,5.0,7.0,Sales,L3,"Toronto, ON",3.6,4,Developing,Low,Significant Gap
E0283,R008,Talent Management Analytics Specialist,33.7,0.0,28.6,24.0,4.0,5.0,Sales,L3,"Toronto, ON",3.6,4,Developing,Low,Significant Gap
E0284,R001,People Analytics Specialist,21.1,0.0,18.0,32.0,5.0,8.0,Finance,L2,"Montreal, QC",1.5,2,Solid,Low,Significant Gap
E0284,R002,Senior People Analytics Analyst,15.8,0.0,13.5,40.0,6.0,9.0,Finance,L2,"Montreal, QC",1.5,2,Solid,Low,Significant Gap
E0284,R003,Talent Intelligence Analyst,0.0,0.0,0.0,39.0,5.0,11.0,Finance,L2,"Montreal, QC",1.5,2,Solid,Low,Significant Gap
E0284,R004,Workforce Planning Analyst,34.4,0.0,29.2,25.0,4.0,5.0,Finance,L2,"Montreal, QC",1.5,2,Solid,Low,Significant Gap
E0284,R005,HR Data Analyst,18.8,0.0,15.9,23.0,4.0,6.0,Finance,L2,"Montreal, QC",1.5,2,Solid,Low,Significant Gap
E0284,R006,People Analytics Manager,12.8,0.0,10.8,45.0,5.0,9.0,Finance,L2,"Montreal, QC",1.5,2,Solid,Low,Significant Gap
E0284,R007,HRIS & People Data Specialist,14.9,0.0,12.6,31.0,5.0,7.0,Finance,L2,"Montreal, QC",1.5,2,Solid,Low,Significant Gap
E0284,R008,Talent Management Analytics Specialist,0.0,0.0,0.0,37.0,4.0,10.0,Finance,L2,"Montreal, QC",1.5,2,Solid,Low,Significant Gap
E0285,R001,People Analytics Specialist,27.1,0.0,23.0,29.0,5.0,6.0,Marketing,L3,"Toronto, ON",4.0,3,High,Medium,Significant Gap
E0285,R002,Senior People Analytics Analyst,19.0,0.0,16.2,39.0,6.0,7.0,Marketing,L3,"Toronto, ON",4.0,3,High,Medium,Significant Gap
E0285,R003,Talent Intelligence Analyst,12.8,0.0,10.9,34.0,5.0,9.0,Marketing,L3,"Toronto, ON",4.0,3,High,Medium,Significant Gap
E0285,R004,Workforce Planning Analyst,29.9,0.0,25.4,25.0,4.0,4.0,Marketing,L3,"Toronto, ON",4.0,3,High,Medium,Significant Gap
E0285,R005,HR Data Analyst,17.1,0.0,14.5,23.0,4.0,6.0,Marketing,L3,"Toronto, ON",4.0,3,High,Medium,Significant Gap
E0285,R006,People Analytics Manager,16.2,0.0,13.8,44.0,5.0,8.0,Marketing,L3,"Toronto, ON",4.0,3,High,Medium,Significant Gap
E0285,R007,HRIS & People Data Specialist,10.5,0.0,8.9,32.0,5.0,7.0,Marketing,L3,"Toronto, ON",4.0,3,High,Medium,Significant Gap
E0285,R008,Talent Management Analytics Specialist,6.2,0.0,5.3,34.0,4.0,9.0,Marketing,L3,"Toronto, ON",4.0,3,High,Medium,Significant Gap
E0286,R001,People Analytics Specialist,19.3,0.0,16.4,33.0,5.0,7.0,Operations,L2,"Vancouver, BC",4.4,3,High,High,Significant Gap
E0286,R002,Senior People Analytics Analyst,16.7,0.0,14.2,40.0,6.0,8.0,Operations,L2,"Vancouver, BC",4.4,3,High,High,Significant Gap
E0286,R003,Talent Intelligence Analyst,10.3,0.0,8.7,35.0,5.0,9.0,Operations,L2,"Vancouver, BC",4.4,3,High,High,Significant Gap
E0286,R004,Workforce Planning Analyst,21.5,0.0,18.3,30.0,4.0,5.0,Operations,L2,"Vancouver, BC",4.4,3,High,High,Significant Gap
E0286,R005,HR Data Analyst,23.3,0.0,19.8,21.0,4.0,5.0,Operations,L2,"Vancouver, BC",4.4,3,High,High,Significant Gap
E0286,R006,People Analytics Manager,9.0,0.0,7.6,47.0,5.0,9.0,Operations,L2,"Vancouver, BC",4.4,3,High,High,Significant Gap
E0286,R007,HRIS & People Data Specialist,18.1,0.0,15.4,30.0,5.0,6.0,Operations,L2,"Vancouver, BC",4.4,3,High,High,Significant Gap
E0286,R008,Talent Management Analytics Specialist,6.2,0.0,5.3,34.0,4.0,8.0,Operations,L2,"Vancouver, BC",4.4,3,High,High,Significant Gap
E0287,R001,People Analytics Specialist,19.9,0.0,16.9,33.0,5.0,7.0,Customer Success,L3,"Calgary, AB",0.4,2,Developing,Medium,Significant Gap
E0287,R002,Senior People Analytics Analyst,16.5,0.0,14.0,39.0,6.0,8.0,Customer Success,L3,"Calgary, AB",0.4,2,Developing,Medium,Significant Gap
E0287,R003,Talent Intelligence Analyst,7.7,0.0,6.5,36.0,5.0,9.0,Customer Success,L3,"Calgary, AB",0.4,2,Developing,Medium,Significant Gap
E0287,R004,Workforce Planning Analyst,24.3,0.0,20.7,28.0,4.0,5.0,Customer Success,L3,"Calgary, AB",0.4,2,Developing,Medium,Significant Gap
E0287,R005,HR Data Analyst,16.2,0.0,13.8,24.0,4.0,6.0,Customer Success,L3,"Calgary, AB",0.4,2,Developing,Medium,Significant Gap
E0287,R006,People Analytics Manager,17.6,0.0,14.9,43.0,5.0,8.0,Customer Success,L3,"Calgary, AB",0.4,2,Developing,Medium,Significant Gap
E0287,R007,HRIS & People Data Specialist,13.4,0.0,11.4,32.0,5.0,7.0,Customer Success,L3,"Calgary, AB",0.4,2,Developing,Medium,Significant Gap
E0287,R008,Talent Management Analytics Specialist,2.1,0.0,1.8,36.0,4.0,9.0,Customer Success,L3,"Calgary, AB",0.4,2,Developing,Medium,Significant Gap
E0288,R001,People Analytics Specialist,22.6,0.0,19.2,32.0,5.0,8.0,Operations,L5,"Toronto, ON",8.1,3,Solid,High,Significant Gap
E0288,R002,Senior People Analytics Analyst,24.0,16.7,22.9,36.0,5.0,8.0,Operations,L5,"Toronto, ON",8.1,3,Solid,High,Significant Gap
E0288,R003,Talent Intelligence Analyst,12.8,0.0,10.9,34.0,5.0,9.0,Operations,L5,"Toronto, ON",8.1,3,Solid,High,Significant Gap
E0288,R004,Workforce Planning Analyst,34.0,0.0,28.9,24.0,4.0,5.0,Operations,L5,"Toronto, ON",8.1,3,Solid,High,Significant Gap
E0288,R005,HR Data Analyst,17.5,0.0,14.9,23.0,4.0,6.0,Operations,L5,"Toronto, ON",8.1,3,Solid,High,Significant Gap
E0288,R006,People Analytics Manager,34.8,20.0,32.6,34.0,4.0,6.0,Operations,L5,"Toronto, ON",8.1,3,Solid,High,Significant Gap
E0288,R007,HRIS & People Data Specialist,18.1,0.0,15.4,29.0,5.0,6.0,Operations,L5,"Toronto, ON",8.1,3,Solid,High,Significant Gap
E0288,R008,Talent Management Analytics Specialist,12.5,0.0,10.6,31.0,4.0,8.0,Operations,L5,"Toronto, ON",8.1,3,Solid,High,Significant Gap
E0289,R001,People Analytics Specialist,32.4,0.0,27.6,27.0,5.0,7.0,Sales,L5,"Toronto, ON",6.3,4,Solid,High,Significant Gap
E0289,R002,Senior People Analytics Analyst,23.5,0.0,20.0,36.0,6.0,8.0,Sales,L5,"Toronto, ON",6.3,4,Solid,High,Significant Gap
E0289,R003,Talent Intelligence Analyst,15.4,0.0,13.1,33.0,5.0,9.0,Sales,L5,"Toronto, ON",6.3,4,Solid,High,Significant Gap
E0289,R004,Workforce Planning Analyst,36.8,0.0,31.3,22.0,4.0,5.0,Sales,L5,"Toronto, ON",6.3,4,Solid,High,Significant Gap
E0289,R005,HR Data Analyst,25.8,0.0,22.0,20.0,4.0,5.0,Sales,L5,"Toronto, ON",6.3,4,Solid,High,Significant Gap
E0289,R006,People Analytics Manager,31.4,20.0,29.7,36.0,4.0,7.0,Sales,L5,"Toronto, ON",6.3,4,Solid,High,Significant Gap
E0289,R007,HRIS & People Data Specialist,16.7,0.0,14.2,30.0,5.0,7.0,Sales,L5,"Toronto, ON",6.3,4,Solid,High,Significant Gap
E0289,R008,Talent Management Analytics Specialist,11.1,0.0,9.4,32.0,4.0,7.0,Sales,L5,"Toronto, ON",6.3,4,Solid,High,Significant Gap
E0290,R001,People Analytics Specialist,18.2,0.0,15.4,33.0,5.0,8.0,Customer Success,L3,"Vancouver, BC",1.9,2,Solid,Low,Significant Gap
E0290,R002,Senior People Analytics Analyst,19.6,0.0,16.6,37.0,6.0,7.0,Customer Success,L3,"Vancouver, BC",1.9,2,Solid,Low,Significant Gap
E0290,R003,Talent Intelligence Analyst,7.7,0.0,6.5,36.0,5.0,9.0,Customer Success,L3,"Vancouver, BC",1.9,2,Solid,Low,Significant Gap
E0290,R004,Workforce Planning Analyst,22.2,0.0,18.9,29.0,4.0,6.0,Customer Success,L3,"Vancouver, BC",1.9,2,Solid,Low,Significant Gap
E0290,R005,HR Data Analyst,18.3,0.0,15.6,22.0,4.0,6.0,Customer Success,L3,"Vancouver, BC",1.9,2,Solid,Low,Significant Gap
E0290,R006,People Analytics Manager,13.4,0.0,11.4,45.0,5.0,9.0,Customer Success,L3,"Vancouver, BC",1.9,2,Solid,Low,Significant Gap
E0290,R007,HRIS & People Data Specialist,17.4,0.0,14.8,31.0,5.0,8.0,Customer Success,L3,"Vancouver, BC",1.9,2,Solid,Low,Significant Gap
E0290,R008,Talent Management Analytics Specialist,4.2,0.0,3.5,35.0,4.0,9.0,Customer Success,L3,"Vancouver, BC",1.9,2,Solid,Low,Significant Gap
E0291,R001,People Analytics Specialist,15.5,20.0,16.2,36.0,4.0,10.0,Engineering,L1,"Toronto, ON",10.7,4,Solid,Medium,Significant Gap
E0291,R002,Senior People Analytics Analyst,30.8,0.0,26.2,33.0,6.0,7.0,Engineering,L1,"Toronto, ON",10.7,4,Solid,Medium,Significant Gap
E0291,R003,Talent Intelligence Analyst,11.5,0.0,9.8,33.0,5.0,9.0,Engineering,L1,"Toronto, ON",10.7,4,Solid,Medium,Significant Gap
E0291,R004,Workforce Planning Analyst,4.2,0.0,3.5,36.0,4.0,9.0,Engineering,L1,"Toronto, ON",10.7,4,Solid,Medium,Significant Gap
E0291,R005,HR Data Analyst,32.5,25.0,31.4,21.0,3.0,6.0,Engineering,L1,"Toronto, ON",10.7,4,Solid,Medium,Significant Gap
E0291,R006,People Analytics Manager,21.4,0.0,18.2,41.0,5.0,8.0,Engineering,L1,"Toronto, ON",10.7,4,Solid,Medium,Significant Gap
E0291,R007,HRIS & People Data Specialist,39.1,0.0,33.3,23.0,5.0,5.0,Engineering,L1,"Toronto, ON",10.7,4,Solid,Medium,Significant Gap
E0291,R008,Talent Management Analytics Specialist,0.0,0.0,0.0,37.0,4.0,10.0,Engineering,L1,"Toronto, ON",10.7,4,Solid,Medium,Significant Gap
E0292,R001,People Analytics Specialist,27.7,20.0,26.5,31.0,4.0,7.0,Human Resources,L2,"Toronto, ON",4.7,5,High,High,Significant Gap
E0292,R002,Senior People Analytics Analyst,22.2,0.0,18.8,38.0,6.0,7.0,Human Resources,L2,"Toronto, ON",4.7,5,High,High,Significant Gap
E0292,R003,Talent Intelligence Analyst,16.7,20.0,17.2,33.0,4.0,9.0,Human Resources,L2,"Toronto, ON",4.7,5,High,High,Significant Gap
E0292,R004,Workforce Planning Analyst,17.2,0.0,14.6,31.0,4.0,6.0,Human Resources,L2,"Toronto, ON",4.7,5,High,High,Significant Gap
E0292,R005,HR Data Analyst,38.3,25.0,36.3,18.0,3.0,4.0,Human Resources,L2,"Toronto, ON",4.7,5,High,High,Significant Gap
E0292,R006,People Analytics Manager,36.0,0.0,30.6,33.0,5.0,5.0,Human Resources,L2,"Toronto, ON",4.7,5,High,High,Significant Gap
E0292,R007,HRIS & People Data Specialist,35.8,0.0,30.4,22.0,5.0,4.0,Human Resources,L2,"Toronto, ON",4.7,5,High,High,Significant Gap
E0292,R008,Talent Management Analytics Specialist,39.6,25.0,37.4,22.0,3.0,5.0,Human Resources,L2,"Toronto, ON",4.7,5,High,High,Significant Gap
E0293,R001,People Analytics Specialist,10.7,20.0,12.1,38.0,4.0,11.0,Engineering,L2,"Toronto, ON",6.1,3,Solid,Medium,Significant Gap
E0293,R002,Senior People Analytics Analyst,20.0,16.7,19.5,39.0,5.0,9.0,Engineering,L2,"Toronto, ON",6.1,3,Solid,Medium,Significant Gap
E0293,R003,Talent Intelligence Analyst,19.2,0.0,16.3,30.0,5.0,8.0,Engineering,L2,"Toronto, ON",6.1,3,Solid,Medium,Significant Gap
E0293,R004,Workforce Planning Analyst,4.2,0.0,3.5,36.0,4.0,9.0,Engineering,L2,"Toronto, ON",6.1,3,Solid,Medium,Significant Gap
E0293,R005,HR Data Analyst,20.0,25.0,20.8,23.0,3.0,7.0,Engineering,L2,"Toronto, ON",6.1,3,Solid,Medium,Significant Gap
E0293,R006,People Analytics Manager,16.2,0.0,13.8,44.0,5.0,9.0,Engineering,L2,"Toronto, ON",6.1,3,Solid,Medium,Significant Gap
E0293,R007,HRIS & People Data Specialist,17.4,20.0,17.8,30.0,4.0,8.0,Engineering,L2,"Toronto, ON",6.1,3,Solid,Medium,Significant Gap
E0293,R008,Talent Management Analytics Specialist,8.3,0.0,7.1,33.0,4.0,9.0,Engineering,L2,"Toronto, ON",6.1,3,Solid,Medium,Significant Gap
E0294,R001,People Analytics Specialist,16.1,0.0,13.7,34.0,5.0,8.0,Marketing,L1,"Toronto, ON",2.9,5,High,Low,Significant Gap
E0294,R002,Senior People Analytics Analyst,11.2,0.0,9.5,43.0,6.0,9.0,Marketing,L1,"Toronto, ON",2.9,5,High,Low,Significant Gap
E0294,R003,Talent Intelligence Analyst,14.1,0.0,12.0,32.0,5.0,8.0,Marketing,L1,"Toronto, ON",2.9,5,High,Low,Significant Gap
E0294,R004,Workforce Planning Analyst,16.0,0.0,13.6,31.0,4.0,6.0,Marketing,L1,"Toronto, ON",2.9,5,High,Low,Significant Gap
E0294,R005,HR Data Analyst,8.3,0.0,7.1,26.0,4.0,7.0,Marketing,L1,"Toronto, ON",2.9,5,High,Low,Significant Gap
E0294,R006,People Analytics Manager,13.4,0.0,11.4,45.0,5.0,8.0,Marketing,L1,"Toronto, ON",2.9,5,High,Low,Significant Gap
E0294,R007,HRIS & People Data Specialist,10.1,0.0,8.6,31.0,5.0,7.0,Marketing,L1,"Toronto, ON",2.9,5,High,Low,Significant Gap
E0294,R008,Talent Management Analytics Specialist,6.2,0.0,5.3,34.0,4.0,9.0,Marketing,L1,"Toronto, ON",2.9,5,High,Low,Significant Gap
E0295,R001,People Analytics Specialist,39.6,20.0,36.6,25.0,4.0,6.0,Human Resources,L2,"Ottawa, ON",3.3,4,Developing,Medium,Significant Gap
E0295,R002,Senior People Analytics Analyst,21.0,0.0,17.8,39.0,6.0,9.0,Human Resources,L2,"Ottawa, ON",3.3,4,Developing,Medium,Significant Gap
E0295,R003,Talent Intelligence Analyst,20.5,0.0,17.4,31.0,5.0,8.0,Human Resources,L2,"Ottawa, ON",3.3,4,Developing,Medium,Significant Gap
E0295,R004,Workforce Planning Analyst,24.6,0.0,20.9,28.0,4.0,7.0,Human Resources,L2,"Ottawa, ON",3.3,4,Developing,Medium,Significant Gap
E0295,R005,HR Data Analyst,40.0,25.0,37.8,20.0,3.0,5.0,Human Resources,L2,"Ottawa, ON",3.3,4,Developing,Medium,Significant Gap
E0295,R006,People Analytics Manager,27.9,0.0,23.7,38.0,5.0,7.0,Human Resources,L2,"Ottawa, ON",3.3,4,Developing,Medium,Significant Gap
E0295,R007,HRIS & People Data Specialist,32.5,0.0,27.7,24.0,5.0,4.0,Human Resources,L2,"Ottawa, ON",3.3,4,Developing,Medium,Significant Gap
E0295,R008,Talent Management Analytics Specialist,17.4,0.0,14.8,30.0,4.0,7.0,Human Resources,L2,"Ottawa, ON",3.3,4,Developing,Medium,Significant Gap
E0296,R001,People Analytics Specialist,28.6,20.0,27.3,29.0,4.0,8.0,Operations,L5,"Toronto, ON",2.5,4,Developing,Medium,Significant Gap
E0296,R002,Senior People Analytics Analyst,23.0,16.7,22.0,37.0,5.0,9.0,Operations,L5,"Toronto, ON",2.5,4,Developing,Medium,Significant Gap
E0296,R003,Talent Intelligence Analyst,15.4,0.0,13.1,33.0,5.0,9.0,Operations,L5,"Toronto, ON",2.5,4,Developing,Medium,Significant Gap
E0296,R004,Workforce Planning Analyst,39.6,0.0,33.6,22.0,4.0,4.0,Operations,L5,"Toronto, ON",2.5,4,Developing,Medium,Significant Gap
E0296,R005,HR Data Analyst,16.2,0.0,13.8,24.0,4.0,7.0,Operations,L5,"Toronto, ON",2.5,4,Developing,Medium,Significant Gap
E0296,R006,People Analytics Manager,31.4,0.0,26.7,36.0,5.0,7.0,Operations,L5,"Toronto, ON",2.5,4,Developing,Medium,Significant Gap
E0296,R007,HRIS & People Data Specialist,15.6,0.0,13.2,30.0,5.0,7.0,Operations,L5,"Toronto, ON",2.5,4,Developing,Medium,Significant Gap
E0296,R008,Talent Management Analytics Specialist,8.3,0.0,7.1,33.0,4.0,9.0,Operations,L5,"Toronto, ON",2.5,4,Developing,Medium,Significant Gap
E0297,R001,People Analytics Specialist,43.2,20.0,39.7,24.0,4.0,6.0,Marketing,L6,"Montreal, QC",1.3,3,Developing,Medium,Significant Gap
E0297,R002,Senior People Analytics Analyst,31.3,16.7,29.1,33.0,5.0,7.0,Marketing,L6,"Montreal, QC",1.3,3,Developing,Medium,Significant Gap
E0297,R003,Talent Intelligence Analyst,20.5,0.0,17.4,31.0,5.0,8.0,Marketing,L6,"Montreal, QC",1.3,3,Developing,Medium,Significant Gap
E0297,R004,Workforce Planning Analyst,34.7,0.0,29.5,24.0,4.0,5.0,Marketing,L6,"Montreal, QC",1.3,3,Developing,Medium,Significant Gap
E0297,R005,HR Data Analyst,24.6,0.0,20.9,21.0,4.0,6.0,Marketing,L6,"Montreal, QC",1.3,3,Developing,Medium,Significant Gap
E0297,R006,People Analytics Manager,34.8,20.0,32.6,34.0,4.0,7.0,Marketing,L6,"Montreal, QC",1.3,3,Developing,Medium,Significant Gap
E0297,R007,HRIS & People Data Specialist,22.8,0.0,19.4,28.0,5.0,7.0,Marketing,L6,"Montreal, QC",1.3,3,Developing,Medium,Significant Gap
E0297,R008,Talent Management Analytics Specialist,18.1,0.0,15.3,29.0,4.0,7.0,Marketing,L6,"Montreal, QC",1.3,3,Developing,Medium,Significant Gap
E0298,R001,People Analytics Specialist,21.4,20.0,21.2,33.0,4.0,9.0,Engineering,L3,"Vancouver, BC",2.9,4,High,Medium,Significant Gap
E0298,R002,Senior People Analytics Analyst,29.2,16.7,27.3,35.0,5.0,8.0,Engineering,L3,"Vancouver, BC",2.9,4,High,Medium,Significant Gap
E0298,R003,Talent Intelligence Analyst,16.7,0.0,14.2,31.0,5.0,8.0,Engineering,L3,"Vancouver, BC",2.9,4,High,Medium,Significant Gap
E0298,R004,Workforce Planning Analyst,12.5,0.0,10.6,33.0,4.0,8.0,Engineering,L3,"Vancouver, BC",2.9,4,High,Medium,Significant Gap
E0298,R005,HR Data Analyst,21.7,25.0,22.2,23.0,3.0,6.0,Engineering,L3,"Vancouver, BC",2.9,4,High,Medium,Significant Gap
E0298,R006,People Analytics Manager,8.6,0.0,7.3,48.0,5.0,10.0,Engineering,L3,"Vancouver, BC",2.9,4,High,Medium,Significant Gap
E0298,R007,HRIS & People Data Specialist,23.2,20.0,22.7,29.0,4.0,7.0,Engineering,L3,"Vancouver, BC",2.9,4,High,Medium,Significant Gap
E0298,R008,Talent Management Analytics Specialist,2.1,0.0,1.8,36.0,4.0,9.0,Engineering,L3,"Vancouver, BC",2.9,4,High,Medium,Significant Gap
E0299,R001,People Analytics Specialist,10.7,0.0,9.1,36.0,5.0,9.0,Legal & Compliance,L3,Remote - Canada,2.5,3,High,Low,Significant Gap
E0299,R002,Senior People Analytics Analyst,9.2,0.0,7.8,44.0,6.0,10.0,Legal & Compliance,L3,Remote - Canada,2.5,3,High,Low,Significant Gap
E0299,R003,Talent Intelligence Analyst,8.3,0.0,7.1,36.0,5.0,9.0,Legal & Compliance,L3,Remote - Canada,2.5,3,High,Low,Significant Gap
E0299,R004,Workforce Planning Analyst,13.7,0.0,11.7,32.0,4.0,7.0,Legal & Compliance,L3,Remote - Canada,2.5,3,High,Low,Significant Gap
E0299,R005,HR Data Analyst,24.2,0.0,20.5,21.0,4.0,5.0,Legal & Compliance,L3,Remote - Canada,2.5,3,High,Low,Significant Gap
E0299,R006,People Analytics Manager,15.9,0.0,13.5,43.0,5.0,8.0,Legal & Compliance,L3,Remote - Canada,2.5,3,High,Low,Significant Gap
E0299,R007,HRIS & People Data Specialist,20.7,0.0,17.6,29.0,5.0,6.0,Legal & Compliance,L3,Remote - Canada,2.5,3,High,Low,Significant Gap
E0299,R008,Talent Management Analytics Specialist,10.4,0.0,8.9,33.0,4.0,7.0,Legal & Compliance,L3,Remote - Canada,2.5,3,High,Low,Significant Gap
E0300,R001,People Analytics Specialist,11.9,0.0,10.1,36.0,5.0,9.0,Customer Success,L3,"Toronto, ON",2.1,3,Developing,Medium,Significant Gap
E0300,R002,Senior People Analytics Analyst,11.7,0.0,9.9,42.0,6.0,9.0,Customer Success,L3,"Toronto, ON",2.1,3,Developing,Medium,Significant Gap
E0300,R003,Talent Intelligence Analyst,9.7,0.0,8.3,35.0,5.0,9.0,Customer Success,L3,"Toronto, ON",2.1,3,Developing,Medium,Significant Gap
E0300,R004,Workforce Planning Analyst,21.0,0.0,17.8,29.0,4.0,5.0,Customer Success,L3,"Toronto, ON",2.1,3,Developing,Medium,Significant Gap
E0300,R005,HR Data Analyst,12.5,0.0,10.6,24.0,4.0,6.0,Customer Success,L3,"Toronto, ON",2.1,3,Developing,Medium,Significant Gap
E0300,R006,People Analytics Manager,18.6,0.0,15.8,42.0,5.0,7.0,Customer Success,L3,"Toronto, ON",2.1,3,Developing,Medium,Significant Gap
E0300,R007,HRIS & People Data Specialist,11.6,0.0,9.9,31.0,5.0,7.0,Customer Success,L3,"Toronto, ON",2.1,3,Developing,Medium,Significant Gap
E0300,R008,Talent Management Analytics Specialist,8.3,0.0,7.1,33.0,4.0,8.0,Customer Success,L3,"Toronto, ON",2.1,3,Developing,Medium,Significant Gap
E0301,R001,People Analytics Specialist,6.8,0.0,5.8,37.0,5.0,9.0,Customer Success,L2,"Montreal, QC",4.2,3,Solid,Low,Significant Gap
E0301,R002,Senior People Analytics Analyst,5.3,0.0,4.5,45.0,6.0,10.0,Customer Success,L2,"Montreal, QC",4.2,3,Solid,Low,Significant Gap
E0301,R003,Talent Intelligence Analyst,2.6,0.0,2.2,38.0,5.0,10.0,Customer Success,L2,"Montreal, QC",4.2,3,Solid,Low,Significant Gap
E0301,R004,Workforce Planning Analyst,9.0,0.0,7.7,34.0,4.0,7.0,Customer Success,L2,"Montreal, QC",4.2,3,Solid,Low,Significant Gap
E0301,R005,HR Data Analyst,4.2,0.0,3.5,27.0,4.0,7.0,Customer Success,L2,"Montreal, QC",4.2,3,Solid,Low,Significant Gap
E0301,R006,People Analytics Manager,6.2,0.0,5.3,49.0,5.0,10.0,Customer Success,L2,"Montreal, QC",4.2,3,Solid,Low,Significant Gap
E0301,R007,HRIS & People Data Specialist,0.0,0.0,0.0,37.0,5.0,10.0,Customer Success,L2,"Montreal, QC",4.2,3,Solid,Low,Significant Gap
E0301,R008,Talent Management Analytics Specialist,2.1,0.0,1.8,36.0,4.0,9.0,Customer Success,L2,"Montreal, QC",4.2,3,Solid,Low,Significant Gap
E0302,R001,People Analytics Specialist,35.7,20.0,33.4,26.0,4.0,6.0,Legal & Compliance,L4,"Toronto, ON",0.4,5,High,High,Significant Gap
E0302,R002,Senior People Analytics Analyst,31.9,16.7,29.6,32.0,5.0,6.0,Legal & Compliance,L4,"Toronto, ON",0.4,5,High,High,Significant Gap
E0302,R003,Talent Intelligence Analyst,15.4,0.0,13.1,33.0,5.0,9.0,Legal & Compliance,L4,"Toronto, ON",0.4,5,High,High,Significant Gap
E0302,R004,Workforce Planning Analyst,36.8,0.0,31.3,22.0,4.0,5.0,Legal & Compliance,L4,"Toronto, ON",0.4,5,High,High,Significant Gap
E0302,R005,HR Data Analyst,25.0,0.0,21.2,21.0,4.0,5.0,Legal & Compliance,L4,"Toronto, ON",0.4,5,High,High,Significant Gap
E0302,R006,People Analytics Manager,42.4,20.0,39.1,30.0,4.0,5.0,Legal & Compliance,L4,"Toronto, ON",0.4,5,High,High,Significant Gap
E0302,R007,HRIS & People Data Specialist,22.8,0.0,19.4,27.0,5.0,5.0,Legal & Compliance,L4,"Toronto, ON",0.4,5,High,High,Significant Gap
E0302,R008,Talent Management Analytics Specialist,8.3,0.0,7.1,33.0,4.0,9.0,Legal & Compliance,L4,"Toronto, ON",0.4,5,High,High,Significant Gap
E0303,R001,People Analytics Specialist,19.6,20.0,19.7,34.0,4.0,9.0,Engineering,L2,"Vancouver, BC",4.8,3,Solid,Low,Significant Gap
E0303,R002,Senior People Analytics Analyst,20.8,0.0,17.7,38.0,6.0,8.0,Engineering,L2,"Vancouver, BC",4.8,3,Solid,Low,Significant Gap
E0303,R003,Talent Intelligence Analyst,19.2,0.0,16.3,30.0,5.0,8.0,Engineering,L2,"Vancouver, BC",4.8,3,Solid,Low,Significant Gap
E0303,R004,Workforce Planning Analyst,13.9,0.0,11.8,32.0,4.0,7.0,Engineering,L2,"Vancouver, BC",4.8,3,Solid,Low,Significant Gap
E0303,R005,HR Data Analyst,26.7,25.0,26.4,22.0,3.0,6.0,Engineering,L2,"Vancouver, BC",4.8,3,Solid,Low,Significant Gap
E0303,R006,People Analytics Manager,19.7,0.0,16.7,42.0,5.0,8.0,Engineering,L2,"Vancouver, BC",4.8,3,Solid,Low,Significant Gap
E0303,R007,HRIS & People Data Specialist,19.9,0.0,16.9,29.0,5.0,7.0,Engineering,L2,"Vancouver, BC",4.8,3,Solid,Low,Significant Gap
E0303,R008,Talent Management Analytics Specialist,0.0,0.0,0.0,37.0,4.0,10.0,Engineering,L2,"Vancouver, BC",4.8,3,Solid,Low,Significant Gap
E0304,R001,People Analytics Specialist,25.0,20.0,24.2,31.0,4.0,8.0,Sales,L5,"Toronto, ON",5.8,3,High,Low,Significant Gap
E0304,R002,Senior People Analytics Analyst,23.8,0.0,20.3,36.0,6.0,8.0,Sales,L5,"Toronto, ON",5.8,3,High,Low,Significant Gap
E0304,R003,Talent Intelligence Analyst,24.0,0.0,20.4,30.0,5.0,7.0,Sales,L5,"Toronto, ON",5.8,3,High,Low,Significant Gap
E0304,R004,Workforce Planning Analyst,28.5,0.0,24.2,26.0,4.0,5.0,Sales,L5,"Toronto, ON",5.8,3,High,Low,Significant Gap
E0304,R005,HR Data Analyst,10.8,0.0,9.2,25.0,4.0,6.0,Sales,L5,"Toronto, ON",5.8,3,High,Low,Significant Gap
E0304,R006,People Analytics Manager,31.0,0.0,26.4,36.0,5.0,7.0,Sales,L5,"Toronto, ON",5.8,3,High,Low,Significant Gap
E0304,R007,HRIS & People Data Specialist,10.1,0.0,8.6,32.0,5.0,8.0,Sales,L5,"Toronto, ON",5.8,3,High,Low,Significant Gap
E0304,R008,Talent Management Analytics Specialist,14.2,0.0,12.1,31.0,4.0,6.0,Sales,L5,"Toronto, ON",5.8,3,High,Low,Significant Gap
E0305,R001,People Analytics Specialist,13.1,20.0,14.1,37.0,4.0,10.0,Engineering,L2,"Toronto, ON",1.9,3,Solid,High,Significant Gap
E0305,R002,Senior People Analytics Analyst,18.6,0.0,15.8,40.0,6.0,9.0,Engineering,L2,"Toronto, ON",1.9,3,Solid,High,Significant Gap
E0305,R003,Talent Intelligence Analyst,24.8,0.0,21.1,28.0,5.0,7.0,Engineering,L2,"Toronto, ON",1.9,3,Solid,High,Significant Gap
E0305,R004,Workforce Planning Analyst,0.0,0.0,0.0,38.0,4.0,10.0,Engineering,L2,"Toronto, ON",1.9,3,Solid,High,Significant Gap
E0305,R005,HR Data Analyst,30.4,25.0,29.6,20.0,3.0,5.0,Engineering,L2,"Toronto, ON",1.9,3,Solid,High,Significant Gap
E0305,R006,People Analytics Manager,15.5,0.0,13.2,44.0,5.0,9.0,Engineering,L2,"Toronto, ON",1.9,3,Solid,High,Significant Gap
E0305,R007,HRIS & People Data Specialist,23.9,0.0,20.3,28.0,5.0,6.0,Engineering,L2,"Toronto, ON",1.9,3,Solid,High,Significant Gap
E0305,R008,Talent Management Analytics Specialist,15.6,0.0,13.3,31.0,4.0,8.0,Engineering,L2,"Toronto, ON",1.9,3,Solid,High,Significant Gap
E0306,R001,People Analytics Specialist,13.1,20.0,14.1,37.0,4.0,10.0,Engineering,L2,"Toronto, ON",3.1,4,High,Medium,Significant Gap
E0306,R002,Senior People Analytics Analyst,31.4,16.7,29.2,33.0,5.0,6.0,Engineering,L2,"Toronto, ON",3.1,4,High,Medium,Significant Gap
E0306,R003,Talent Intelligence Analyst,14.1,0.0,12.0,32.0,5.0,8.0,Engineering,L2,"Toronto, ON",3.1,4,High,Medium,Significant Gap
E0306,R004,Workforce Planning Analyst,6.2,0.0,5.3,35.0,4.0,8.0,Engineering,L2,"Toronto, ON",3.1,4,High,Medium,Significant Gap
E0306,R005,HR Data Analyst,18.3,25.0,19.3,25.0,3.0,7.0,Engineering,L2,"Toronto, ON",3.1,4,High,Medium,Significant Gap
E0306,R006,People Analytics Manager,20.0,0.0,17.0,42.0,5.0,7.0,Engineering,L2,"Toronto, ON",3.1,4,High,Medium,Significant Gap
E0306,R007,HRIS & People Data Specialist,30.8,20.0,29.2,25.0,4.0,5.0,Engineering,L2,"Toronto, ON",3.1,4,High,Medium,Significant Gap
E0306,R008,Talent Management Analytics Specialist,2.1,0.0,1.8,36.0,4.0,9.0,Engineering,L2,"Toronto, ON",3.1,4,High,Medium,Significant Gap
E0307,R001,People Analytics Specialist,13.7,0.0,11.6,35.0,5.0,9.0,Sales,L2,"Vancouver, BC",4.3,3,High,Low,Significant Gap
E0307,R002,Senior People Analytics Analyst,11.7,0.0,9.9,42.0,6.0,9.0,Sales,L2,"Vancouver, BC",4.3,3,High,Low,Significant Gap
E0307,R003,Talent Intelligence Analyst,5.1,0.0,4.4,37.0,5.0,10.0,Sales,L2,"Vancouver, BC",4.3,3,High,Low,Significant Gap
E0307,R004,Workforce Planning Analyst,18.1,0.0,15.3,30.0,4.0,6.0,Sales,L2,"Vancouver, BC",4.3,3,High,Low,Significant Gap
E0307,R005,HR Data Analyst,15.0,0.0,12.7,23.0,4.0,6.0,Sales,L2,"Vancouver, BC",4.3,3,High,Low,Significant Gap
E0307,R006,People Analytics Manager,11.7,0.0,10.0,46.0,5.0,9.0,Sales,L2,"Vancouver, BC",4.3,3,High,Low,Significant Gap
E0307,R007,HRIS & People Data Specialist,8.7,0.0,7.4,33.0,5.0,8.0,Sales,L2,"Vancouver, BC",4.3,3,High,Low,Significant Gap
E0307,R008,Talent Management Analytics Specialist,11.1,0.0,9.4,32.0,4.0,7.0,Sales,L2,"Vancouver, BC",4.3,3,High,Low,Significant Gap
E0308,R001,People Analytics Specialist,27.1,0.0,23.0,31.0,5.0,8.0,Legal & Compliance,L5,"Toronto, ON",4.4,5,Developing,Medium,Significant Gap
E0308,R002,Senior People Analytics Analyst,34.9,16.7,32.2,32.0,5.0,6.0,Legal & Compliance,L5,"Toronto, ON",4.4,5,Developing,Medium,Significant Gap
E0308,R003,Talent Intelligence Analyst,17.9,0.0,15.3,32.0,5.0,8.0,Legal & Compliance,L5,"Toronto, ON",4.4,5,Developing,Medium,Significant Gap
E0308,R004,Workforce Planning Analyst,22.9,0.0,19.5,28.0,4.0,7.0,Legal & Compliance,L5,"Toronto, ON",4.4,5,Developing,Medium,Significant Gap
E0308,R005,HR Data Analyst,29.2,0.0,24.8,21.0,4.0,5.0,Legal & Compliance,L5,"Toronto, ON",4.4,5,Developing,Medium,Significant Gap
E0308,R006,People Analytics Manager,39.1,0.0,33.2,32.0,5.0,5.0,Legal & Compliance,L5,"Toronto, ON",4.4,5,Developing,Medium,Significant Gap
E0308,R007,HRIS & People Data Specialist,30.1,0.0,25.6,25.0,5.0,5.0,Legal & Compliance,L5,"Toronto, ON",4.4,5,Developing,Medium,Significant Gap
E0308,R008,Talent Management Analytics Specialist,10.4,0.0,8.9,32.0,4.0,8.0,Legal & Compliance,L5,"Toronto, ON",4.4,5,Developing,Medium,Significant Gap
E0309,R001,People Analytics Specialist,36.9,20.0,34.4,26.0,4.0,6.0,Human Resources,L4,Remote - Canada,5.0,3,Solid,Medium,Significant Gap
E0309,R002,Senior People Analytics Analyst,31.2,0.0,26.5,33.0,6.0,6.0,Human Resources,L4,Remote - Canada,5.0,3,Solid,Medium,Significant Gap
E0309,R003,Talent Intelligence Analyst,25.8,0.0,21.9,29.0,5.0,6.0,Human Resources,L4,Remote - Canada,5.0,3,Solid,Medium,Significant Gap
E0309,R004,Workforce Planning Analyst,35.7,0.0,30.3,23.0,4.0,5.0,Human Resources,L4,Remote - Canada,5.0,3,Solid,Medium,Significant Gap
E0309,R005,HR Data Analyst,47.5,50.0,47.9,16.0,2.0,4.0,Human Resources,L4,Remote - Canada,5.0,3,Solid,Medium,Significant Gap
E0309,R006,People Analytics Manager,42.8,0.0,36.3,30.0,5.0,4.0,Human Resources,L4,Remote - Canada,5.0,3,Solid,Medium,Significant Gap
E0309,R007,HRIS & People Data Specialist,40.9,20.0,37.8,21.0,4.0,4.0,Human Resources,L4,Remote - Canada,5.0,3,Solid,Medium,Significant Gap
E0309,R008,Talent Management Analytics Specialist,13.2,0.0,11.2,31.0,4.0,7.0,Human Resources,L4,Remote - Canada,5.0,3,Solid,Medium,Significant Gap
E0310,R001,People Analytics Specialist,31.0,20.0,29.3,28.0,4.0,7.0,Operations,L4,Remote - Canada,4.1,4,Solid,Medium,Significant Gap
E0310,R002,Senior People Analytics Analyst,28.3,33.3,29.1,34.0,4.0,8.0,Operations,L4,Remote - Canada,4.1,4,Solid,Medium,Significant Gap
E0310,R003,Talent Intelligence Analyst,15.4,0.0,13.1,33.0,5.0,9.0,Operations,L4,Remote - Canada,4.1,4,Solid,Medium,Significant Gap
E0310,R004,Workforce Planning Analyst,41.0,0.0,34.8,21.0,4.0,4.0,Operations,L4,Remote - Canada,4.1,4,Solid,Medium,Significant Gap
E0310,R005,HR Data Analyst,17.9,0.0,15.2,23.0,4.0,6.0,Operations,L4,Remote - Canada,4.1,4,Solid,Medium,Significant Gap
E0310,R006,People Analytics Manager,35.5,40.0,36.2,34.0,3.0,6.0,Operations,L4,Remote - Canada,4.1,4,Solid,Medium,Significant Gap
E0310,R007,HRIS & People Data Specialist,14.9,0.0,12.6,30.0,5.0,6.0,Operations,L4,Remote - Canada,4.1,4,Solid,Medium,Significant Gap
E0310,R008,Talent Management Analytics Specialist,8.3,0.0,7.1,33.0,4.0,9.0,Operations,L4,Remote - Canada,4.1,4,Solid,Medium,Significant Gap
E0311,R001,People Analytics Specialist,34.5,40.0,35.3,28.0,3.0,7.0,Engineering,L4,"Calgary, AB",0.3,3,Solid,Medium,Significant Gap
E0311,R002,Senior People Analytics Analyst,45.8,33.3,44.0,26.0,4.0,6.0,Engineering,L4,"Calgary, AB",0.3,3,Solid,Medium,Significant Gap
E0311,R003,Talent Intelligence Analyst,28.2,0.0,24.0,28.0,5.0,7.0,Engineering,L4,"Calgary, AB",0.3,3,Solid,Medium,Significant Gap
E0311,R004,Workforce Planning Analyst,27.1,0.0,23.0,26.0,4.0,6.0,Engineering,L4,"Calgary, AB",0.3,3,Solid,Medium,Significant Gap
E0311,R005,HR Data Analyst,27.1,25.0,26.8,21.0,3.0,5.0,Engineering,L4,"Calgary, AB",0.3,3,Solid,Medium,Significant Gap
E0311,R006,People Analytics Manager,39.0,40.0,39.1,33.0,3.0,7.0,Engineering,L4,"Calgary, AB",0.3,3,Solid,Medium,Significant Gap
E0311,R007,HRIS & People Data Specialist,29.3,20.0,27.9,26.0,4.0,6.0,Engineering,L4,"Calgary, AB",0.3,3,Solid,Medium,Significant Gap
E0311,R008,Talent Management Analytics Specialist,10.4,0.0,8.9,32.0,4.0,8.0,Engineering,L4,"Calgary, AB",0.3,3,Solid,Medium,Significant Gap
E0312,R001,People Analytics Specialist,21.7,20.0,21.5,32.0,4.0,8.0,Customer Success,L4,Remote - Canada,2.4,4,Solid,Low,Significant Gap
E0312,R002,Senior People Analytics Analyst,24.2,16.7,23.0,36.0,5.0,8.0,Customer Success,L4,Remote - Canada,2.4,4,Solid,Low,Significant Gap
E0312,R003,Talent Intelligence Analyst,15.4,0.0,13.1,33.0,5.0,9.0,Customer Success,L4,Remote - Canada,2.4,4,Solid,Low,Significant Gap
E0312,R004,Workforce Planning Analyst,23.6,0.0,20.1,28.0,4.0,6.0,Customer Success,L4,Remote - Canada,2.4,4,Solid,Low,Significant Gap
E0312,R005,HR Data Analyst,3.3,0.0,2.8,28.0,4.0,8.0,Customer Success,L4,Remote - Canada,2.4,4,Solid,Low,Significant Gap
E0312,R006,People Analytics Manager,33.1,20.0,31.1,35.0,4.0,6.0,Customer Success,L4,Remote - Canada,2.4,4,Solid,Low,Significant Gap
E0312,R007,HRIS & People Data Specialist,8.7,0.0,7.4,32.0,5.0,7.0,Customer Success,L4,Remote - Canada,2.4,4,Solid,Low,Significant Gap
E0312,R008,Talent Management Analytics Specialist,6.2,0.0,5.3,34.0,4.0,9.0,Customer Success,L4,Remote - Canada,2.4,4,Solid,Low,Significant Gap
E0313,R001,People Analytics Specialist,43.8,40.0,43.2,25.0,3.0,7.0,Human Resources,L4,"Vancouver, BC",3.0,3,Solid,Medium,Significant Gap
E0313,R002,Senior People Analytics Analyst,42.7,16.7,38.8,27.0,5.0,6.0,Human Resources,L4,"Vancouver, BC",3.0,3,Solid,Medium,Significant Gap
E0313,R003,Talent Intelligence Analyst,24.0,0.0,20.4,30.0,5.0,8.0,Human Resources,L4,"Vancouver, BC",3.0,3,Solid,Medium,Significant Gap
E0313,R004,Workforce Planning Analyst,38.3,0.0,32.6,22.0,4.0,5.0,Human Resources,L4,"Vancouver, BC",3.0,3,Solid,Medium,Significant Gap
E0313,R005,HR Data Analyst,28.3,0.0,24.1,20.0,4.0,5.0,Human Resources,L4,"Vancouver, BC",3.0,3,Solid,Medium,Significant Gap
E0313,R006,People Analytics Manager,61.8,0.0,52.6,20.0,5.0,2.0,Human Resources,L4,"Vancouver, BC",3.0,3,Solid,Medium,Significant Gap
E0313,R007,HRIS & People Data Specialist,31.2,0.0,26.5,24.0,5.0,5.0,Human Resources,L4,"Vancouver, BC",3.0,3,Solid,Medium,Significant Gap
E0313,R008,Talent Management Analytics Specialist,40.2,0.0,34.2,21.0,4.0,5.0,Human Resources,L4,"Vancouver, BC",3.0,3,Solid,Medium,Significant Gap
E0314,R001,People Analytics Specialist,33.3,40.0,34.3,29.0,3.0,8.0,Engineering,L6,"Vancouver, BC",2.7,2,Developing,Medium,Significant Gap
E0314,R002,Senior People Analytics Analyst,41.9,33.3,40.6,28.0,4.0,5.0,Engineering,L6,"Vancouver, BC",2.7,2,Developing,Medium,Significant Gap
E0314,R003,Talent Intelligence Analyst,19.2,0.0,16.3,30.0,5.0,8.0,Engineering,L6,"Vancouver, BC",2.7,2,Developing,Medium,Significant Gap
E0314,R004,Workforce Planning Analyst,20.8,0.0,17.7,29.0,4.0,7.0,Engineering,L6,"Vancouver, BC",2.7,2,Developing,Medium,Significant Gap
E0314,R005,HR Data Analyst,23.3,25.0,23.6,22.0,3.0,6.0,Engineering,L6,"Vancouver, BC",2.7,2,Developing,Medium,Significant Gap
E0314,R006,People Analytics Manager,36.2,0.0,30.8,34.0,5.0,6.0,Engineering,L6,"Vancouver, BC",2.7,2,Developing,Medium,Significant Gap
E0314,R007,HRIS & People Data Specialist,29.3,20.0,27.9,26.0,4.0,6.0,Engineering,L6,"Vancouver, BC",2.7,2,Developing,Medium,Significant Gap
E0314,R008,Talent Management Analytics Specialist,16.7,0.0,14.2,29.0,4.0,8.0,Engineering,L6,"Vancouver, BC",2.7,2,Developing,Medium,Significant Gap
E0315,R001,People Analytics Specialist,15.5,0.0,13.2,35.0,5.0,9.0,Engineering,L1,"Vancouver, BC",4.1,3,Solid,Medium,Significant Gap
E0315,R002,Senior People Analytics Analyst,25.6,0.0,21.7,36.0,6.0,7.0,Engineering,L1,"Vancouver, BC",4.1,3,Solid,Medium,Significant Gap
E0315,R003,Talent Intelligence Analyst,16.7,0.0,14.2,31.0,5.0,8.0,Engineering,L1,"Vancouver, BC",4.1,3,Solid,Medium,Significant Gap
E0315,R004,Workforce Planning Analyst,8.3,0.0,7.1,34.0,4.0,8.0,Engineering,L1,"Vancouver, BC",4.1,3,Solid,Medium,Significant Gap
E0315,R005,HR Data Analyst,18.3,0.0,15.6,24.0,4.0,6.0,Engineering,L1,"Vancouver, BC",4.1,3,Solid,Medium,Significant Gap
E0315,R006,People Analytics Manager,13.9,0.0,11.8,45.0,5.0,8.0,Engineering,L1,"Vancouver, BC",4.1,3,Solid,Medium,Significant Gap
E0315,R007,HRIS & People Data Specialist,24.3,0.0,20.6,27.0,5.0,5.0,Engineering,L1,"Vancouver, BC",4.1,3,Solid,Medium,Significant Gap
E0315,R008,Talent Management Analytics Specialist,4.2,0.0,3.5,35.0,4.0,9.0,Engineering,L1,"Vancouver, BC",4.1,3,Solid,Medium,Significant Gap
E0316,R001,People Analytics Specialist,23.2,20.0,22.7,32.0,4.0,8.0,Engineering,L3,"Toronto, ON",2.4,3,High,High,Significant Gap
E0316,R002,Senior People Analytics Analyst,33.6,16.7,31.1,32.0,5.0,6.0,Engineering,L3,"Toronto, ON",2.4,3,High,High,Significant Gap
E0316,R003,Talent Intelligence Analyst,15.4,0.0,13.1,33.0,5.0,9.0,Engineering,L3,"Toronto, ON",2.4,3,High,High,Significant Gap
E0316,R004,Workforce Planning Analyst,13.2,0.0,11.2,32.0,4.0,7.0,Engineering,L3,"Toronto, ON",2.4,3,High,High,Significant Gap
E0316,R005,HR Data Analyst,36.7,25.0,34.9,19.0,3.0,5.0,Engineering,L3,"Toronto, ON",2.4,3,High,High,Significant Gap
E0316,R006,People Analytics Manager,14.5,0.0,12.3,45.0,5.0,9.0,Engineering,L3,"Toronto, ON",2.4,3,High,High,Significant Gap
E0316,R007,HRIS & People Data Specialist,34.8,20.0,32.6,26.0,4.0,6.0,Engineering,L3,"Toronto, ON",2.4,3,High,High,Significant Gap
E0316,R008,Talent Management Analytics Specialist,0.0,0.0,0.0,37.0,4.0,10.0,Engineering,L3,"Toronto, ON",2.4,3,High,High,Significant Gap
E0317,R001,People Analytics Specialist,18.2,0.0,15.4,33.0,5.0,8.0,Sales,L3,"Vancouver, BC",0.3,3,Solid,High,Significant Gap
E0317,R002,Senior People Analytics Analyst,10.7,0.0,9.1,43.0,6.0,9.0,Sales,L3,"Vancouver, BC",0.3,3,Solid,High,Significant Gap
E0317,R003,Talent Intelligence Analyst,10.3,0.0,8.7,35.0,5.0,9.0,Sales,L3,"Vancouver, BC",0.3,3,Solid,High,Significant Gap
E0317,R004,Workforce Planning Analyst,18.8,0.0,15.9,30.0,4.0,6.0,Sales,L3,"Vancouver, BC",0.3,3,Solid,High,Significant Gap
E0317,R005,HR Data Analyst,14.2,0.0,12.0,23.0,4.0,6.0,Sales,L3,"Vancouver, BC",0.3,3,Solid,High,Significant Gap
E0317,R006,People Analytics Manager,10.0,0.0,8.5,47.0,5.0,9.0,Sales,L3,"Vancouver, BC",0.3,3,Solid,High,Significant Gap
E0317,R007,HRIS & People Data Specialist,5.8,0.0,4.9,34.0,5.0,8.0,Sales,L3,"Vancouver, BC",0.3,3,Solid,High,Significant Gap
E0317,R008,Talent Management Analytics Specialist,16.7,0.0,14.2,30.0,4.0,7.0,Sales,L3,"Vancouver, BC",0.3,3,Solid,High,Significant Gap
E0318,R001,People Analytics Specialist,12.8,0.0,10.9,35.0,5.0,9.0,Operations,L2,"Ottawa, ON",4.3,3,Solid,Medium,Significant Gap
E0318,R002,Senior People Analytics Analyst,6.7,0.0,5.7,45.0,6.0,10.0,Operations,L2,"Ottawa, ON",4.3,3,Solid,Medium,Significant Gap
E0318,R003,Talent Intelligence Analyst,5.1,0.0,4.4,37.0,5.0,10.0,Operations,L2,"Ottawa, ON",4.3,3,Solid,Medium,Significant Gap
E0318,R004,Workforce Planning Analyst,16.3,0.0,13.9,31.0,4.0,6.0,Operations,L2,"Ottawa, ON",4.3,3,Solid,Medium,Significant Gap
E0318,R005,HR Data Analyst,15.8,0.0,13.5,22.0,4.0,6.0,Operations,L2,"Ottawa, ON",4.3,3,Solid,Medium,Significant Gap
E0318,R006,People Analytics Manager,7.6,0.0,6.4,48.0,5.0,9.0,Operations,L2,"Ottawa, ON",4.3,3,Solid,Medium,Significant Gap
E0318,R007,HRIS & People Data Specialist,7.2,0.0,6.2,33.0,5.0,7.0,Operations,L2,"Ottawa, ON",4.3,3,Solid,Medium,Significant Gap
E0318,R008,Talent Management Analytics Specialist,10.4,0.0,8.9,32.0,4.0,8.0,Operations,L2,"Ottawa, ON",4.3,3,Solid,Medium,Significant Gap
E0319,R001,People Analytics Specialist,33.0,0.0,28.1,27.0,5.0,6.0,Sales,L1,"Montreal, QC",2.5,3,Developing,Medium,Significant Gap
E0319,R002,Senior People Analytics Analyst,15.7,0.0,13.3,40.0,6.0,8.0,Sales,L1,"Montreal, QC",2.5,3,Developing,Medium,Significant Gap
E0319,R003,Talent Intelligence Analyst,10.3,0.0,8.7,35.0,5.0,9.0,Sales,L1,"Montreal, QC",2.5,3,Developing,Medium,Significant Gap
E0319,R004,Workforce Planning Analyst,24.3,0.0,20.7,28.0,4.0,6.0,Sales,L1,"Montreal, QC",2.5,3,Developing,Medium,Significant Gap
E0319,R005,HR Data Analyst,32.5,25.0,31.4,19.0,3.0,6.0,Sales,L1,"Montreal, QC",2.5,3,Developing,Medium,Significant Gap
E0319,R006,People Analytics Manager,16.9,0.0,14.4,43.0,5.0,8.0,Sales,L1,"Montreal, QC",2.5,3,Developing,Medium,Significant Gap
E0319,R007,HRIS & People Data Specialist,27.5,20.0,26.4,26.0,4.0,6.0,Sales,L1,"Montreal, QC",2.5,3,Developing,Medium,Significant Gap
E0319,R008,Talent Management Analytics Specialist,4.2,0.0,3.5,35.0,4.0,9.0,Sales,L1,"Montreal, QC",2.5,3,Developing,Medium,Significant Gap
E0320,R001,People Analytics Specialist,28.3,20.0,27.0,31.0,4.0,7.0,Engineering,L1,"Vancouver, BC",4.6,3,Developing,Medium,Significant Gap
E0320,R002,Senior People Analytics Analyst,41.5,0.0,35.3,28.0,6.0,4.0,Engineering,L1,"Vancouver, BC",4.6,3,Developing,Medium,Significant Gap
E0320,R003,Talent Intelligence Analyst,18.6,0.0,15.8,32.0,5.0,8.0,Engineering,L1,"Vancouver, BC",4.6,3,Developing,Medium,Significant Gap
E0320,R004,Workforce Planning Analyst,11.1,0.0,9.4,33.0,4.0,7.0,Engineering,L1,"Vancouver, BC",4.6,3,Developing,Medium,Significant Gap
E0320,R005,HR Data Analyst,40.8,25.0,38.5,18.0,3.0,4.0,Engineering,L1,"Vancouver, BC",4.6,3,Developing,Medium,Significant Gap
E0320,R006,People Analytics Manager,26.2,0.0,22.3,39.0,5.0,6.0,Engineering,L1,"Vancouver, BC",4.6,3,Developing,Medium,Significant Gap
E0320,R007,HRIS & People Data Specialist,46.4,0.0,39.4,21.0,5.0,3.0,Engineering,L1,"Vancouver, BC",4.6,3,Developing,Medium,Significant Gap
E0320,R008,Talent Management Analytics Specialist,16.0,0.0,13.6,31.0,4.0,7.0,Engineering,L1,"Vancouver, BC",4.6,3,Developing,Medium,Significant Gap
E0321,R001,People Analytics Specialist,6.0,0.0,5.1,38.0,5.0,10.0,Engineering,L1,"Vancouver, BC",5.8,2,Solid,Medium,Significant Gap
E0321,R002,Senior People Analytics Analyst,23.6,0.0,20.1,36.0,6.0,7.0,Engineering,L1,"Vancouver, BC",5.8,2,Solid,Medium,Significant Gap
E0321,R003,Talent Intelligence Analyst,17.9,0.0,15.3,32.0,5.0,8.0,Engineering,L1,"Vancouver, BC",5.8,2,Solid,Medium,Significant Gap
E0321,R004,Workforce Planning Analyst,10.4,0.0,8.9,33.0,4.0,7.0,Engineering,L1,"Vancouver, BC",5.8,2,Solid,Medium,Significant Gap
E0321,R005,HR Data Analyst,11.7,0.0,9.9,25.0,4.0,7.0,Engineering,L1,"Vancouver, BC",5.8,2,Solid,Medium,Significant Gap
E0321,R006,People Analytics Manager,9.7,0.0,8.2,47.0,5.0,9.0,Engineering,L1,"Vancouver, BC",5.8,2,Solid,Medium,Significant Gap
E0321,R007,HRIS & People Data Specialist,16.7,0.0,14.2,31.0,5.0,7.0,Engineering,L1,"Vancouver, BC",5.8,2,Solid,Medium,Significant Gap
E0321,R008,Talent Management Analytics Specialist,2.1,0.0,1.8,36.0,4.0,9.0,Engineering,L1,"Vancouver, BC",5.8,2,Solid,Medium,Significant Gap
E0322,R001,People Analytics Specialist,16.4,0.0,13.9,34.0,5.0,9.0,Sales,L3,"Montreal, QC",5.3,3,Solid,Low,Significant Gap
E0322,R002,Senior People Analytics Analyst,13.3,0.0,11.3,41.0,6.0,9.0,Sales,L3,"Montreal, QC",5.3,3,Solid,Low,Significant Gap
E0322,R003,Talent Intelligence Analyst,5.1,0.0,4.4,37.0,5.0,10.0,Sales,L3,"Montreal, QC",5.3,3,Solid,Low,Significant Gap
E0322,R004,Workforce Planning Analyst,20.8,0.0,17.7,29.0,4.0,6.0,Sales,L3,"Montreal, QC",5.3,3,Solid,Low,Significant Gap
E0322,R005,HR Data Analyst,18.3,0.0,15.6,22.0,4.0,6.0,Sales,L3,"Montreal, QC",5.3,3,Solid,Low,Significant Gap
E0322,R006,People Analytics Manager,15.2,0.0,12.9,44.0,5.0,8.0,Sales,L3,"Montreal, QC",5.3,3,Solid,Low,Significant Gap
E0322,R007,HRIS & People Data Specialist,13.0,0.0,11.1,31.0,5.0,7.0,Sales,L3,"Montreal, QC",5.3,3,Solid,Low,Significant Gap
E0322,R008,Talent Management Analytics Specialist,16.7,0.0,14.2,30.0,4.0,7.0,Sales,L3,"Montreal, QC",5.3,3,Solid,Low,Significant Gap
E0323,R001,People Analytics Specialist,42.0,40.0,41.7,23.0,3.0,5.0,Customer Success,L4,"Montreal, QC",1.6,3,Solid,Low,Significant Gap
E0323,R002,Senior People Analytics Analyst,36.3,33.3,35.9,30.0,4.0,7.0,Customer Success,L4,"Montreal, QC",1.6,3,Solid,Low,Significant Gap
E0323,R003,Talent Intelligence Analyst,21.2,0.0,18.0,31.0,5.0,8.0,Customer Success,L4,"Montreal, QC",1.6,3,Solid,Low,Significant Gap
E0323,R004,Workforce Planning Analyst,31.9,0.0,27.2,24.0,4.0,5.0,Customer Success,L4,"Montreal, QC",1.6,3,Solid,Low,Significant Gap
E0323,R005,HR Data Analyst,24.2,0.0,20.5,20.0,4.0,4.0,Customer Success,L4,"Montreal, QC",1.6,3,Solid,Low,Significant Gap
E0323,R006,People Analytics Manager,43.8,20.0,40.2,30.0,4.0,6.0,Customer Success,L4,"Montreal, QC",1.6,3,Solid,Low,Significant Gap
E0323,R007,HRIS & People Data Specialist,22.5,0.0,19.1,28.0,5.0,6.0,Customer Success,L4,"Montreal, QC",1.6,3,Solid,Low,Significant Gap
E0323,R008,Talent Management Analytics Specialist,20.8,0.0,17.7,28.0,4.0,7.0,Customer Success,L4,"Montreal, QC",1.6,3,Solid,Low,Significant Gap
E0324,R001,People Analytics Specialist,28.3,0.0,24.0,29.0,5.0,7.0,Operations,L5,"Toronto, ON",2.7,4,High,Medium,Significant Gap
E0324,R002,Senior People Analytics Analyst,33.4,16.7,30.9,31.0,5.0,6.0,Operations,L5,"Toronto, ON",2.7,4,High,Medium,Significant Gap
E0324,R003,Talent Intelligence Analyst,17.9,0.0,15.3,32.0,5.0,8.0,Operations,L5,"Toronto, ON",2.7,4,High,Medium,Significant Gap
E0324,R004,Workforce Planning Analyst,39.9,0.0,33.9,21.0,4.0,4.0,Operations,L5,"Toronto, ON",2.7,4,High,Medium,Significant Gap
E0324,R005,HR Data Analyst,21.2,0.0,18.1,22.0,4.0,6.0,Operations,L5,"Toronto, ON",2.7,4,High,Medium,Significant Gap
E0324,R006,People Analytics Manager,36.2,0.0,30.8,33.0,5.0,6.0,Operations,L5,"Toronto, ON",2.7,4,High,Medium,Significant Gap
E0324,R007,HRIS & People Data Specialist,26.4,0.0,22.5,25.0,5.0,5.0,Operations,L5,"Toronto, ON",2.7,4,High,Medium,Significant Gap
E0324,R008,Talent Management Analytics Specialist,8.3,0.0,7.1,33.0,4.0,9.0,Operations,L5,"Toronto, ON",2.7,4,High,Medium,Significant Gap
E0325,R001,People Analytics Specialist,22.9,0.0,19.5,30.0,5.0,8.0,Customer Success,L3,"Toronto, ON",2.2,3,Solid,High,Significant Gap
E0325,R002,Senior People Analytics Analyst,18.5,0.0,15.7,39.0,6.0,9.0,Customer Success,L3,"Toronto, ON",2.2,3,Solid,High,Significant Gap
E0325,R003,Talent Intelligence Analyst,17.7,0.0,15.0,32.0,5.0,8.0,Customer Success,L3,"Toronto, ON",2.2,3,Solid,High,Significant Gap
E0325,R004,Workforce Planning Analyst,32.1,0.0,27.3,24.0,4.0,5.0,Customer Success,L3,"Toronto, ON",2.2,3,Solid,High,Significant Gap
E0325,R005,HR Data Analyst,9.2,0.0,7.8,25.0,4.0,7.0,Customer Success,L3,"Toronto, ON",2.2,3,Solid,High,Significant Gap
E0325,R006,People Analytics Manager,27.2,0.0,23.2,38.0,5.0,7.0,Customer Success,L3,"Toronto, ON",2.2,3,Solid,High,Significant Gap
E0325,R007,HRIS & People Data Specialist,8.7,0.0,7.4,31.0,5.0,8.0,Customer Success,L3,"Toronto, ON",2.2,3,Solid,High,Significant Gap
E0325,R008,Talent Management Analytics Specialist,8.3,0.0,7.1,33.0,4.0,8.0,Customer Success,L3,"Toronto, ON",2.2,3,Solid,High,Significant Gap
E0326,R001,People Analytics Specialist,13.7,0.0,11.6,35.0,5.0,9.0,Sales,L3,"Montreal, QC",9.1,3,Developing,Medium,Significant Gap
E0326,R002,Senior People Analytics Analyst,13.3,0.0,11.3,41.0,6.0,9.0,Sales,L3,"Montreal, QC",9.1,3,Developing,Medium,Significant Gap
E0326,R003,Talent Intelligence Analyst,5.1,0.0,4.4,37.0,5.0,10.0,Sales,L3,"Montreal, QC",9.1,3,Developing,Medium,Significant Gap
E0326,R004,Workforce Planning Analyst,20.1,0.0,17.1,29.0,4.0,6.0,Sales,L3,"Montreal, QC",9.1,3,Developing,Medium,Significant Gap
E0326,R005,HR Data Analyst,11.7,0.0,9.9,25.0,4.0,7.0,Sales,L3,"Montreal, QC",9.1,3,Developing,Medium,Significant Gap
E0326,R006,People Analytics Manager,13.8,0.0,11.7,45.0,5.0,9.0,Sales,L3,"Montreal, QC",9.1,3,Developing,Medium,Significant Gap
E0326,R007,HRIS & People Data Specialist,8.7,0.0,7.4,33.0,5.0,8.0,Sales,L3,"Montreal, QC",9.1,3,Developing,Medium,Significant Gap
E0326,R008,Talent Management Analytics Specialist,12.5,0.0,10.6,32.0,4.0,8.0,Sales,L3,"Montreal, QC",9.1,3,Developing,Medium,Significant Gap
E0327,R001,People Analytics Specialist,29.2,0.0,24.8,28.0,5.0,7.0,Customer Success,L4,"Toronto, ON",3.0,4,Developing,High,Significant Gap
E0327,R002,Senior People Analytics Analyst,26.0,16.7,24.6,35.0,5.0,8.0,Customer Success,L4,"Toronto, ON",3.0,4,Developing,High,Significant Gap
E0327,R003,Talent Intelligence Analyst,15.4,0.0,13.1,33.0,5.0,9.0,Customer Success,L4,"Toronto, ON",3.0,4,Developing,High,Significant Gap
E0327,R004,Workforce Planning Analyst,31.2,0.0,26.6,25.0,4.0,6.0,Customer Success,L4,"Toronto, ON",3.0,4,Developing,High,Significant Gap
E0327,R005,HR Data Analyst,15.4,0.0,13.1,24.0,4.0,6.0,Customer Success,L4,"Toronto, ON",3.0,4,Developing,High,Significant Gap
E0327,R006,People Analytics Manager,31.0,0.0,26.4,36.0,5.0,7.0,Customer Success,L4,"Toronto, ON",3.0,4,Developing,High,Significant Gap
E0327,R007,HRIS & People Data Specialist,16.3,0.0,13.9,30.0,5.0,7.0,Customer Success,L4,"Toronto, ON",3.0,4,Developing,High,Significant Gap
E0327,R008,Talent Management Analytics Specialist,10.4,0.0,8.9,32.0,4.0,8.0,Customer Success,L4,"Toronto, ON",3.0,4,Developing,High,Significant Gap
E0328,R001,People Analytics Specialist,11.6,0.0,9.9,36.0,5.0,9.0,Sales,L2,Remote - Canada,1.6,3,Solid,High,Significant Gap
E0328,R002,Senior People Analytics Analyst,10.7,0.0,9.1,42.0,6.0,9.0,Sales,L2,Remote - Canada,1.6,3,Solid,High,Significant Gap
E0328,R003,Talent Intelligence Analyst,5.1,0.0,4.4,37.0,5.0,10.0,Sales,L2,Remote - Canada,1.6,3,Solid,High,Significant Gap
E0328,R004,Workforce Planning Analyst,18.8,0.0,15.9,30.0,4.0,6.0,Sales,L2,Remote - Canada,1.6,3,Solid,High,Significant Gap
E0328,R005,HR Data Analyst,8.3,0.0,7.1,26.0,4.0,7.0,Sales,L2,Remote - Canada,1.6,3,Solid,High,Significant Gap
E0328,R006,People Analytics Manager,13.8,0.0,11.7,45.0,5.0,8.0,Sales,L2,Remote - Canada,1.6,3,Solid,High,Significant Gap
E0328,R007,HRIS & People Data Specialist,4.3,0.0,3.7,35.0,5.0,8.0,Sales,L2,Remote - Canada,1.6,3,Solid,High,Significant Gap
E0328,R008,Talent Management Analytics Specialist,8.3,0.0,7.1,34.0,4.0,9.0,Sales,L2,Remote - Canada,1.6,3,Solid,High,Significant Gap
E0329,R001,People Analytics Specialist,22.6,0.0,19.2,30.0,5.0,6.0,Customer Success,L3,"Montreal, QC",5.2,2,Solid,Medium,Significant Gap
E0329,R002,Senior People Analytics Analyst,11.2,0.0,9.5,43.0,6.0,9.0,Customer Success,L3,"Montreal, QC",5.2,2,Solid,Medium,Significant Gap
E0329,R003,Talent Intelligence Analyst,13.5,0.0,11.4,34.0,5.0,9.0,Customer Success,L3,"Montreal, QC",5.2,2,Solid,Medium,Significant Gap
E0329,R004,Workforce Planning Analyst,11.1,0.0,9.4,33.0,4.0,7.0,Customer Success,L3,"Montreal, QC",5.2,2,Solid,Medium,Significant Gap
E0329,R005,HR Data Analyst,19.2,0.0,16.3,22.0,4.0,4.0,Customer Success,L3,"Montreal, QC",5.2,2,Solid,Medium,Significant Gap
E0329,R006,People Analytics Manager,10.0,0.0,8.5,47.0,5.0,9.0,Customer Success,L3,"Montreal, QC",5.2,2,Solid,Medium,Significant Gap
E0329,R007,HRIS & People Data Specialist,16.7,0.0,14.2,30.0,5.0,6.0,Customer Success,L3,"Montreal, QC",5.2,2,Solid,Medium,Significant Gap
E0329,R008,Talent Management Analytics Specialist,19.4,0.0,16.5,29.0,4.0,6.0,Customer Success,L3,"Montreal, QC",5.2,2,Solid,Medium,Significant Gap
E0330,R001,People Analytics Specialist,11.6,0.0,9.9,36.0,5.0,8.0,Sales,L2,"Montreal, QC",0.3,5,Solid,Medium,Significant Gap
E0330,R002,Senior People Analytics Analyst,10.0,0.0,8.5,43.0,6.0,9.0,Sales,L2,"Montreal, QC",0.3,5,Solid,Medium,Significant Gap
E0330,R003,Talent Intelligence Analyst,5.1,0.0,4.4,37.0,5.0,10.0,Sales,L2,"Montreal, QC",0.3,5,Solid,Medium,Significant Gap
E0330,R004,Workforce Planning Analyst,13.2,0.0,11.2,32.0,4.0,6.0,Sales,L2,"Montreal, QC",0.3,5,Solid,Medium,Significant Gap
E0330,R005,HR Data Analyst,9.6,0.0,8.1,26.0,4.0,6.0,Sales,L2,"Montreal, QC",0.3,5,Solid,Medium,Significant Gap
E0330,R006,People Analytics Manager,13.4,0.0,11.4,45.0,5.0,8.0,Sales,L2,"Montreal, QC",0.3,5,Solid,Medium,Significant Gap
E0330,R007,HRIS & People Data Specialist,12.0,0.0,10.2,31.0,5.0,6.0,Sales,L2,"Montreal, QC",0.3,5,Solid,Medium,Significant Gap
E0330,R008,Talent Management Analytics Specialist,9.7,0.0,8.3,33.0,4.0,8.0,Sales,L2,"Montreal, QC",0.3,5,Solid,Medium,Significant Gap
E0331,R001,People Analytics Specialist,26.2,0.0,22.3,30.0,5.0,6.0,Customer Success,L5,"Montreal, QC",0.3,2,High,Medium,Significant Gap
E0331,R002,Senior People Analytics Analyst,30.2,16.7,28.1,33.0,5.0,6.0,Customer Success,L5,"Montreal, QC",0.3,2,High,Medium,Significant Gap
E0331,R003,Talent Intelligence Analyst,15.4,0.0,13.1,33.0,5.0,9.0,Customer Success,L5,"Montreal, QC",0.3,2,High,Medium,Significant Gap
E0331,R004,Workforce Planning Analyst,30.6,0.0,26.0,25.0,4.0,5.0,Customer Success,L5,"Montreal, QC",0.3,2,High,Medium,Significant Gap
E0331,R005,HR Data Analyst,6.7,0.0,5.7,26.0,4.0,7.0,Customer Success,L5,"Montreal, QC",0.3,2,High,Medium,Significant Gap
E0331,R006,People Analytics Manager,33.1,0.0,28.1,35.0,5.0,6.0,Customer Success,L5,"Montreal, QC",0.3,2,High,Medium,Significant Gap
E0331,R007,HRIS & People Data Specialist,11.6,0.0,9.9,30.0,5.0,7.0,Customer Success,L5,"Montreal, QC",0.3,2,High,Medium,Significant Gap
E0331,R008,Talent Management Analytics Specialist,12.5,0.0,10.6,31.0,4.0,8.0,Customer Success,L5,"Montreal, QC",0.3,2,High,Medium,Significant Gap
E0332,R001,People Analytics Specialist,28.3,0.0,24.0,29.0,5.0,6.0,Finance,L4,"Montreal, QC",7.6,4,Solid,Low,Significant Gap
E0332,R002,Senior People Analytics Analyst,19.8,0.0,16.9,38.0,6.0,8.0,Finance,L4,"Montreal, QC",7.6,4,Solid,Low,Significant Gap
E0332,R003,Talent Intelligence Analyst,17.9,0.0,15.3,32.0,5.0,8.0,Finance,L4,"Montreal, QC",7.6,4,Solid,Low,Significant Gap
E0332,R004,Workforce Planning Analyst,32.3,0.0,27.4,24.0,4.0,4.0,Finance,L4,"Montreal, QC",7.6,4,Solid,Low,Significant Gap
E0332,R005,HR Data Analyst,14.6,0.0,12.4,24.0,4.0,6.0,Finance,L4,"Montreal, QC",7.6,4,Solid,Low,Significant Gap
E0332,R006,People Analytics Manager,29.3,20.0,27.9,37.0,4.0,7.0,Finance,L4,"Montreal, QC",7.6,4,Solid,Low,Significant Gap
E0332,R007,HRIS & People Data Specialist,10.5,0.0,8.9,32.0,5.0,7.0,Finance,L4,"Montreal, QC",7.6,4,Solid,Low,Significant Gap
E0332,R008,Talent Management Analytics Specialist,11.8,0.0,10.0,32.0,4.0,8.0,Finance,L4,"Montreal, QC",7.6,4,Solid,Low,Significant Gap
E0333,R001,People Analytics Specialist,14.3,0.0,12.1,35.0,5.0,9.0,Engineering,L1,"Toronto, ON",6.8,3,Solid,High,Significant Gap
E0333,R002,Senior People Analytics Analyst,30.0,0.0,25.5,33.0,6.0,6.0,Engineering,L1,"Toronto, ON",6.8,3,Solid,High,Significant Gap
E0333,R003,Talent Intelligence Analyst,20.5,0.0,17.4,31.0,5.0,8.0,Engineering,L1,"Toronto, ON",6.8,3,Solid,High,Significant Gap
E0333,R004,Workforce Planning Analyst,8.3,0.0,7.1,34.0,4.0,8.0,Engineering,L1,"Toronto, ON",6.8,3,Solid,High,Significant Gap
E0333,R005,HR Data Analyst,21.2,0.0,18.1,23.0,4.0,7.0,Engineering,L1,"Toronto, ON",6.8,3,Solid,High,Significant Gap
E0333,R006,People Analytics Manager,13.4,0.0,11.4,45.0,5.0,9.0,Engineering,L1,"Toronto, ON",6.8,3,Solid,High,Significant Gap
E0333,R007,HRIS & People Data Specialist,31.2,0.0,26.5,26.0,5.0,6.0,Engineering,L1,"Toronto, ON",6.8,3,Solid,High,Significant Gap
E0333,R008,Talent Management Analytics Specialist,4.2,0.0,3.5,35.0,4.0,9.0,Engineering,L1,"Toronto, ON",6.8,3,Solid,High,Significant Gap
E0334,R001,People Analytics Specialist,33.6,20.0,31.6,29.0,4.0,7.0,Engineering,L4,"Montreal, QC",6.7,3,Developing,Medium,Significant Gap
E0334,R002,Senior People Analytics Analyst,45.2,16.7,40.9,26.0,5.0,5.0,Engineering,L4,"Montreal, QC",6.7,3,Developing,Medium,Significant Gap
E0334,R003,Talent Intelligence Analyst,25.6,0.0,21.8,28.0,5.0,7.0,Engineering,L4,"Montreal, QC",6.7,3,Developing,Medium,Significant Gap
E0334,R004,Workforce Planning Analyst,28.5,0.0,24.2,26.0,4.0,6.0,Engineering,L4,"Montreal, QC",6.7,3,Developing,Medium,Significant Gap
E0334,R005,HR Data Analyst,30.4,25.0,29.6,20.0,3.0,5.0,Engineering,L4,"Montreal, QC",6.7,3,Developing,Medium,Significant Gap
E0334,R006,People Analytics Manager,40.0,20.0,37.0,32.0,4.0,6.0,Engineering,L4,"Montreal, QC",6.7,3,Developing,Medium,Significant Gap
E0334,R007,HRIS & People Data Specialist,31.9,0.0,27.1,25.0,5.0,5.0,Engineering,L4,"Montreal, QC",6.7,3,Developing,Medium,Significant Gap
E0334,R008,Talent Management Analytics Specialist,14.6,0.0,12.4,30.0,4.0,8.0,Engineering,L4,"Montreal, QC",6.7,3,Developing,Medium,Significant Gap
E0335,R001,People Analytics Specialist,26.5,0.0,22.5,30.0,5.0,6.0,Finance,L2,"Toronto, ON",2.0,4,Solid,Medium,Significant Gap
E0335,R002,Senior People Analytics Analyst,12.5,0.0,10.6,42.0,6.0,9.0,Finance,L2,"Toronto, ON",2.0,4,Solid,Medium,Significant Gap
E0335,R003,Talent Intelligence Analyst,10.3,0.0,8.7,35.0,5.0,9.0,Finance,L2,"Toronto, ON",2.0,4,Solid,Medium,Significant Gap
E0335,R004,Workforce Planning Analyst,28.8,0.0,24.5,27.0,4.0,5.0,Finance,L2,"Toronto, ON",2.0,4,Solid,Medium,Significant Gap
E0335,R005,HR Data Analyst,18.8,0.0,15.9,23.0,4.0,6.0,Finance,L2,"Toronto, ON",2.0,4,Solid,Medium,Significant Gap
E0335,R006,People Analytics Manager,9.3,0.0,7.9,47.0,5.0,10.0,Finance,L2,"Toronto, ON",2.0,4,Solid,Medium,Significant Gap
E0335,R007,HRIS & People Data Specialist,14.9,0.0,12.6,31.0,5.0,7.0,Finance,L2,"Toronto, ON",2.0,4,Solid,Medium,Significant Gap
E0335,R008,Talent Management Analytics Specialist,9.7,0.0,8.3,33.0,4.0,8.0,Finance,L2,"Toronto, ON",2.0,4,Solid,Medium,Significant Gap
E0336,R001,People Analytics Specialist,20.5,0.0,17.5,33.0,5.0,8.0,Customer Success,L3,"Toronto, ON",3.1,3,Developing,High,Significant Gap
E0336,R002,Senior People Analytics Analyst,22.4,0.0,19.0,36.0,6.0,6.0,Customer Success,L3,"Toronto, ON",3.1,3,Developing,High,Significant Gap
E0336,R003,Talent Intelligence Analyst,12.8,0.0,10.9,34.0,5.0,8.0,Customer Success,L3,"Toronto, ON",3.1,3,Developing,High,Significant Gap
E0336,R004,Workforce Planning Analyst,20.1,0.0,17.1,30.0,4.0,6.0,Customer Success,L3,"Toronto, ON",3.1,3,Developing,High,Significant Gap
E0336,R005,HR Data Analyst,17.5,0.0,14.9,23.0,4.0,6.0,Customer Success,L3,"Toronto, ON",3.1,3,Developing,High,Significant Gap
E0336,R006,People Analytics Manager,15.9,0.0,13.5,44.0,5.0,8.0,Customer Success,L3,"Toronto, ON",3.1,3,Developing,High,Significant Gap
E0336,R007,HRIS & People Data Specialist,22.5,0.0,19.1,29.0,5.0,6.0,Customer Success,L3,"Toronto, ON",3.1,3,Developing,High,Significant Gap
E0336,R008,Talent Management Analytics Specialist,6.2,0.0,5.3,34.0,4.0,8.0,Customer Success,L3,"Toronto, ON",3.1,3,Developing,High,Significant Gap
E0337,R001,People Analytics Specialist,20.2,20.0,20.2,34.0,4.0,9.0,Engineering,L3,"Toronto, ON",2.6,3,High,Medium,Significant Gap
E0337,R002,Senior People Analytics Analyst,25.8,16.7,24.5,36.0,5.0,8.0,Engineering,L3,"Toronto, ON",2.6,3,High,Medium,Significant Gap
E0337,R003,Talent Intelligence Analyst,25.4,0.0,21.6,29.0,5.0,6.0,Engineering,L3,"Toronto, ON",2.6,3,High,Medium,Significant Gap
E0337,R004,Workforce Planning Analyst,2.1,0.0,1.8,37.0,4.0,9.0,Engineering,L3,"Toronto, ON",2.6,3,High,Medium,Significant Gap
E0337,R005,HR Data Analyst,26.2,25.0,26.1,23.0,3.0,7.0,Engineering,L3,"Toronto, ON",2.6,3,High,Medium,Significant Gap
E0337,R006,People Analytics Manager,12.4,0.0,10.6,46.0,5.0,9.0,Engineering,L3,"Toronto, ON",2.6,3,High,Medium,Significant Gap
E0337,R007,HRIS & People Data Specialist,35.9,20.0,33.5,24.0,4.0,5.0,Engineering,L3,"Toronto, ON",2.6,3,High,Medium,Significant Gap
E0337,R008,Talent Management Analytics Specialist,2.1,0.0,1.8,36.0,4.0,9.0,Engineering,L3,"Toronto, ON",2.6,3,High,Medium,Significant Gap
E0338,R001,People Analytics Specialist,22.6,20.0,22.2,33.0,4.0,8.0,Engineering,L1,"Montreal, QC",4.2,3,Developing,Low,Significant Gap
E0338,R002,Senior People Analytics Analyst,30.8,0.0,26.2,34.0,6.0,7.0,Engineering,L1,"Montreal, QC",4.2,3,Developing,Low,Significant Gap
E0338,R003,Talent Intelligence Analyst,14.1,0.0,12.0,32.0,5.0,8.0,Engineering,L1,"Montreal, QC",4.2,3,Developing,Low,Significant Gap
E0338,R004,Workforce Planning Analyst,9.0,0.0,7.7,34.0,4.0,8.0,Engineering,L1,"Montreal, QC",4.2,3,Developing,Low,Significant Gap
E0338,R005,HR Data Analyst,33.8,25.0,32.4,19.0,3.0,5.0,Engineering,L1,"Montreal, QC",4.2,3,Developing,Low,Significant Gap
E0338,R006,People Analytics Manager,20.0,0.0,17.0,42.0,5.0,9.0,Engineering,L1,"Montreal, QC",4.2,3,Developing,Low,Significant Gap
E0338,R007,HRIS & People Data Specialist,39.1,20.0,36.3,23.0,4.0,5.0,Engineering,L1,"Montreal, QC",4.2,3,Developing,Low,Significant Gap
E0338,R008,Talent Management Analytics Specialist,12.5,0.0,10.6,31.0,4.0,8.0,Engineering,L1,"Montreal, QC",4.2,3,Developing,Low,Significant Gap
E0339,R001,People Analytics Specialist,22.6,0.0,19.2,31.0,5.0,8.0,Marketing,L1,"Vancouver, BC",5.9,3,Solid,Medium,Significant Gap
E0339,R002,Senior People Analytics Analyst,14.2,0.0,12.0,42.0,6.0,9.0,Marketing,L1,"Vancouver, BC",5.9,3,Solid,Medium,Significant Gap
E0339,R003,Talent Intelligence Analyst,12.8,0.0,10.9,33.0,5.0,8.0,Marketing,L1,"Vancouver, BC",5.9,3,Solid,Medium,Significant Gap
E0339,R004,Workforce Planning Analyst,20.8,0.0,17.7,29.0,4.0,6.0,Marketing,L1,"Vancouver, BC",5.9,3,Solid,Medium,Significant Gap
E0339,R005,HR Data Analyst,7.5,0.0,6.4,26.0,4.0,8.0,Marketing,L1,"Vancouver, BC",5.9,3,Solid,Medium,Significant Gap
E0339,R006,People Analytics Manager,7.9,0.0,6.7,48.0,5.0,9.0,Marketing,L1,"Vancouver, BC",5.9,3,Solid,Medium,Significant Gap
E0339,R007,HRIS & People Data Specialist,4.3,0.0,3.7,34.0,5.0,8.0,Marketing,L1,"Vancouver, BC",5.9,3,Solid,Medium,Significant Gap
E0339,R008,Talent Management Analytics Specialist,9.7,0.0,8.3,33.0,4.0,8.0,Marketing,L1,"Vancouver, BC",5.9,3,Solid,Medium,Significant Gap
E0340,R001,People Analytics Specialist,18.2,0.0,15.4,33.0,5.0,7.0,Finance,L3,"Vancouver, BC",4.6,3,Solid,Low,Significant Gap
E0340,R002,Senior People Analytics Analyst,15.6,0.0,13.2,40.0,6.0,7.0,Finance,L3,"Vancouver, BC",4.6,3,Solid,Low,Significant Gap
E0340,R003,Talent Intelligence Analyst,7.7,0.0,6.5,36.0,5.0,8.0,Finance,L3,"Vancouver, BC",4.6,3,Solid,Low,Significant Gap
E0340,R004,Workforce Planning Analyst,29.2,0.0,24.8,26.0,4.0,4.0,Finance,L3,"Vancouver, BC",4.6,3,Solid,Low,Significant Gap
E0340,R005,HR Data Analyst,14.2,0.0,12.0,24.0,4.0,7.0,Finance,L3,"Vancouver, BC",4.6,3,Solid,Low,Significant Gap
E0340,R006,People Analytics Manager,11.7,0.0,10.0,46.0,5.0,9.0,Finance,L3,"Vancouver, BC",4.6,3,Solid,Low,Significant Gap
E0340,R007,HRIS & People Data Specialist,7.2,0.0,6.2,34.0,5.0,8.0,Finance,L3,"Vancouver, BC",4.6,3,Solid,Low,Significant Gap
E0340,R008,Talent Management Analytics Specialist,4.9,0.0,4.1,35.0,4.0,8.0,Finance,L3,"Vancouver, BC",4.6,3,Solid,Low,Significant Gap
E0341,R001,People Analytics Specialist,11.3,0.0,9.6,36.0,5.0,9.0,Sales,L2,"Montreal, QC",3.1,5,Solid,Low,Significant Gap
E0341,R002,Senior People Analytics Analyst,10.8,0.0,9.2,42.0,6.0,9.0,Sales,L2,"Montreal, QC",3.1,5,Solid,Low,Significant Gap
E0341,R003,Talent Intelligence Analyst,2.6,0.0,2.2,38.0,5.0,10.0,Sales,L2,"Montreal, QC",3.1,5,Solid,Low,Significant Gap
E0341,R004,Workforce Planning Analyst,18.1,0.0,15.3,30.0,4.0,6.0,Sales,L2,"Montreal, QC",3.1,5,Solid,Low,Significant Gap
E0341,R005,HR Data Analyst,11.7,0.0,9.9,25.0,4.0,7.0,Sales,L2,"Montreal, QC",3.1,5,Solid,Low,Significant Gap
E0341,R006,People Analytics Manager,15.2,0.0,12.9,44.0,5.0,8.0,Sales,L2,"Montreal, QC",3.1,5,Solid,Low,Significant Gap
E0341,R007,HRIS & People Data Specialist,10.1,0.0,8.6,32.0,5.0,7.0,Sales,L2,"Montreal, QC",3.1,5,Solid,Low,Significant Gap
E0341,R008,Talent Management Analytics Specialist,7.6,0.0,6.5,34.0,4.0,8.0,Sales,L2,"Montreal, QC",3.1,5,Solid,Low,Significant Gap
E0342,R001,People Analytics Specialist,14.0,0.0,11.9,35.0,5.0,8.0,Sales,L1,"Vancouver, BC",1.8,3,Solid,Medium,Significant Gap
E0342,R002,Senior People Analytics Analyst,12.8,0.0,10.9,41.0,6.0,8.0,Sales,L1,"Vancouver, BC",1.8,3,Solid,Medium,Significant Gap
E0342,R003,Talent Intelligence Analyst,13.8,0.0,11.7,34.0,5.0,7.0,Sales,L1,"Vancouver, BC",1.8,3,Solid,Medium,Significant Gap
E0342,R004,Workforce Planning Analyst,20.8,0.0,17.7,29.0,4.0,5.0,Sales,L1,"Vancouver, BC",1.8,3,Solid,Medium,Significant Gap
E0342,R005,HR Data Analyst,16.7,0.0,14.2,22.0,4.0,6.0,Sales,L1,"Vancouver, BC",1.8,3,Solid,Medium,Significant Gap
E0342,R006,People Analytics Manager,13.8,0.0,11.7,45.0,5.0,8.0,Sales,L1,"Vancouver, BC",1.8,3,Solid,Medium,Significant Gap
E0342,R007,HRIS & People Data Specialist,7.2,0.0,6.2,34.0,5.0,8.0,Sales,L1,"Vancouver, BC",1.8,3,Solid,Medium,Significant Gap
E0342,R008,Talent Management Analytics Specialist,20.1,0.0,17.1,29.0,4.0,6.0,Sales,L1,"Vancouver, BC",1.8,3,Solid,Medium,Significant Gap
E0343,R001,People Analytics Specialist,17.3,0.0,14.7,34.0,5.0,9.0,Legal & Compliance,L5,"Toronto, ON",9.9,3,Developing,Medium,Significant Gap
E0343,R002,Senior People Analytics Analyst,20.9,0.0,17.8,38.0,6.0,8.0,Legal & Compliance,L5,"Toronto, ON",9.9,3,Developing,Medium,Significant Gap
E0343,R003,Talent Intelligence Analyst,12.8,0.0,10.9,34.0,5.0,9.0,Legal & Compliance,L5,"Toronto, ON",9.9,3,Developing,Medium,Significant Gap
E0343,R004,Workforce Planning Analyst,18.1,0.0,15.3,30.0,4.0,7.0,Legal & Compliance,L5,"Toronto, ON",9.9,3,Developing,Medium,Significant Gap
E0343,R005,HR Data Analyst,17.5,0.0,14.9,23.0,4.0,6.0,Legal & Compliance,L5,"Toronto, ON",9.9,3,Developing,Medium,Significant Gap
E0343,R006,People Analytics Manager,32.1,0.0,27.3,35.0,5.0,6.0,Legal & Compliance,L5,"Toronto, ON",9.9,3,Developing,Medium,Significant Gap
E0343,R007,HRIS & People Data Specialist,21.7,0.0,18.5,27.0,5.0,6.0,Legal & Compliance,L5,"Toronto, ON",9.9,3,Developing,Medium,Significant Gap
E0343,R008,Talent Management Analytics Specialist,10.4,0.0,8.9,32.0,4.0,8.0,Legal & Compliance,L5,"Toronto, ON",9.9,3,Developing,Medium,Significant Gap
E0344,R001,People Analytics Specialist,22.9,20.0,22.5,31.0,4.0,8.0,Customer Success,L4,"Vancouver, BC",0.6,3,Developing,Medium,Significant Gap
E0344,R002,Senior People Analytics Analyst,26.7,33.3,27.7,35.0,4.0,8.0,Customer Success,L4,"Vancouver, BC",0.6,3,Developing,Medium,Significant Gap
E0344,R003,Talent Intelligence Analyst,15.4,0.0,13.1,33.0,5.0,9.0,Customer Success,L4,"Vancouver, BC",0.6,3,Developing,Medium,Significant Gap
E0344,R004,Workforce Planning Analyst,25.7,0.0,21.8,27.0,4.0,6.0,Customer Success,L4,"Vancouver, BC",0.6,3,Developing,Medium,Significant Gap
E0344,R005,HR Data Analyst,8.3,0.0,7.1,25.0,4.0,7.0,Customer Success,L4,"Vancouver, BC",0.6,3,Developing,Medium,Significant Gap
E0344,R006,People Analytics Manager,30.0,20.0,28.5,37.0,4.0,7.0,Customer Success,L4,"Vancouver, BC",0.6,3,Developing,Medium,Significant Gap
E0344,R007,HRIS & People Data Specialist,7.2,0.0,6.2,33.0,5.0,8.0,Customer Success,L4,"Vancouver, BC",0.6,3,Developing,Medium,Significant Gap
E0344,R008,Talent Management Analytics Specialist,14.6,0.0,12.4,30.0,4.0,8.0,Customer Success,L4,"Vancouver, BC",0.6,3,Developing,Medium,Significant Gap
E0345,R001,People Analytics Specialist,23.5,20.0,23.0,33.0,4.0,7.0,Finance,L2,"Vancouver, BC",1.7,3,High,Medium,Significant Gap
E0345,R002,Senior People Analytics Analyst,20.8,0.0,17.7,38.0,6.0,6.0,Finance,L2,"Vancouver, BC",1.7,3,High,Medium,Significant Gap
E0345,R003,Talent Intelligence Analyst,12.3,0.0,10.5,34.0,5.0,8.0,Finance,L2,"Vancouver, BC",1.7,3,High,Medium,Significant Gap
E0345,R004,Workforce Planning Analyst,23.1,0.0,19.6,29.0,4.0,4.0,Finance,L2,"Vancouver, BC",1.7,3,High,Medium,Significant Gap
E0345,R005,HR Data Analyst,21.7,25.0,22.2,23.0,3.0,6.0,Finance,L2,"Vancouver, BC",1.7,3,High,Medium,Significant Gap
E0345,R006,People Analytics Manager,18.3,0.0,15.5,43.0,5.0,7.0,Finance,L2,"Vancouver, BC",1.7,3,High,Medium,Significant Gap
E0345,R007,HRIS & People Data Specialist,19.9,0.0,16.9,30.0,5.0,6.0,Finance,L2,"Vancouver, BC",1.7,3,High,Medium,Significant Gap
E0345,R008,Talent Management Analytics Specialist,11.8,0.0,10.0,32.0,4.0,7.0,Finance,L2,"Vancouver, BC",1.7,3,High,Medium,Significant Gap
E0346,R001,People Analytics Specialist,27.1,0.0,23.0,29.0,5.0,7.0,Sales,L2,"Ottawa, ON",4.5,2,Solid,Medium,Significant Gap
E0346,R002,Senior People Analytics Analyst,19.2,0.0,16.3,39.0,6.0,8.0,Sales,L2,"Ottawa, ON",4.5,2,Solid,Medium,Significant Gap
E0346,R003,Talent Intelligence Analyst,7.7,0.0,6.5,36.0,5.0,10.0,Sales,L2,"Ottawa, ON",4.5,2,Solid,Medium,Significant Gap
E0346,R004,Workforce Planning Analyst,27.1,0.0,23.0,26.0,4.0,5.0,Sales,L2,"Ottawa, ON",4.5,2,Solid,Medium,Significant Gap
E0346,R005,HR Data Analyst,22.1,0.0,18.8,22.0,4.0,6.0,Sales,L2,"Ottawa, ON",4.5,2,Solid,Medium,Significant Gap
E0346,R006,People Analytics Manager,15.9,0.0,13.5,44.0,5.0,8.0,Sales,L2,"Ottawa, ON",4.5,2,Solid,Medium,Significant Gap
E0346,R007,HRIS & People Data Specialist,18.5,0.0,15.7,29.0,5.0,6.0,Sales,L2,"Ottawa, ON",4.5,2,Solid,Medium,Significant Gap
E0346,R008,Talent Management Analytics Specialist,9.0,0.0,7.7,33.0,4.0,8.0,Sales,L2,"Ottawa, ON",4.5,2,Solid,Medium,Significant Gap
E0347,R001,People Analytics Specialist,17.9,0.0,15.2,32.0,5.0,8.0,Customer Success,L3,"Toronto, ON",5.4,4,Solid,Medium,Significant Gap
E0347,R002,Senior People Analytics Analyst,18.7,0.0,15.9,38.0,6.0,8.0,Customer Success,L3,"Toronto, ON",5.4,4,Solid,Medium,Significant Gap
E0347,R003,Talent Intelligence Analyst,10.3,0.0,8.7,35.0,5.0,9.0,Customer Success,L3,"Toronto, ON",5.4,4,Solid,Medium,Significant Gap
E0347,R004,Workforce Planning Analyst,15.3,0.0,13.0,32.0,4.0,7.0,Customer Success,L3,"Toronto, ON",5.4,4,Solid,Medium,Significant Gap
E0347,R005,HR Data Analyst,16.7,0.0,14.2,23.0,4.0,6.0,Customer Success,L3,"Toronto, ON",5.4,4,Solid,Medium,Significant Gap
E0347,R006,People Analytics Manager,10.7,0.0,9.1,46.0,5.0,9.0,Customer Success,L3,"Toronto, ON",5.4,4,Solid,Medium,Significant Gap
E0347,R007,HRIS & People Data Specialist,20.3,0.0,17.2,29.0,5.0,7.0,Customer Success,L3,"Toronto, ON",5.4,4,Solid,Medium,Significant Gap
E0347,R008,Talent Management Analytics Specialist,2.1,0.0,1.8,36.0,4.0,9.0,Customer Success,L3,"Toronto, ON",5.4,4,Solid,Medium,Significant Gap
E0348,R001,People Analytics Specialist,63.4,40.0,59.9,15.0,3.0,3.0,Human Resources,L4,"Toronto, ON",7.9,3,Solid,Medium,Developing
E0348,R002,Senior People Analytics Analyst,47.3,16.7,42.7,26.0,5.0,5.0,Human Resources,L4,"Toronto, ON",7.9,3,Solid,Medium,Significant Gap
E0348,R003,Talent Intelligence Analyst,20.5,0.0,17.4,31.0,5.0,8.0,Human Resources,L4,"Toronto, ON",7.9,3,Solid,Medium,Significant Gap
E0348,R004,Workforce Planning Analyst,43.1,0.0,36.6,20.0,4.0,4.0,Human Resources,L4,"Toronto, ON",7.9,3,Solid,Medium,Significant Gap
E0348,R005,HR Data Analyst,45.4,25.0,42.4,16.0,3.0,4.0,Human Resources,L4,"Toronto, ON",7.9,3,Solid,Medium,Significant Gap
E0348,R006,People Analytics Manager,47.9,0.0,40.7,28.0,5.0,4.0,Human Resources,L4,"Toronto, ON",7.9,3,Solid,Medium,Significant Gap
E0348,R007,HRIS & People Data Specialist,37.9,0.0,32.2,22.0,5.0,4.0,Human Resources,L4,"Toronto, ON",7.9,3,Solid,Medium,Significant Gap
E0348,R008,Talent Management Analytics Specialist,32.5,0.0,27.6,24.0,4.0,5.0,Human Resources,L4,"Toronto, ON",7.9,3,Solid,Medium,Significant Gap
E0349,R001,People Analytics Specialist,17.6,0.0,14.9,34.0,5.0,7.0,Finance,L3,"Vancouver, BC",3.3,4,High,Medium,Significant Gap
E0349,R002,Senior People Analytics Analyst,10.8,0.0,9.2,43.0,6.0,9.0,Finance,L3,"Vancouver, BC",3.3,4,High,Medium,Significant Gap
E0349,R003,Talent Intelligence Analyst,5.1,0.0,4.4,37.0,5.0,9.0,Finance,L3,"Vancouver, BC",3.3,4,High,Medium,Significant Gap
E0349,R004,Workforce Planning Analyst,19.4,0.0,16.5,31.0,4.0,6.0,Finance,L3,"Vancouver, BC",3.3,4,High,Medium,Significant Gap
E0349,R005,HR Data Analyst,12.1,0.0,10.3,25.0,4.0,6.0,Finance,L3,"Vancouver, BC",3.3,4,High,Medium,Significant Gap
E0349,R006,People Analytics Manager,5.5,0.0,4.7,49.0,5.0,10.0,Finance,L3,"Vancouver, BC",3.3,4,High,Medium,Significant Gap
E0349,R007,HRIS & People Data Specialist,10.5,0.0,8.9,33.0,5.0,7.0,Finance,L3,"Vancouver, BC",3.3,4,High,Medium,Significant Gap
E0349,R008,Talent Management Analytics Specialist,6.9,0.0,5.9,34.0,4.0,7.0,Finance,L3,"Vancouver, BC",3.3,4,High,Medium,Significant Gap
E0350,R001,People Analytics Specialist,18.2,0.0,15.4,34.0,5.0,9.0,Sales,L1,"Toronto, ON",5.5,3,Solid,High,Significant Gap
E0350,R002,Senior People Analytics Analyst,19.0,0.0,16.2,38.0,6.0,8.0,Sales,L1,"Toronto, ON",5.5,3,Solid,High,Significant Gap
E0350,R003,Talent Intelligence Analyst,17.8,0.0,15.1,32.0,5.0,7.0,Sales,L1,"Toronto, ON",5.5,3,Solid,High,Significant Gap
E0350,R004,Workforce Planning Analyst,24.3,0.0,20.7,28.0,4.0,6.0,Sales,L1,"Toronto, ON",5.5,3,Solid,High,Significant Gap
E0350,R005,HR Data Analyst,13.3,0.0,11.3,24.0,4.0,7.0,Sales,L1,"Toronto, ON",5.5,3,Solid,High,Significant Gap
E0350,R006,People Analytics Manager,23.1,0.0,19.6,40.0,5.0,7.0,Sales,L1,"Toronto, ON",5.5,3,Solid,High,Significant Gap
E0350,R007,HRIS & People Data Specialist,14.5,0.0,12.3,30.0,5.0,7.0,Sales,L1,"Toronto, ON",5.5,3,Solid,High,Significant Gap
E0350,R008,Talent Management Analytics Specialist,19.8,0.0,16.8,29.0,4.0,6.0,Sales,L1,"Toronto, ON",5.5,3,Solid,High,Significant Gap
E0351,R001,People Analytics Specialist,31.5,20.0,29.8,28.0,4.0,7.0,Customer Success,L4,Remote - Canada,7.7,4,Solid,Low,Significant Gap
E0351,R002,Senior People Analytics Analyst,23.0,0.0,19.6,36.0,6.0,8.0,Customer Success,L4,Remote - Canada,7.7,4,Solid,Low,Significant Gap
E0351,R003,Talent Intelligence Analyst,12.8,0.0,10.9,34.0,5.0,9.0,Customer Success,L4,Remote - Canada,7.7,4,Solid,Low,Significant Gap
E0351,R004,Workforce Planning Analyst,30.6,0.0,26.0,25.0,4.0,5.0,Customer Success,L4,Remote - Canada,7.7,4,Solid,Low,Significant Gap
E0351,R005,HR Data Analyst,27.9,0.0,23.7,19.0,4.0,5.0,Customer Success,L4,Remote - Canada,7.7,4,Solid,Low,Significant Gap
E0351,R006,People Analytics Manager,32.8,0.0,27.8,35.0,5.0,6.0,Customer Success,L4,Remote - Canada,7.7,4,Solid,Low,Significant Gap
E0351,R007,HRIS & People Data Specialist,19.9,0.0,16.9,29.0,5.0,6.0,Customer Success,L4,Remote - Canada,7.7,4,Solid,Low,Significant Gap
E0351,R008,Talent Management Analytics Specialist,10.4,0.0,8.9,32.0,4.0,8.0,Customer Success,L4,Remote - Canada,7.7,4,Solid,Low,Significant Gap
E0352,R001,People Analytics Specialist,12.5,0.0,10.6,37.0,5.0,10.0,Engineering,L1,"Ottawa, ON",7.7,3,High,High,Significant Gap
E0352,R002,Senior People Analytics Analyst,27.3,0.0,23.2,35.0,6.0,7.0,Engineering,L1,"Ottawa, ON",7.7,3,High,High,Significant Gap
E0352,R003,Talent Intelligence Analyst,16.7,0.0,14.2,31.0,5.0,8.0,Engineering,L1,"Ottawa, ON",7.7,3,High,High,Significant Gap
E0352,R004,Workforce Planning Analyst,16.2,0.0,13.8,31.0,4.0,8.0,Engineering,L1,"Ottawa, ON",7.7,3,High,High,Significant Gap
E0352,R005,HR Data Analyst,28.3,0.0,24.1,20.0,4.0,5.0,Engineering,L1,"Ottawa, ON",7.7,3,High,High,Significant Gap
E0352,R006,People Analytics Manager,30.5,0.0,25.9,36.0,5.0,6.0,Engineering,L1,"Ottawa, ON",7.7,3,High,High,Significant Gap
E0352,R007,HRIS & People Data Specialist,25.0,0.0,21.2,28.0,5.0,6.0,Engineering,L1,"Ottawa, ON",7.7,3,High,High,Significant Gap
E0352,R008,Talent Management Analytics Specialist,9.7,0.0,8.3,33.0,4.0,8.0,Engineering,L1,"Ottawa, ON",7.7,3,High,High,Significant Gap
E0353,R001,People Analytics Specialist,4.5,0.0,3.8,39.0,5.0,10.0,Customer Success,L3,"Vancouver, BC",5.0,4,Developing,Medium,Significant Gap
E0353,R002,Senior People Analytics Analyst,10.0,0.0,8.5,42.0,6.0,9.0,Customer Success,L3,"Vancouver, BC",5.0,4,Developing,Medium,Significant Gap
E0353,R003,Talent Intelligence Analyst,8.7,0.0,7.4,36.0,5.0,10.0,Customer Success,L3,"Vancouver, BC",5.0,4,Developing,Medium,Significant Gap
E0353,R004,Workforce Planning Analyst,13.6,0.0,11.6,32.0,4.0,6.0,Customer Success,L3,"Vancouver, BC",5.0,4,Developing,Medium,Significant Gap
E0353,R005,HR Data Analyst,7.5,0.0,6.4,26.0,4.0,6.0,Customer Success,L3,"Vancouver, BC",5.0,4,Developing,Medium,Significant Gap
E0353,R006,People Analytics Manager,13.1,0.0,11.1,45.0,5.0,8.0,Customer Success,L3,"Vancouver, BC",5.0,4,Developing,Medium,Significant Gap
E0353,R007,HRIS & People Data Specialist,11.6,0.0,9.9,32.0,5.0,7.0,Customer Success,L3,"Vancouver, BC",5.0,4,Developing,Medium,Significant Gap
E0353,R008,Talent Management Analytics Specialist,2.1,0.0,1.8,36.0,4.0,9.0,Customer Success,L3,"Vancouver, BC",5.0,4,Developing,Medium,Significant Gap
E0354,R001,People Analytics Specialist,14.9,0.0,12.6,34.0,5.0,9.0,Legal & Compliance,L2,"Vancouver, BC",1.1,2,Developing,Medium,Significant Gap
E0354,R002,Senior People Analytics Analyst,8.3,0.0,7.1,44.0,6.0,10.0,Legal & Compliance,L2,"Vancouver, BC",1.1,2,Developing,Medium,Significant Gap
E0354,R003,Talent Intelligence Analyst,10.9,0.0,9.3,35.0,5.0,9.0,Legal & Compliance,L2,"Vancouver, BC",1.1,2,Developing,Medium,Significant Gap
E0354,R004,Workforce Planning Analyst,22.1,0.0,18.8,28.0,4.0,6.0,Legal & Compliance,L2,"Vancouver, BC",1.1,2,Developing,Medium,Significant Gap
E0354,R005,HR Data Analyst,18.3,0.0,15.6,22.0,4.0,6.0,Legal & Compliance,L2,"Vancouver, BC",1.1,2,Developing,Medium,Significant Gap
E0354,R006,People Analytics Manager,20.3,0.0,17.3,41.0,5.0,8.0,Legal & Compliance,L2,"Vancouver, BC",1.1,2,Developing,Medium,Significant Gap
E0354,R007,HRIS & People Data Specialist,13.8,0.0,11.7,30.0,5.0,7.0,Legal & Compliance,L2,"Vancouver, BC",1.1,2,Developing,Medium,Significant Gap
E0354,R008,Talent Management Analytics Specialist,14.6,0.0,12.4,31.0,4.0,7.0,Legal & Compliance,L2,"Vancouver, BC",1.1,2,Developing,Medium,Significant Gap
E0355,R001,People Analytics Specialist,22.6,0.0,19.2,30.0,5.0,7.0,Customer Success,L5,"Calgary, AB",6.4,4,High,Low,Significant Gap
E0355,R002,Senior People Analytics Analyst,16.5,0.0,14.0,40.0,6.0,9.0,Customer Success,L5,"Calgary, AB",6.4,4,High,Low,Significant Gap
E0355,R003,Talent Intelligence Analyst,12.8,0.0,10.9,34.0,5.0,9.0,Customer Success,L5,"Calgary, AB",6.4,4,High,Low,Significant Gap
E0355,R004,Workforce Planning Analyst,20.1,0.0,17.1,29.0,4.0,6.0,Customer Success,L5,"Calgary, AB",6.4,4,High,Low,Significant Gap
E0355,R005,HR Data Analyst,10.0,0.0,8.5,26.0,4.0,7.0,Customer Success,L5,"Calgary, AB",6.4,4,High,Low,Significant Gap
E0355,R006,People Analytics Manager,23.4,0.0,19.9,40.0,5.0,8.0,Customer Success,L5,"Calgary, AB",6.4,4,High,Low,Significant Gap
E0355,R007,HRIS & People Data Specialist,10.9,0.0,9.2,32.0,5.0,8.0,Customer Success,L5,"Calgary, AB",6.4,4,High,Low,Significant Gap
E0355,R008,Talent Management Analytics Specialist,6.2,0.0,5.3,34.0,4.0,9.0,Customer Success,L5,"Calgary, AB",6.4,4,High,Low,Significant Gap
E0356,R001,People Analytics Specialist,29.2,20.0,27.8,30.0,4.0,7.0,Human Resources,L3,"Toronto, ON",6.6,3,Developing,High,Significant Gap
E0356,R002,Senior People Analytics Analyst,9.0,0.0,7.7,44.0,6.0,10.0,Human Resources,L3,"Toronto, ON",6.6,3,Developing,High,Significant Gap
E0356,R003,Talent Intelligence Analyst,24.4,20.0,23.7,30.0,4.0,8.0,Human Resources,L3,"Toronto, ON",6.6,3,Developing,High,Significant Gap
E0356,R004,Workforce Planning Analyst,17.2,0.0,14.6,31.0,4.0,7.0,Human Resources,L3,"Toronto, ON",6.6,3,Developing,High,Significant Gap
E0356,R005,HR Data Analyst,23.8,0.0,20.2,21.0,4.0,5.0,Human Resources,L3,"Toronto, ON",6.6,3,Developing,High,Significant Gap
E0356,R006,People Analytics Manager,20.8,0.0,17.7,41.0,5.0,8.0,Human Resources,L3,"Toronto, ON",6.6,3,Developing,High,Significant Gap
E0356,R007,HRIS & People Data Specialist,9.8,0.0,8.3,34.0,5.0,8.0,Human Resources,L3,"Toronto, ON",6.6,3,Developing,High,Significant Gap
E0356,R008,Talent Management Analytics Specialist,42.9,25.0,40.2,21.0,3.0,5.0,Human Resources,L3,"Toronto, ON",6.6,3,Developing,High,Significant Gap
E0357,R001,People Analytics Specialist,20.8,20.0,20.7,33.0,4.0,9.0,Engineering,L3,"Toronto, ON",1.7,4,Developing,High,Significant Gap
E0357,R002,Senior People Analytics Analyst,22.2,16.7,21.4,38.0,5.0,8.0,Engineering,L3,"Toronto, ON",1.7,4,Developing,High,Significant Gap
E0357,R003,Talent Intelligence Analyst,7.7,0.0,6.5,36.0,5.0,10.0,Engineering,L3,"Toronto, ON",1.7,4,Developing,High,Significant Gap
E0357,R004,Workforce Planning Analyst,6.2,0.0,5.3,35.0,4.0,9.0,Engineering,L3,"Toronto, ON",1.7,4,Developing,High,Significant Gap
E0357,R005,HR Data Analyst,38.3,25.0,36.3,17.0,3.0,4.0,Engineering,L3,"Toronto, ON",1.7,4,Developing,High,Significant Gap
E0357,R006,People Analytics Manager,8.6,0.0,7.3,48.0,5.0,10.0,Engineering,L3,"Toronto, ON",1.7,4,Developing,High,Significant Gap
E0357,R007,HRIS & People Data Specialist,28.6,20.0,27.3,28.0,4.0,6.0,Engineering,L3,"Toronto, ON",1.7,4,Developing,High,Significant Gap
E0357,R008,Talent Management Analytics Specialist,6.2,0.0,5.3,34.0,4.0,9.0,Engineering,L3,"Toronto, ON",1.7,4,Developing,High,Significant Gap
E0358,R001,People Analytics Specialist,9.2,0.0,7.8,37.0,5.0,9.0,Sales,L1,"Vancouver, BC",0.3,4,Developing,Medium,Significant Gap
E0358,R002,Senior People Analytics Analyst,10.3,0.0,8.8,43.0,6.0,9.0,Sales,L1,"Vancouver, BC",0.3,4,Developing,Medium,Significant Gap
E0358,R003,Talent Intelligence Analyst,7.7,0.0,6.5,36.0,5.0,9.0,Sales,L1,"Vancouver, BC",0.3,4,Developing,Medium,Significant Gap
E0358,R004,Workforce Planning Analyst,13.2,0.0,11.2,32.0,4.0,6.0,Sales,L1,"Vancouver, BC",0.3,4,Developing,Medium,Significant Gap
E0358,R005,HR Data Analyst,2.5,0.0,2.1,28.0,4.0,8.0,Sales,L1,"Vancouver, BC",0.3,4,Developing,Medium,Significant Gap
E0358,R006,People Analytics Manager,10.3,0.0,8.8,47.0,5.0,9.0,Sales,L1,"Vancouver, BC",0.3,4,Developing,Medium,Significant Gap
E0358,R007,HRIS & People Data Specialist,2.9,0.0,2.5,35.0,5.0,9.0,Sales,L1,"Vancouver, BC",0.3,4,Developing,Medium,Significant Gap
E0358,R008,Talent Management Analytics Specialist,4.2,0.0,3.5,35.0,4.0,9.0,Sales,L1,"Vancouver, BC",0.3,4,Developing,Medium,Significant Gap
E0359,R001,People Analytics Specialist,16.7,0.0,14.2,34.0,5.0,7.0,Sales,L2,"Montreal, QC",6.2,4,Solid,Medium,Significant Gap
E0359,R002,Senior People Analytics Analyst,11.2,0.0,9.5,43.0,6.0,9.0,Sales,L2,"Montreal, QC",6.2,4,Solid,Medium,Significant Gap
E0359,R003,Talent Intelligence Analyst,10.3,0.0,8.7,35.0,5.0,9.0,Sales,L2,"Montreal, QC",6.2,4,Solid,Medium,Significant Gap
E0359,R004,Workforce Planning Analyst,13.9,0.0,11.8,32.0,4.0,6.0,Sales,L2,"Montreal, QC",6.2,4,Solid,Medium,Significant Gap
E0359,R005,HR Data Analyst,9.6,0.0,8.1,26.0,4.0,6.0,Sales,L2,"Montreal, QC",6.2,4,Solid,Medium,Significant Gap
E0359,R006,People Analytics Manager,10.0,0.0,8.5,47.0,5.0,9.0,Sales,L2,"Montreal, QC",6.2,4,Solid,Medium,Significant Gap
E0359,R007,HRIS & People Data Specialist,10.5,0.0,8.9,32.0,5.0,7.0,Sales,L2,"Montreal, QC",6.2,4,Solid,Medium,Significant Gap
E0359,R008,Talent Management Analytics Specialist,14.6,0.0,12.4,31.0,4.0,8.0,Sales,L2,"Montreal, QC",6.2,4,Solid,Medium,Significant Gap
E0360,R001,People Analytics Specialist,25.6,0.0,21.8,29.0,5.0,7.0,Customer Success,L1,"Ottawa, ON",7.0,3,High,Medium,Significant Gap
E0360,R002,Senior People Analytics Analyst,18.2,0.0,15.4,39.0,6.0,8.0,Customer Success,L1,"Ottawa, ON",7.0,3,High,Medium,Significant Gap
E0360,R003,Talent Intelligence Analyst,10.0,0.0,8.5,35.0,5.0,9.0,Customer Success,L1,"Ottawa, ON",7.0,3,High,Medium,Significant Gap
E0360,R004,Workforce Planning Analyst,22.2,0.0,18.9,28.0,4.0,6.0,Customer Success,L1,"Ottawa, ON",7.0,3,High,Medium,Significant Gap
E0360,R005,HR Data Analyst,22.5,0.0,19.1,20.0,4.0,5.0,Customer Success,L1,"Ottawa, ON",7.0,3,High,Medium,Significant Gap
E0360,R006,People Analytics Manager,17.9,0.0,15.2,43.0,5.0,8.0,Customer Success,L1,"Ottawa, ON",7.0,3,High,Medium,Significant Gap
E0360,R007,HRIS & People Data Specialist,15.9,0.0,13.6,30.0,5.0,7.0,Customer Success,L1,"Ottawa, ON",7.0,3,High,Medium,Significant Gap
E0360,R008,Talent Management Analytics Specialist,16.0,0.0,13.6,30.0,4.0,7.0,Customer Success,L1,"Ottawa, ON",7.0,3,High,Medium,Significant Gap
E0361,R001,People Analytics Specialist,22.0,0.0,18.7,31.0,5.0,7.0,Human Resources,L2,"Vancouver, BC",5.5,3,Developing,Medium,Significant Gap
E0361,R002,Senior People Analytics Analyst,14.5,0.0,12.3,41.0,6.0,8.0,Human Resources,L2,"Vancouver, BC",5.5,3,Developing,Medium,Significant Gap
E0361,R003,Talent Intelligence Analyst,14.1,20.0,15.0,34.0,4.0,9.0,Human Resources,L2,"Vancouver, BC",5.5,3,Developing,Medium,Significant Gap
E0361,R004,Workforce Planning Analyst,25.6,0.0,21.7,28.0,4.0,5.0,Human Resources,L2,"Vancouver, BC",5.5,3,Developing,Medium,Significant Gap
E0361,R005,HR Data Analyst,44.2,25.0,41.3,17.0,3.0,4.0,Human Resources,L2,"Vancouver, BC",5.5,3,Developing,Medium,Significant Gap
E0361,R006,People Analytics Manager,20.0,0.0,17.0,41.0,5.0,7.0,Human Resources,L2,"Vancouver, BC",5.5,3,Developing,Medium,Significant Gap
E0361,R007,HRIS & People Data Specialist,30.9,0.0,26.3,26.0,5.0,6.0,Human Resources,L2,"Vancouver, BC",5.5,3,Developing,Medium,Significant Gap
E0361,R008,Talent Management Analytics Specialist,16.7,25.0,17.9,31.0,3.0,8.0,Human Resources,L2,"Vancouver, BC",5.5,3,Developing,Medium,Significant Gap
E0362,R001,People Analytics Specialist,14.9,0.0,12.6,34.0,5.0,9.0,Sales,L2,"Toronto, ON",2.2,4,Solid,Medium,Significant Gap
E0362,R002,Senior People Analytics Analyst,12.5,0.0,10.6,42.0,6.0,10.0,Sales,L2,"Toronto, ON",2.2,4,Solid,Medium,Significant Gap
E0362,R003,Talent Intelligence Analyst,7.7,0.0,6.5,36.0,5.0,10.0,Sales,L2,"Toronto, ON",2.2,4,Solid,Medium,Significant Gap
E0362,R004,Workforce Planning Analyst,18.8,0.0,15.9,29.0,4.0,7.0,Sales,L2,"Toronto, ON",2.2,4,Solid,Medium,Significant Gap
E0362,R005,HR Data Analyst,11.2,0.0,9.6,25.0,4.0,7.0,Sales,L2,"Toronto, ON",2.2,4,Solid,Medium,Significant Gap
E0362,R006,People Analytics Manager,17.6,0.0,14.9,43.0,5.0,9.0,Sales,L2,"Toronto, ON",2.2,4,Solid,Medium,Significant Gap
E0362,R007,HRIS & People Data Specialist,12.0,0.0,10.2,30.0,5.0,7.0,Sales,L2,"Toronto, ON",2.2,4,Solid,Medium,Significant Gap
E0362,R008,Talent Management Analytics Specialist,11.8,0.0,10.0,32.0,4.0,8.0,Sales,L2,"Toronto, ON",2.2,4,Solid,Medium,Significant Gap
E0363,R001,People Analytics Specialist,15.5,0.0,13.2,35.0,5.0,9.0,Sales,L2,"Vancouver, BC",7.4,2,Developing,Medium,Significant Gap
E0363,R002,Senior People Analytics Analyst,12.0,0.0,10.2,41.0,6.0,9.0,Sales,L2,"Vancouver, BC",7.4,2,Developing,Medium,Significant Gap
E0363,R003,Talent Intelligence Analyst,2.6,0.0,2.2,38.0,5.0,10.0,Sales,L2,"Vancouver, BC",7.4,2,Developing,Medium,Significant Gap
E0363,R004,Workforce Planning Analyst,17.4,0.0,14.8,31.0,4.0,7.0,Sales,L2,"Vancouver, BC",7.4,2,Developing,Medium,Significant Gap
E0363,R005,HR Data Analyst,20.8,0.0,17.7,22.0,4.0,6.0,Sales,L2,"Vancouver, BC",7.4,2,Developing,Medium,Significant Gap
E0363,R006,People Analytics Manager,13.4,0.0,11.4,45.0,5.0,9.0,Sales,L2,"Vancouver, BC",7.4,2,Developing,Medium,Significant Gap
E0363,R007,HRIS & People Data Specialist,15.2,0.0,12.9,32.0,5.0,8.0,Sales,L2,"Vancouver, BC",7.4,2,Developing,Medium,Significant Gap
E0363,R008,Talent Management Analytics Specialist,12.5,0.0,10.6,32.0,4.0,8.0,Sales,L2,"Vancouver, BC",7.4,2,Developing,Medium,Significant Gap
E0364,R001,People Analytics Specialist,18.2,0.0,15.4,33.0,5.0,9.0,Sales,L3,"Montreal, QC",0.3,3,Developing,Medium,Significant Gap
E0364,R002,Senior People Analytics Analyst,7.7,0.0,6.5,44.0,6.0,10.0,Sales,L3,"Montreal, QC",0.3,3,Developing,Medium,Significant Gap
E0364,R003,Talent Intelligence Analyst,7.7,0.0,6.5,36.0,5.0,10.0,Sales,L3,"Montreal, QC",0.3,3,Developing,Medium,Significant Gap
E0364,R004,Workforce Planning Analyst,16.7,0.0,14.2,31.0,4.0,7.0,Sales,L3,"Montreal, QC",0.3,3,Developing,Medium,Significant Gap
E0364,R005,HR Data Analyst,16.7,0.0,14.2,23.0,4.0,6.0,Sales,L3,"Montreal, QC",0.3,3,Developing,Medium,Significant Gap
E0364,R006,People Analytics Manager,11.7,0.0,10.0,46.0,5.0,9.0,Sales,L3,"Montreal, QC",0.3,3,Developing,Medium,Significant Gap
E0364,R007,HRIS & People Data Specialist,9.4,0.0,8.0,33.0,5.0,8.0,Sales,L3,"Montreal, QC",0.3,3,Developing,Medium,Significant Gap
E0364,R008,Talent Management Analytics Specialist,7.6,0.0,6.5,34.0,4.0,8.0,Sales,L3,"Montreal, QC",0.3,3,Developing,Medium,Significant Gap
E0365,R001,People Analytics Specialist,32.1,0.0,27.3,27.0,5.0,5.0,Marketing,L2,"Ottawa, ON",9.6,4,Solid,Medium,Significant Gap
E0365,R002,Senior People Analytics Analyst,19.8,0.0,16.8,39.0,6.0,7.0,Marketing,L2,"Ottawa, ON",9.6,4,Solid,Medium,Significant Gap
E0365,R003,Talent Intelligence Analyst,15.4,0.0,13.1,32.0,5.0,6.0,Marketing,L2,"Ottawa, ON",9.6,4,Solid,Medium,Significant Gap
E0365,R004,Workforce Planning Analyst,27.1,0.0,23.0,27.0,4.0,5.0,Marketing,L2,"Ottawa, ON",9.6,4,Solid,Medium,Significant Gap
E0365,R005,HR Data Analyst,24.2,0.0,20.5,21.0,4.0,6.0,Marketing,L2,"Ottawa, ON",9.6,4,Solid,Medium,Significant Gap
E0365,R006,People Analytics Manager,7.6,0.0,6.4,48.0,5.0,9.0,Marketing,L2,"Ottawa, ON",9.6,4,Solid,Medium,Significant Gap
E0365,R007,HRIS & People Data Specialist,13.8,0.0,11.7,32.0,5.0,7.0,Marketing,L2,"Ottawa, ON",9.6,4,Solid,Medium,Significant Gap
E0365,R008,Talent Management Analytics Specialist,4.9,0.0,4.1,35.0,4.0,8.0,Marketing,L2,"Ottawa, ON",9.6,4,Solid,Medium,Significant Gap
E0366,R001,People Analytics Specialist,10.7,0.0,9.1,36.0,5.0,10.0,Operations,L2,"Toronto, ON",3.3,5,Solid,High,Significant Gap
E0366,R002,Senior People Analytics Analyst,0.0,0.0,0.0,48.0,6.0,12.0,Operations,L2,"Toronto, ON",3.3,5,Solid,High,Significant Gap
E0366,R003,Talent Intelligence Analyst,0.0,0.0,0.0,39.0,5.0,11.0,Operations,L2,"Toronto, ON",3.3,5,Solid,High,Significant Gap
E0366,R004,Workforce Planning Analyst,13.5,0.0,11.5,33.0,4.0,7.0,Operations,L2,"Toronto, ON",3.3,5,Solid,High,Significant Gap
E0366,R005,HR Data Analyst,19.6,0.0,16.6,22.0,4.0,6.0,Operations,L2,"Toronto, ON",3.3,5,Solid,High,Significant Gap
E0366,R006,People Analytics Manager,6.9,0.0,5.9,48.0,5.0,11.0,Operations,L2,"Toronto, ON",3.3,5,Solid,High,Significant Gap
E0366,R007,HRIS & People Data Specialist,14.1,0.0,12.0,31.0,5.0,8.0,Operations,L2,"Toronto, ON",3.3,5,Solid,High,Significant Gap
E0366,R008,Talent Management Analytics Specialist,4.2,0.0,3.5,35.0,4.0,9.0,Operations,L2,"Toronto, ON",3.3,5,Solid,High,Significant Gap
E0367,R001,People Analytics Specialist,17.9,0.0,15.2,33.0,5.0,8.0,Customer Success,L2,"Toronto, ON",0.5,3,High,Medium,Significant Gap
E0367,R002,Senior People Analytics Analyst,15.7,0.0,13.3,40.0,6.0,8.0,Customer Success,L2,"Toronto, ON",0.5,3,High,Medium,Significant Gap
E0367,R003,Talent Intelligence Analyst,10.3,0.0,8.7,35.0,5.0,9.0,Customer Success,L2,"Toronto, ON",0.5,3,High,Medium,Significant Gap
E0367,R004,Workforce Planning Analyst,19.4,0.0,16.5,30.0,4.0,6.0,Customer Success,L2,"Toronto, ON",0.5,3,High,Medium,Significant Gap
E0367,R005,HR Data Analyst,8.3,0.0,7.1,26.0,4.0,7.0,Customer Success,L2,"Toronto, ON",0.5,3,High,Medium,Significant Gap
E0367,R006,People Analytics Manager,15.9,0.0,13.5,44.0,5.0,8.0,Customer Success,L2,"Toronto, ON",0.5,3,High,Medium,Significant Gap
E0367,R007,HRIS & People Data Specialist,8.7,0.0,7.4,33.0,5.0,8.0,Customer Success,L2,"Toronto, ON",0.5,3,High,Medium,Significant Gap
E0367,R008,Talent Management Analytics Specialist,6.2,0.0,5.3,34.0,4.0,8.0,Customer Success,L2,"Toronto, ON",0.5,3,High,Medium,Significant Gap
E0368,R001,People Analytics Specialist,33.3,0.0,28.3,27.0,5.0,7.0,Marketing,L1,"Toronto, ON",4.1,3,Solid,Low,Significant Gap
E0368,R002,Senior People Analytics Analyst,18.5,0.0,15.7,39.0,6.0,9.0,Marketing,L1,"Toronto, ON",4.1,3,Solid,Low,Significant Gap
E0368,R003,Talent Intelligence Analyst,7.7,0.0,6.5,36.0,5.0,10.0,Marketing,L1,"Toronto, ON",4.1,3,Solid,Low,Significant Gap
E0368,R004,Workforce Planning Analyst,31.2,0.0,26.6,26.0,4.0,6.0,Marketing,L1,"Toronto, ON",4.1,3,Solid,Low,Significant Gap
E0368,R005,HR Data Analyst,25.0,0.0,21.2,21.0,4.0,6.0,Marketing,L1,"Toronto, ON",4.1,3,Solid,Low,Significant Gap
E0368,R006,People Analytics Manager,16.6,0.0,14.1,43.0,5.0,9.0,Marketing,L1,"Toronto, ON",4.1,3,Solid,Low,Significant Gap
E0368,R007,HRIS & People Data Specialist,19.6,0.0,16.6,29.0,5.0,7.0,Marketing,L1,"Toronto, ON",4.1,3,Solid,Low,Significant Gap
E0368,R008,Talent Management Analytics Specialist,0.0,0.0,0.0,37.0,4.0,10.0,Marketing,L1,"Toronto, ON",4.1,3,Solid,Low,Significant Gap
E0369,R001,People Analytics Specialist,29.8,0.0,25.3,29.0,5.0,7.0,Operations,L5,"Toronto, ON",5.2,3,Solid,Low,Significant Gap
E0369,R002,Senior People Analytics Analyst,26.8,0.0,22.8,34.0,6.0,7.0,Operations,L5,"Toronto, ON",5.2,3,Solid,Low,Significant Gap
E0369,R003,Talent Intelligence Analyst,15.4,0.0,13.1,33.0,5.0,9.0,Operations,L5,"Toronto, ON",5.2,3,Solid,Low,Significant Gap
E0369,R004,Workforce Planning Analyst,45.8,0.0,39.0,20.0,4.0,3.0,Operations,L5,"Toronto, ON",5.2,3,Solid,Low,Significant Gap
E0369,R005,HR Data Analyst,20.0,0.0,17.0,23.0,4.0,6.0,Operations,L5,"Toronto, ON",5.2,3,Solid,Low,Significant Gap
E0369,R006,People Analytics Manager,36.2,0.0,30.8,33.0,5.0,6.0,Operations,L5,"Toronto, ON",5.2,3,Solid,Low,Significant Gap
E0369,R007,HRIS & People Data Specialist,25.4,0.0,21.6,26.0,5.0,5.0,Operations,L5,"Toronto, ON",5.2,3,Solid,Low,Significant Gap
E0369,R008,Talent Management Analytics Specialist,6.2,0.0,5.3,34.0,4.0,9.0,Operations,L5,"Toronto, ON",5.2,3,Solid,Low,Significant Gap
E0370,R001,People Analytics Specialist,17.6,0.0,14.9,33.0,5.0,8.0,Sales,L1,"Montreal, QC",6.6,3,High,Medium,Significant Gap
E0370,R002,Senior People Analytics Analyst,7.8,0.0,6.7,44.0,6.0,9.0,Sales,L1,"Montreal, QC",6.6,3,High,Medium,Significant Gap
E0370,R003,Talent Intelligence Analyst,2.6,0.0,2.2,38.0,5.0,10.0,Sales,L1,"Montreal, QC",6.6,3,High,Medium,Significant Gap
E0370,R004,Workforce Planning Analyst,16.0,0.0,13.6,31.0,4.0,6.0,Sales,L1,"Montreal, QC",6.6,3,High,Medium,Significant Gap
E0370,R005,HR Data Analyst,18.8,0.0,15.9,23.0,4.0,7.0,Sales,L1,"Montreal, QC",6.6,3,High,Medium,Significant Gap
E0370,R006,People Analytics Manager,11.4,0.0,9.7,46.0,5.0,9.0,Sales,L1,"Montreal, QC",6.6,3,High,Medium,Significant Gap
E0370,R007,HRIS & People Data Specialist,14.1,0.0,12.0,31.0,5.0,8.0,Sales,L1,"Montreal, QC",6.6,3,High,Medium,Significant Gap
E0370,R008,Talent Management Analytics Specialist,5.6,0.0,4.7,35.0,4.0,9.0,Sales,L1,"Montreal, QC",6.6,3,High,Medium,Significant Gap
E0371,R001,People Analytics Specialist,10.7,0.0,9.1,36.0,5.0,10.0,Operations,L2,"Vancouver, BC",4.9,3,Solid,Medium,Significant Gap
E0371,R002,Senior People Analytics Analyst,1.7,0.0,1.4,47.0,6.0,11.0,Operations,L2,"Vancouver, BC",4.9,3,Solid,Medium,Significant Gap
E0371,R003,Talent Intelligence Analyst,0.0,0.0,0.0,39.0,5.0,11.0,Operations,L2,"Vancouver, BC",4.9,3,Solid,Medium,Significant Gap
E0371,R004,Workforce Planning Analyst,21.9,0.0,18.6,30.0,4.0,6.0,Operations,L2,"Vancouver, BC",4.9,3,Solid,Medium,Significant Gap
E0371,R005,HR Data Analyst,20.0,25.0,20.8,23.0,3.0,7.0,Operations,L2,"Vancouver, BC",4.9,3,Solid,Medium,Significant Gap
E0371,R006,People Analytics Manager,7.2,0.0,6.2,48.0,5.0,10.0,Operations,L2,"Vancouver, BC",4.9,3,Solid,Medium,Significant Gap
E0371,R007,HRIS & People Data Specialist,17.4,20.0,17.8,30.0,4.0,8.0,Operations,L2,"Vancouver, BC",4.9,3,Solid,Medium,Significant Gap
E0371,R008,Talent Management Analytics Specialist,0.0,0.0,0.0,37.0,4.0,10.0,Operations,L2,"Vancouver, BC",4.9,3,Solid,Medium,Significant Gap
E0372,R001,People Analytics Specialist,25.0,20.0,24.2,31.0,4.0,8.0,Sales,L5,"Calgary, AB",5.3,4,High,Medium,Significant Gap
E0372,R002,Senior People Analytics Analyst,26.3,16.7,24.9,35.0,5.0,8.0,Sales,L5,"Calgary, AB",5.3,4,High,Medium,Significant Gap
E0372,R003,Talent Intelligence Analyst,15.4,0.0,13.1,33.0,5.0,9.0,Sales,L5,"Calgary, AB",5.3,4,High,Medium,Significant Gap
E0372,R004,Workforce Planning Analyst,30.6,0.0,26.0,25.0,4.0,5.0,Sales,L5,"Calgary, AB",5.3,4,High,Medium,Significant Gap
E0372,R005,HR Data Analyst,9.2,0.0,7.8,26.0,4.0,7.0,Sales,L5,"Calgary, AB",5.3,4,High,Medium,Significant Gap
E0372,R006,People Analytics Manager,33.1,0.0,28.1,35.0,5.0,7.0,Sales,L5,"Calgary, AB",5.3,4,High,Medium,Significant Gap
E0372,R007,HRIS & People Data Specialist,10.1,0.0,8.6,32.0,5.0,8.0,Sales,L5,"Calgary, AB",5.3,4,High,Medium,Significant Gap
E0372,R008,Talent Management Analytics Specialist,8.3,0.0,7.1,33.0,4.0,9.0,Sales,L5,"Calgary, AB",5.3,4,High,Medium,Significant Gap
E0373,R001,People Analytics Specialist,28.0,20.0,26.8,29.0,4.0,8.0,Finance,L5,"Toronto, ON",6.7,4,Developing,Low,Significant Gap
E0373,R002,Senior People Analytics Analyst,28.3,33.3,29.1,35.0,4.0,8.0,Finance,L5,"Toronto, ON",6.7,4,Developing,Low,Significant Gap
E0373,R003,Talent Intelligence Analyst,15.4,0.0,13.1,33.0,5.0,9.0,Finance,L5,"Toronto, ON",6.7,4,Developing,Low,Significant Gap
E0373,R004,Workforce Planning Analyst,51.4,0.0,43.7,18.0,4.0,3.0,Finance,L5,"Toronto, ON",6.7,4,Developing,Low,Significant Gap
E0373,R005,HR Data Analyst,7.5,0.0,6.4,26.0,4.0,8.0,Finance,L5,"Toronto, ON",6.7,4,Developing,Low,Significant Gap
E0373,R006,People Analytics Manager,31.7,40.0,33.0,36.0,3.0,8.0,Finance,L5,"Toronto, ON",6.7,4,Developing,Low,Significant Gap
E0373,R007,HRIS & People Data Specialist,4.3,0.0,3.7,34.0,5.0,9.0,Finance,L5,"Toronto, ON",6.7,4,Developing,Low,Significant Gap
E0373,R008,Talent Management Analytics Specialist,8.3,0.0,7.1,33.0,4.0,9.0,Finance,L5,"Toronto, ON",6.7,4,Developing,Low,Significant Gap
E0374,R001,People Analytics Specialist,13.1,0.0,11.1,35.0,5.0,9.0,Engineering,L3,Remote - Canada,3.7,3,Developing,Medium,Significant Gap
E0374,R002,Senior People Analytics Analyst,25.8,0.0,22.0,35.0,6.0,7.0,Engineering,L3,Remote - Canada,3.7,3,Developing,Medium,Significant Gap
E0374,R003,Talent Intelligence Analyst,21.8,0.0,18.5,29.0,5.0,7.0,Engineering,L3,Remote - Canada,3.7,3,Developing,Medium,Significant Gap
E0374,R004,Workforce Planning Analyst,6.2,0.0,5.3,35.0,4.0,8.0,Engineering,L3,Remote - Canada,3.7,3,Developing,Medium,Significant Gap
E0374,R005,HR Data Analyst,15.0,0.0,12.8,24.0,4.0,7.0,Engineering,L3,Remote - Canada,3.7,3,Developing,Medium,Significant Gap
E0374,R006,People Analytics Manager,12.4,0.0,10.6,45.0,5.0,9.0,Engineering,L3,Remote - Canada,3.7,3,Developing,Medium,Significant Gap
E0374,R007,HRIS & People Data Specialist,23.2,20.0,22.7,28.0,4.0,6.0,Engineering,L3,Remote - Canada,3.7,3,Developing,Medium,Significant Gap
E0374,R008,Talent Management Analytics Specialist,2.1,0.0,1.8,36.0,4.0,9.0,Engineering,L3,Remote - Canada,3.7,3,Developing,Medium,Significant Gap
E0375,R001,People Analytics Specialist,28.9,0.0,24.5,28.0,5.0,6.0,Customer Success,L4,"Vancouver, BC",8.9,2,High,Medium,Significant Gap
E0375,R002,Senior People Analytics Analyst,21.8,0.0,18.6,37.0,6.0,7.0,Customer Success,L4,"Vancouver, BC",8.9,2,High,Medium,Significant Gap
E0375,R003,Talent Intelligence Analyst,21.5,0.0,18.3,31.0,5.0,8.0,Customer Success,L4,"Vancouver, BC",8.9,2,High,Medium,Significant Gap
E0375,R004,Workforce Planning Analyst,42.9,0.0,36.5,20.0,4.0,3.0,Customer Success,L4,"Vancouver, BC",8.9,2,High,Medium,Significant Gap
E0375,R005,HR Data Analyst,16.7,0.0,14.2,23.0,4.0,7.0,Customer Success,L4,"Vancouver, BC",8.9,2,High,Medium,Significant Gap
E0375,R006,People Analytics Manager,32.1,0.0,27.3,35.0,5.0,6.0,Customer Success,L4,"Vancouver, BC",8.9,2,High,Medium,Significant Gap
E0375,R007,HRIS & People Data Specialist,8.7,0.0,7.4,33.0,5.0,8.0,Customer Success,L4,"Vancouver, BC",8.9,2,High,Medium,Significant Gap
E0375,R008,Talent Management Analytics Specialist,4.2,0.0,3.5,35.0,4.0,9.0,Customer Success,L4,"Vancouver, BC",8.9,2,High,Medium,Significant Gap
E0376,R001,People Analytics Specialist,1.8,0.0,1.5,40.0,5.0,11.0,Engineering,L2,"Montreal, QC",2.0,3,Solid,High,Significant Gap
E0376,R002,Senior People Analytics Analyst,11.1,0.0,9.4,43.0,6.0,10.0,Engineering,L2,"Montreal, QC",2.0,3,Solid,High,Significant Gap
E0376,R003,Talent Intelligence Analyst,19.2,0.0,16.3,30.0,5.0,8.0,Engineering,L2,"Montreal, QC",2.0,3,Solid,High,Significant Gap
E0376,R004,Workforce Planning Analyst,2.1,0.0,1.8,37.0,4.0,9.0,Engineering,L2,"Montreal, QC",2.0,3,Solid,High,Significant Gap
E0376,R005,HR Data Analyst,14.2,0.0,12.0,23.0,4.0,6.0,Engineering,L2,"Montreal, QC",2.0,3,Solid,High,Significant Gap
E0376,R006,People Analytics Manager,6.9,0.0,5.9,48.0,5.0,10.0,Engineering,L2,"Montreal, QC",2.0,3,Solid,High,Significant Gap
E0376,R007,HRIS & People Data Specialist,9.4,0.0,8.0,33.0,5.0,8.0,Engineering,L2,"Montreal, QC",2.0,3,Solid,High,Significant Gap
E0376,R008,Talent Management Analytics Specialist,6.2,0.0,5.3,34.0,4.0,9.0,Engineering,L2,"Montreal, QC",2.0,3,Solid,High,Significant Gap
E0377,R001,People Analytics Specialist,10.1,0.0,8.6,36.0,5.0,10.0,Legal & Compliance,L1,"Vancouver, BC",9.7,5,Solid,Low,Significant Gap
E0377,R002,Senior People Analytics Analyst,7.2,0.0,6.1,44.0,6.0,10.0,Legal & Compliance,L1,"Vancouver, BC",9.7,5,Solid,Low,Significant Gap
E0377,R003,Talent Intelligence Analyst,2.9,0.0,2.5,38.0,5.0,10.0,Legal & Compliance,L1,"Vancouver, BC",9.7,5,Solid,Low,Significant Gap
E0377,R004,Workforce Planning Analyst,15.0,0.0,12.8,31.0,4.0,7.0,Legal & Compliance,L1,"Vancouver, BC",9.7,5,Solid,Low,Significant Gap
E0377,R005,HR Data Analyst,18.3,0.0,15.6,23.0,4.0,6.0,Legal & Compliance,L1,"Vancouver, BC",9.7,5,Solid,Low,Significant Gap
E0377,R006,People Analytics Manager,11.4,0.0,9.7,46.0,5.0,8.0,Legal & Compliance,L1,"Vancouver, BC",9.7,5,Solid,Low,Significant Gap
E0377,R007,HRIS & People Data Specialist,11.2,0.0,9.5,33.0,5.0,7.0,Legal & Compliance,L1,"Vancouver, BC",9.7,5,Solid,Low,Significant Gap
E0377,R008,Talent Management Analytics Specialist,3.1,0.0,2.7,36.0,4.0,9.0,Legal & Compliance,L1,"Vancouver, BC",9.7,5,Solid,Low,Significant Gap
E0378,R001,People Analytics Specialist,14.3,0.0,12.1,35.0,5.0,7.0,Human Resources,L1,"Toronto, ON",0.3,4,Solid,Medium,Significant Gap
E0378,R002,Senior People Analytics Analyst,9.2,0.0,7.8,44.0,6.0,9.0,Human Resources,L1,"Toronto, ON",0.3,4,Solid,Medium,Significant Gap
E0378,R003,Talent Intelligence Analyst,7.7,0.0,6.5,36.0,5.0,8.0,Human Resources,L1,"Toronto, ON",0.3,4,Solid,Medium,Significant Gap
E0378,R004,Workforce Planning Analyst,10.4,0.0,8.9,34.0,4.0,7.0,Human Resources,L1,"Toronto, ON",0.3,4,Solid,Medium,Significant Gap
E0378,R005,HR Data Analyst,37.5,25.0,35.6,18.0,3.0,4.0,Human Resources,L1,"Toronto, ON",0.3,4,Solid,Medium,Significant Gap
E0378,R006,People Analytics Manager,2.1,0.0,1.8,51.0,5.0,11.0,Human Resources,L1,"Toronto, ON",0.3,4,Solid,Medium,Significant Gap
E0378,R007,HRIS & People Data Specialist,18.9,0.0,16.1,30.0,5.0,7.0,Human Resources,L1,"Toronto, ON",0.3,4,Solid,Medium,Significant Gap
E0378,R008,Talent Management Analytics Specialist,25.1,0.0,21.4,27.0,4.0,5.0,Human Resources,L1,"Toronto, ON",0.3,4,Solid,Medium,Significant Gap
E0379,R001,People Analytics Specialist,10.1,0.0,8.6,36.0,5.0,10.0,Legal & Compliance,L2,"Calgary, AB",2.6,3,Solid,Medium,Significant Gap
E0379,R002,Senior People Analytics Analyst,9.4,0.0,8.0,44.0,6.0,10.0,Legal & Compliance,L2,"Calgary, AB",2.6,3,Solid,Medium,Significant Gap
E0379,R003,Talent Intelligence Analyst,15.5,0.0,13.2,33.0,5.0,8.0,Legal & Compliance,L2,"Calgary, AB",2.6,3,Solid,Medium,Significant Gap
E0379,R004,Workforce Planning Analyst,10.4,0.0,8.9,33.0,4.0,8.0,Legal & Compliance,L2,"Calgary, AB",2.6,3,Solid,Medium,Significant Gap
E0379,R005,HR Data Analyst,17.5,0.0,14.9,22.0,4.0,6.0,Legal & Compliance,L2,"Calgary, AB",2.6,3,Solid,Medium,Significant Gap
E0379,R006,People Analytics Manager,9.3,0.0,7.9,47.0,5.0,9.0,Legal & Compliance,L2,"Calgary, AB",2.6,3,Solid,Medium,Significant Gap
E0379,R007,HRIS & People Data Specialist,10.9,0.0,9.2,32.0,5.0,7.0,Legal & Compliance,L2,"Calgary, AB",2.6,3,Solid,Medium,Significant Gap
E0379,R008,Talent Management Analytics Specialist,14.6,0.0,12.4,31.0,4.0,7.0,Legal & Compliance,L2,"Calgary, AB",2.6,3,Solid,Medium,Significant Gap
E0380,R001,People Analytics Specialist,12.8,0.0,10.9,36.0,5.0,10.0,Operations,L1,"Vancouver, BC",5.1,4,Solid,Medium,Significant Gap
E0380,R002,Senior People Analytics Analyst,8.3,0.0,7.1,43.0,6.0,10.0,Operations,L1,"Vancouver, BC",5.1,4,Solid,Medium,Significant Gap
E0380,R003,Talent Intelligence Analyst,0.0,0.0,0.0,39.0,5.0,11.0,Operations,L1,"Vancouver, BC",5.1,4,Solid,Medium,Significant Gap
E0380,R004,Workforce Planning Analyst,31.2,0.0,26.6,27.0,4.0,6.0,Operations,L1,"Vancouver, BC",5.1,4,Solid,Medium,Significant Gap
E0380,R005,HR Data Analyst,17.5,0.0,14.9,24.0,4.0,7.0,Operations,L1,"Vancouver, BC",5.1,4,Solid,Medium,Significant Gap
E0380,R006,People Analytics Manager,11.0,0.0,9.4,46.0,5.0,9.0,Operations,L1,"Vancouver, BC",5.1,4,Solid,Medium,Significant Gap
E0380,R007,HRIS & People Data Specialist,16.7,0.0,14.2,31.0,5.0,7.0,Operations,L1,"Vancouver, BC",5.1,4,Solid,Medium,Significant Gap
E0380,R008,Talent Management Analytics Specialist,0.0,0.0,0.0,37.0,4.0,10.0,Operations,L1,"Vancouver, BC",5.1,4,Solid,Medium,Significant Gap
E0381,R001,People Analytics Specialist,7.7,0.0,6.6,37.0,5.0,10.0,Engineering,L2,"Vancouver, BC",5.5,5,High,Medium,Significant Gap
E0381,R002,Senior People Analytics Analyst,11.1,0.0,9.4,43.0,6.0,10.0,Engineering,L2,"Vancouver, BC",5.5,5,High,Medium,Significant Gap
E0381,R003,Talent Intelligence Analyst,19.2,0.0,16.3,30.0,5.0,8.0,Engineering,L2,"Vancouver, BC",5.5,5,High,Medium,Significant Gap
E0381,R004,Workforce Planning Analyst,6.2,0.0,5.3,35.0,4.0,9.0,Engineering,L2,"Vancouver, BC",5.5,5,High,Medium,Significant Gap
E0381,R005,HR Data Analyst,17.9,0.0,15.2,23.0,4.0,6.0,Engineering,L2,"Vancouver, BC",5.5,5,High,Medium,Significant Gap
E0381,R006,People Analytics Manager,8.6,0.0,7.3,47.0,5.0,10.0,Engineering,L2,"Vancouver, BC",5.5,5,High,Medium,Significant Gap
E0381,R007,HRIS & People Data Specialist,14.1,0.0,12.0,31.0,5.0,7.0,Engineering,L2,"Vancouver, BC",5.5,5,High,Medium,Significant Gap
E0381,R008,Talent Management Analytics Specialist,0.0,0.0,0.0,37.0,4.0,10.0,Engineering,L2,"Vancouver, BC",5.5,5,High,Medium,Significant Gap
E0382,R001,People Analytics Specialist,15.5,0.0,13.2,34.0,5.0,9.0,Operations,L2,"Montreal, QC",0.3,4,Solid,Medium,Significant Gap
E0382,R002,Senior People Analytics Analyst,3.3,0.0,2.8,46.0,6.0,11.0,Operations,L2,"Montreal, QC",0.3,4,Solid,Medium,Significant Gap
E0382,R003,Talent Intelligence Analyst,0.0,0.0,0.0,39.0,5.0,11.0,Operations,L2,"Montreal, QC",0.3,4,Solid,Medium,Significant Gap
E0382,R004,Workforce Planning Analyst,24.3,0.0,20.7,29.0,4.0,6.0,Operations,L2,"Montreal, QC",0.3,4,Solid,Medium,Significant Gap
E0382,R005,HR Data Analyst,23.3,0.0,19.8,21.0,4.0,5.0,Operations,L2,"Montreal, QC",0.3,4,Solid,Medium,Significant Gap
E0382,R006,People Analytics Manager,6.9,0.0,5.9,48.0,5.0,10.0,Operations,L2,"Montreal, QC",0.3,4,Solid,Medium,Significant Gap
E0382,R007,HRIS & People Data Specialist,15.2,0.0,12.9,31.0,5.0,7.0,Operations,L2,"Montreal, QC",0.3,4,Solid,Medium,Significant Gap
E0382,R008,Talent Management Analytics Specialist,2.1,0.0,1.8,36.0,4.0,9.0,Operations,L2,"Montreal, QC",0.3,4,Solid,Medium,Significant Gap
E0383,R001,People Analytics Specialist,6.0,0.0,5.1,38.0,5.0,10.0,Sales,L3,"Montreal, QC",3.3,3,Developing,Medium,Significant Gap
E0383,R002,Senior People Analytics Analyst,5.8,0.0,5.0,45.0,6.0,10.0,Sales,L3,"Montreal, QC",3.3,3,Developing,Medium,Significant Gap
E0383,R003,Talent Intelligence Analyst,2.6,0.0,2.2,38.0,5.0,10.0,Sales,L3,"Montreal, QC",3.3,3,Developing,Medium,Significant Gap
E0383,R004,Workforce Planning Analyst,10.4,0.0,8.9,33.0,4.0,7.0,Sales,L3,"Montreal, QC",3.3,3,Developing,Medium,Significant Gap
E0383,R005,HR Data Analyst,8.3,0.0,7.1,25.0,4.0,7.0,Sales,L3,"Montreal, QC",3.3,3,Developing,Medium,Significant Gap
E0383,R006,People Analytics Manager,9.7,0.0,8.2,47.0,5.0,9.0,Sales,L3,"Montreal, QC",3.3,3,Developing,Medium,Significant Gap
E0383,R007,HRIS & People Data Specialist,4.3,0.0,3.7,34.0,5.0,8.0,Sales,L3,"Montreal, QC",3.3,3,Developing,Medium,Significant Gap
E0383,R008,Talent Management Analytics Specialist,14.6,0.0,12.4,31.0,4.0,7.0,Sales,L3,"Montreal, QC",3.3,3,Developing,Medium,Significant Gap
E0384,R001,People Analytics Specialist,3.6,0.0,3.0,39.0,5.0,11.0,Engineering,L3,"Montreal, QC",1.7,4,High,Medium,Significant Gap
E0384,R002,Senior People Analytics Analyst,12.2,0.0,10.4,41.0,6.0,9.0,Engineering,L3,"Montreal, QC",1.7,4,High,Medium,Significant Gap
E0384,R003,Talent Intelligence Analyst,17.3,0.0,14.7,31.0,5.0,8.0,Engineering,L3,"Montreal, QC",1.7,4,High,Medium,Significant Gap
E0384,R004,Workforce Planning Analyst,13.3,0.0,11.3,32.0,4.0,7.0,Engineering,L3,"Montreal, QC",1.7,4,High,Medium,Significant Gap
E0384,R005,HR Data Analyst,13.3,0.0,11.3,23.0,4.0,6.0,Engineering,L3,"Montreal, QC",1.7,4,High,Medium,Significant Gap
E0384,R006,People Analytics Manager,9.3,0.0,7.9,47.0,5.0,9.0,Engineering,L3,"Montreal, QC",1.7,4,High,Medium,Significant Gap
E0384,R007,HRIS & People Data Specialist,12.0,0.0,10.2,33.0,5.0,8.0,Engineering,L3,"Montreal, QC",1.7,4,High,Medium,Significant Gap
E0384,R008,Talent Management Analytics Specialist,12.5,0.0,10.6,32.0,4.0,8.0,Engineering,L3,"Montreal, QC",1.7,4,High,Medium,Significant Gap
E0385,R001,People Analytics Specialist,15.5,0.0,13.2,34.0,5.0,9.0,Sales,L2,Remote - Canada,4.6,4,Solid,Low,Significant Gap
E0385,R002,Senior People Analytics Analyst,6.7,0.0,5.7,44.0,6.0,10.0,Sales,L2,Remote - Canada,4.6,4,Solid,Low,Significant Gap
E0385,R003,Talent Intelligence Analyst,4.6,0.0,3.9,37.0,5.0,10.0,Sales,L2,Remote - Canada,4.6,4,Solid,Low,Significant Gap
E0385,R004,Workforce Planning Analyst,21.0,0.0,17.8,29.0,4.0,6.0,Sales,L2,Remote - Canada,4.6,4,Solid,Low,Significant Gap
E0385,R005,HR Data Analyst,21.7,0.0,18.4,22.0,4.0,6.0,Sales,L2,Remote - Canada,4.6,4,Solid,Low,Significant Gap
E0385,R006,People Analytics Manager,11.0,0.0,9.4,46.0,5.0,9.0,Sales,L2,Remote - Canada,4.6,4,Solid,Low,Significant Gap
E0385,R007,HRIS & People Data Specialist,12.3,0.0,10.5,33.0,5.0,8.0,Sales,L2,Remote - Canada,4.6,4,Solid,Low,Significant Gap
E0385,R008,Talent Management Analytics Specialist,2.8,0.0,2.4,36.0,4.0,9.0,Sales,L2,Remote - Canada,4.6,4,Solid,Low,Significant Gap
E0386,R001,People Analytics Specialist,20.8,20.0,20.7,34.0,4.0,9.0,Operations,L1,"Calgary, AB",1.9,3,High,Medium,Significant Gap
E0386,R002,Senior People Analytics Analyst,20.8,0.0,17.7,38.0,6.0,8.0,Operations,L1,"Calgary, AB",1.9,3,High,Medium,Significant Gap
E0386,R003,Talent Intelligence Analyst,5.1,0.0,4.4,37.0,5.0,10.0,Operations,L1,"Calgary, AB",1.9,3,High,Medium,Significant Gap
E0386,R004,Workforce Planning Analyst,37.8,25.0,35.9,24.0,3.0,5.0,Operations,L1,"Calgary, AB",1.9,3,High,Medium,Significant Gap
E0386,R005,HR Data Analyst,21.7,25.0,22.2,24.0,3.0,7.0,Operations,L1,"Calgary, AB",1.9,3,High,Medium,Significant Gap
E0386,R006,People Analytics Manager,24.1,0.0,20.5,40.0,5.0,7.0,Operations,L1,"Calgary, AB",1.9,3,High,Medium,Significant Gap
E0386,R007,HRIS & People Data Specialist,21.4,0.0,18.2,28.0,5.0,6.0,Operations,L1,"Calgary, AB",1.9,3,High,Medium,Significant Gap
E0386,R008,Talent Management Analytics Specialist,4.2,0.0,3.5,35.0,4.0,9.0,Operations,L1,"Calgary, AB",1.9,3,High,Medium,Significant Gap
E0387,R001,People Analytics Specialist,34.8,40.0,35.6,28.0,3.0,7.0,Engineering,L4,"Toronto, ON",5.4,2,Solid,Low,Significant Gap
E0387,R002,Senior People Analytics Analyst,40.5,16.7,36.9,29.0,5.0,5.0,Engineering,L4,"Toronto, ON",5.4,2,Solid,Low,Significant Gap
E0387,R003,Talent Intelligence Analyst,30.8,0.0,26.2,26.0,5.0,6.0,Engineering,L4,"Toronto, ON",5.4,2,Solid,Low,Significant Gap
E0387,R004,Workforce Planning Analyst,31.9,0.0,27.2,24.0,4.0,5.0,Engineering,L4,"Toronto, ON",5.4,2,Solid,Low,Significant Gap
E0387,R005,HR Data Analyst,28.3,25.0,27.8,21.0,3.0,4.0,Engineering,L4,"Toronto, ON",5.4,2,Solid,Low,Significant Gap
E0387,R006,People Analytics Manager,40.3,0.0,34.3,32.0,5.0,5.0,Engineering,L4,"Toronto, ON",5.4,2,Solid,Low,Significant Gap
E0387,R007,HRIS & People Data Specialist,20.3,0.0,17.2,29.0,5.0,6.0,Engineering,L4,"Toronto, ON",5.4,2,Solid,Low,Significant Gap
E0387,R008,Talent Management Analytics Specialist,10.4,0.0,8.9,32.0,4.0,8.0,Engineering,L4,"Toronto, ON",5.4,2,Solid,Low,Significant Gap
E0388,R001,People Analytics Specialist,47.3,20.0,43.2,23.0,4.0,5.0,Engineering,L4,"Montreal, QC",8.7,5,Solid,Medium,Significant Gap
E0388,R002,Senior People Analytics Analyst,56.8,16.7,50.8,20.0,5.0,3.0,Engineering,L4,"Montreal, QC",8.7,5,Solid,Medium,Significant Gap
E0388,R003,Talent Intelligence Analyst,25.6,0.0,21.8,28.0,5.0,7.0,Engineering,L4,"Montreal, QC",8.7,5,Solid,Medium,Significant Gap
E0388,R004,Workforce Planning Analyst,28.5,0.0,24.2,26.0,4.0,5.0,Engineering,L4,"Montreal, QC",8.7,5,Solid,Medium,Significant Gap
E0388,R005,HR Data Analyst,45.4,25.0,42.4,17.0,3.0,4.0,Engineering,L4,"Montreal, QC",8.7,5,Solid,Medium,Significant Gap
E0388,R006,People Analytics Manager,41.0,0.0,34.9,31.0,5.0,5.0,Engineering,L4,"Montreal, QC",8.7,5,Solid,Medium,Significant Gap
E0388,R007,HRIS & People Data Specialist,51.4,20.0,46.7,19.0,4.0,4.0,Engineering,L4,"Montreal, QC",8.7,5,Solid,Medium,Significant Gap
E0388,R008,Talent Management Analytics Specialist,6.2,0.0,5.3,34.0,4.0,9.0,Engineering,L4,"Montreal, QC",8.7,5,Solid,Medium,Significant Gap
E0389,R001,People Analytics Specialist,27.4,20.0,26.3,28.0,4.0,7.0,Customer Success,L4,"Calgary, AB",3.5,2,High,High,Significant Gap
E0389,R002,Senior People Analytics Analyst,22.2,0.0,18.8,37.0,6.0,9.0,Customer Success,L4,"Calgary, AB",3.5,2,High,High,Significant Gap
E0389,R003,Talent Intelligence Analyst,15.4,0.0,13.1,33.0,5.0,9.0,Customer Success,L4,"Calgary, AB",3.5,2,High,High,Significant Gap
E0389,R004,Workforce Planning Analyst,27.1,0.0,23.0,26.0,4.0,6.0,Customer Success,L4,"Calgary, AB",3.5,2,High,High,Significant Gap
E0389,R005,HR Data Analyst,8.8,0.0,7.4,26.0,4.0,7.0,Customer Success,L4,"Calgary, AB",3.5,2,High,High,Significant Gap
E0389,R006,People Analytics Manager,30.0,20.0,28.5,37.0,4.0,7.0,Customer Success,L4,"Calgary, AB",3.5,2,High,High,Significant Gap
E0389,R007,HRIS & People Data Specialist,9.1,0.0,7.7,32.0,5.0,7.0,Customer Success,L4,"Calgary, AB",3.5,2,High,High,Significant Gap
E0389,R008,Talent Management Analytics Specialist,6.2,0.0,5.3,34.0,4.0,9.0,Customer Success,L4,"Calgary, AB",3.5,2,High,High,Significant Gap
E0390,R001,People Analytics Specialist,11.9,0.0,10.1,36.0,5.0,9.0,Engineering,L2,"Calgary, AB",1.3,3,High,Medium,Significant Gap
E0390,R002,Senior People Analytics Analyst,24.4,0.0,20.8,36.0,6.0,7.0,Engineering,L2,"Calgary, AB",1.3,3,High,Medium,Significant Gap
E0390,R003,Talent Intelligence Analyst,24.4,0.0,20.7,28.0,5.0,7.0,Engineering,L2,"Calgary, AB",1.3,3,High,Medium,Significant Gap
E0390,R004,Workforce Planning Analyst,11.8,0.0,10.0,33.0,4.0,7.0,Engineering,L2,"Calgary, AB",1.3,3,High,Medium,Significant Gap
E0390,R005,HR Data Analyst,15.8,0.0,13.5,24.0,4.0,6.0,Engineering,L2,"Calgary, AB",1.3,3,High,Medium,Significant Gap
E0390,R006,People Analytics Manager,14.5,0.0,12.3,44.0,5.0,8.0,Engineering,L2,"Calgary, AB",1.3,3,High,Medium,Significant Gap
E0390,R007,HRIS & People Data Specialist,26.8,0.0,22.8,26.0,5.0,5.0,Engineering,L2,"Calgary, AB",1.3,3,High,Medium,Significant Gap
E0390,R008,Talent Management Analytics Specialist,4.2,0.0,3.5,35.0,4.0,9.0,Engineering,L2,"Calgary, AB",1.3,3,High,Medium,Significant Gap
E0391,R001,People Analytics Specialist,3.6,0.0,3.0,39.0,5.0,11.0,Engineering,L1,"Ottawa, ON",3.6,4,High,Low,Significant Gap
E0391,R002,Senior People Analytics Analyst,16.7,0.0,14.2,40.0,6.0,9.0,Engineering,L1,"Ottawa, ON",3.6,4,High,Low,Significant Gap
E0391,R003,Talent Intelligence Analyst,11.5,0.0,9.8,33.0,5.0,9.0,Engineering,L1,"Ottawa, ON",3.6,4,High,Low,Significant Gap
E0391,R004,Workforce Planning Analyst,4.2,0.0,3.5,36.0,4.0,9.0,Engineering,L1,"Ottawa, ON",3.6,4,High,Low,Significant Gap
E0391,R005,HR Data Analyst,16.7,0.0,14.2,23.0,4.0,6.0,Engineering,L1,"Ottawa, ON",3.6,4,High,Low,Significant Gap
E0391,R006,People Analytics Manager,8.6,0.0,7.3,47.0,5.0,10.0,Engineering,L1,"Ottawa, ON",3.6,4,High,Low,Significant Gap
E0391,R007,HRIS & People Data Specialist,18.5,0.0,15.7,30.0,5.0,7.0,Engineering,L1,"Ottawa, ON",3.6,4,High,Low,Significant Gap
E0391,R008,Talent Management Analytics Specialist,2.1,0.0,1.8,36.0,4.0,9.0,Engineering,L1,"Ottawa, ON",3.6,4,High,Low,Significant Gap
E0392,R001,People Analytics Specialist,25.9,20.0,25.0,32.0,4.0,9.0,Engineering,L4,"Ottawa, ON",7.2,3,Solid,Medium,Significant Gap
E0392,R002,Senior People Analytics Analyst,36.6,0.0,31.1,31.0,6.0,6.0,Engineering,L4,"Ottawa, ON",7.2,3,Solid,Medium,Significant Gap
E0392,R003,Talent Intelligence Analyst,30.8,0.0,26.2,27.0,5.0,7.0,Engineering,L4,"Ottawa, ON",7.2,3,Solid,Medium,Significant Gap
E0392,R004,Workforce Planning Analyst,22.9,0.0,19.5,28.0,4.0,7.0,Engineering,L4,"Ottawa, ON",7.2,3,Solid,Medium,Significant Gap
E0392,R005,HR Data Analyst,21.7,25.0,22.2,23.0,3.0,6.0,Engineering,L4,"Ottawa, ON",7.2,3,Solid,Medium,Significant Gap
E0392,R006,People Analytics Manager,36.2,0.0,30.8,34.0,5.0,6.0,Engineering,L4,"Ottawa, ON",7.2,3,Solid,Medium,Significant Gap
E0392,R007,HRIS & People Data Specialist,17.4,0.0,14.8,30.0,5.0,7.0,Engineering,L4,"Ottawa, ON",7.2,3,Solid,Medium,Significant Gap
E0392,R008,Talent Management Analytics Specialist,10.4,0.0,8.9,32.0,4.0,8.0,Engineering,L4,"Ottawa, ON",7.2,3,Solid,Medium,Significant Gap
E0393,R001,People Analytics Specialist,14.9,0.0,12.6,35.0,5.0,9.0,Finance,L2,"Montreal, QC",7.6,3,Solid,Medium,Significant Gap
E0393,R002,Senior People Analytics Analyst,11.7,0.0,9.9,43.0,6.0,9.0,Finance,L2,"Montreal, QC",7.6,3,Solid,Medium,Significant Gap
E0393,R003,Talent Intelligence Analyst,17.2,0.0,14.6,32.0,5.0,8.0,Finance,L2,"Montreal, QC",7.6,3,Solid,Medium,Significant Gap
E0393,R004,Workforce Planning Analyst,28.1,0.0,23.8,27.0,4.0,4.0,Finance,L2,"Montreal, QC",7.6,3,Solid,Medium,Significant Gap
E0393,R005,HR Data Analyst,0.0,0.0,0.0,29.0,4.0,9.0,Finance,L2,"Montreal, QC",7.6,3,Solid,Medium,Significant Gap
E0393,R006,People Analytics Manager,14.8,0.0,12.6,44.0,5.0,8.0,Finance,L2,"Montreal, QC",7.6,3,Solid,Medium,Significant Gap
E0393,R007,HRIS & People Data Specialist,4.3,0.0,3.7,34.0,5.0,8.0,Finance,L2,"Montreal, QC",7.6,3,Solid,Medium,Significant Gap
E0393,R008,Talent Management Analytics Specialist,9.7,0.0,8.3,33.0,4.0,8.0,Finance,L2,"Montreal, QC",7.6,3,Solid,Medium,Significant Gap
E0394,R001,People Analytics Specialist,27.1,0.0,23.0,30.0,5.0,7.0,Legal & Compliance,L4,Remote - Canada,2.0,5,Developing,Medium,Significant Gap
E0394,R002,Senior People Analytics Analyst,32.9,16.7,30.5,32.0,5.0,6.0,Legal & Compliance,L4,Remote - Canada,2.0,5,Developing,Medium,Significant Gap
E0394,R003,Talent Intelligence Analyst,21.2,0.0,18.0,31.0,5.0,7.0,Legal & Compliance,L4,Remote - Canada,2.0,5,Developing,Medium,Significant Gap
E0394,R004,Workforce Planning Analyst,27.8,0.0,23.6,26.0,4.0,6.0,Legal & Compliance,L4,Remote - Canada,2.0,5,Developing,Medium,Significant Gap
E0394,R005,HR Data Analyst,17.5,0.0,14.9,23.0,4.0,6.0,Legal & Compliance,L4,Remote - Canada,2.0,5,Developing,Medium,Significant Gap
E0394,R006,People Analytics Manager,40.7,40.0,40.6,31.0,3.0,6.0,Legal & Compliance,L4,Remote - Canada,2.0,5,Developing,Medium,Significant Gap
E0394,R007,HRIS & People Data Specialist,20.3,0.0,17.2,28.0,5.0,6.0,Legal & Compliance,L4,Remote - Canada,2.0,5,Developing,Medium,Significant Gap
E0394,R008,Talent Management Analytics Specialist,15.6,0.0,13.3,30.0,4.0,7.0,Legal & Compliance,L4,Remote - Canada,2.0,5,Developing,Medium,Significant Gap
E0395,R001,People Analytics Specialist,20.8,20.0,20.7,33.0,4.0,9.0,Engineering,L2,"Calgary, AB",6.6,4,High,Low,Significant Gap
E0395,R002,Senior People Analytics Analyst,24.2,0.0,20.5,37.0,6.0,8.0,Engineering,L2,"Calgary, AB",6.6,4,High,Low,Significant Gap
E0395,R003,Talent Intelligence Analyst,30.4,0.0,25.9,26.0,5.0,6.0,Engineering,L2,"Calgary, AB",6.6,4,High,Low,Significant Gap
E0395,R004,Workforce Planning Analyst,19.2,0.0,16.3,29.0,4.0,6.0,Engineering,L2,"Calgary, AB",6.6,4,High,Low,Significant Gap
E0395,R005,HR Data Analyst,22.5,25.0,22.9,23.0,3.0,7.0,Engineering,L2,"Calgary, AB",6.6,4,High,Low,Significant Gap
E0395,R006,People Analytics Manager,19.0,0.0,16.1,43.0,5.0,8.0,Engineering,L2,"Calgary, AB",6.6,4,High,Low,Significant Gap
E0395,R007,HRIS & People Data Specialist,12.7,0.0,10.8,32.0,5.0,8.0,Engineering,L2,"Calgary, AB",6.6,4,High,Low,Significant Gap
E0395,R008,Talent Management Analytics Specialist,4.2,0.0,3.5,35.0,4.0,9.0,Engineering,L2,"Calgary, AB",6.6,4,High,Low,Significant Gap
E0396,R001,People Analytics Specialist,20.2,20.0,20.2,34.0,4.0,9.0,Engineering,L2,"Vancouver, BC",5.4,4,Solid,Medium,Significant Gap
E0396,R002,Senior People Analytics Analyst,21.4,0.0,18.2,39.0,6.0,8.0,Engineering,L2,"Vancouver, BC",5.4,4,Solid,Medium,Significant Gap
E0396,R003,Talent Intelligence Analyst,24.4,0.0,20.7,28.0,5.0,7.0,Engineering,L2,"Vancouver, BC",5.4,4,Solid,Medium,Significant Gap
E0396,R004,Workforce Planning Analyst,4.2,0.0,3.5,36.0,4.0,9.0,Engineering,L2,"Vancouver, BC",5.4,4,Solid,Medium,Significant Gap
E0396,R005,HR Data Analyst,25.8,25.0,25.7,23.0,3.0,6.0,Engineering,L2,"Vancouver, BC",5.4,4,Solid,Medium,Significant Gap
E0396,R006,People Analytics Manager,17.9,0.0,15.2,43.0,5.0,8.0,Engineering,L2,"Vancouver, BC",5.4,4,Solid,Medium,Significant Gap
E0396,R007,HRIS & People Data Specialist,26.8,0.0,22.8,26.0,5.0,5.0,Engineering,L2,"Vancouver, BC",5.4,4,Solid,Medium,Significant Gap
E0396,R008,Talent Management Analytics Specialist,4.2,0.0,3.5,35.0,4.0,9.0,Engineering,L2,"Vancouver, BC",5.4,4,Solid,Medium,Significant Gap
E0397,R001,People Analytics Specialist,35.1,20.0,32.9,27.0,4.0,6.0,Marketing,L3,"Toronto, ON",4.9,5,Developing,High,Significant Gap
E0397,R002,Senior People Analytics Analyst,27.2,0.0,23.1,35.0,6.0,7.0,Marketing,L3,"Toronto, ON",4.9,5,Developing,High,Significant Gap
E0397,R003,Talent Intelligence Analyst,17.9,0.0,15.3,32.0,5.0,8.0,Marketing,L3,"Toronto, ON",4.9,5,Developing,High,Significant Gap
E0397,R004,Workforce Planning Analyst,32.6,0.0,27.7,25.0,4.0,4.0,Marketing,L3,"Toronto, ON",4.9,5,Developing,High,Significant Gap
E0397,R005,HR Data Analyst,12.5,0.0,10.6,25.0,4.0,7.0,Marketing,L3,"Toronto, ON",4.9,5,Developing,High,Significant Gap
E0397,R006,People Analytics Manager,21.7,0.0,18.5,41.0,5.0,8.0,Marketing,L3,"Toronto, ON",4.9,5,Developing,High,Significant Gap
E0397,R007,HRIS & People Data Specialist,13.0,0.0,11.1,31.0,5.0,8.0,Marketing,L3,"Toronto, ON",4.9,5,Developing,High,Significant Gap
E0397,R008,Talent Management Analytics Specialist,9.0,0.0,7.7,33.0,4.0,8.0,Marketing,L3,"Toronto, ON",4.9,5,Developing,High,Significant Gap
E0398,R001,People Analytics Specialist,23.5,0.0,20.0,31.0,5.0,8.0,Sales,L4,"Toronto, ON",0.3,4,Developing,Medium,Significant Gap
E0398,R002,Senior People Analytics Analyst,21.0,16.7,20.3,38.0,5.0,9.0,Sales,L4,"Toronto, ON",0.3,4,Developing,Medium,Significant Gap
E0398,R003,Talent Intelligence Analyst,15.4,0.0,13.1,33.0,5.0,9.0,Sales,L4,"Toronto, ON",0.3,4,Developing,Medium,Significant Gap
E0398,R004,Workforce Planning Analyst,27.1,0.0,23.0,26.0,4.0,6.0,Sales,L4,"Toronto, ON",0.3,4,Developing,Medium,Significant Gap
E0398,R005,HR Data Analyst,12.5,0.0,10.6,25.0,4.0,7.0,Sales,L4,"Toronto, ON",0.3,4,Developing,Medium,Significant Gap
E0398,R006,People Analytics Manager,32.8,0.0,27.8,35.0,5.0,7.0,Sales,L4,"Toronto, ON",0.3,4,Developing,Medium,Significant Gap
E0398,R007,HRIS & People Data Specialist,15.2,0.0,12.9,29.0,5.0,7.0,Sales,L4,"Toronto, ON",0.3,4,Developing,Medium,Significant Gap
E0398,R008,Talent Management Analytics Specialist,13.9,0.0,11.8,31.0,4.0,8.0,Sales,L4,"Toronto, ON",0.3,4,Developing,Medium,Significant Gap
E0399,R001,People Analytics Specialist,17.0,0.0,14.4,34.0,5.0,7.0,Marketing,L2,Remote - Canada,2.1,3,High,Medium,Significant Gap
E0399,R002,Senior People Analytics Analyst,13.5,0.0,11.5,42.0,6.0,8.0,Marketing,L2,Remote - Canada,2.1,3,High,Medium,Significant Gap
E0399,R003,Talent Intelligence Analyst,15.6,0.0,13.3,32.0,5.0,7.0,Marketing,L2,Remote - Canada,2.1,3,High,Medium,Significant Gap
E0399,R004,Workforce Planning Analyst,12.5,0.0,10.6,33.0,4.0,6.0,Marketing,L2,Remote - Canada,2.1,3,High,Medium,Significant Gap
E0399,R005,HR Data Analyst,7.5,0.0,6.4,26.0,4.0,7.0,Marketing,L2,Remote - Canada,2.1,3,High,Medium,Significant Gap
E0399,R006,People Analytics Manager,10.0,0.0,8.5,47.0,5.0,8.0,Marketing,L2,Remote - Canada,2.1,3,High,Medium,Significant Gap
E0399,R007,HRIS & People Data Specialist,8.7,0.0,7.4,33.0,5.0,7.0,Marketing,L2,Remote - Canada,2.1,3,High,Medium,Significant Gap
E0399,R008,Talent Management Analytics Specialist,7.6,0.0,6.5,34.0,4.0,8.0,Marketing,L2,Remote - Canada,2.1,3,High,Medium,Significant Gap
E0400,R001,People Analytics Specialist,17.9,0.0,15.2,33.0,5.0,9.0,Operations,L3,"Vancouver, BC",1.0,3,High,High,Significant Gap
E0400,R002,Senior People Analytics Analyst,5.0,0.0,4.2,45.0,6.0,10.0,Operations,L3,"Vancouver, BC",1.0,3,High,High,Significant Gap
E0400,R003,Talent Intelligence Analyst,0.0,0.0,0.0,39.0,5.0,11.0,Operations,L3,"Vancouver, BC",1.0,3,High,High,Significant Gap
E0400,R004,Workforce Planning Analyst,23.3,0.0,19.8,29.0,4.0,5.0,Operations,L3,"Vancouver, BC",1.0,3,High,High,Significant Gap
E0400,R005,HR Data Analyst,29.2,25.0,28.5,20.0,3.0,6.0,Operations,L3,"Vancouver, BC",1.0,3,High,High,Significant Gap
E0400,R006,People Analytics Manager,9.0,0.0,7.6,47.0,5.0,9.0,Operations,L3,"Vancouver, BC",1.0,3,High,High,Significant Gap
E0400,R007,HRIS & People Data Specialist,21.7,20.0,21.5,29.0,4.0,7.0,Operations,L3,"Vancouver, BC",1.0,3,High,High,Significant Gap
E0400,R008,Talent Management Analytics Specialist,0.0,0.0,0.0,37.0,4.0,10.0,Operations,L3,"Vancouver, BC",1.0,3,High,High,Significant Gap
E0401,R001,People Analytics Specialist,22.9,0.0,19.5,31.0,5.0,8.0,Engineering,L6,"Toronto, ON",5.3,3,Developing,High,Significant Gap
E0401,R002,Senior People Analytics Analyst,32.1,16.7,29.8,33.0,5.0,7.0,Engineering,L6,"Toronto, ON",5.3,3,Developing,High,Significant Gap
E0401,R003,Talent Intelligence Analyst,34.6,0.0,29.4,24.0,5.0,6.0,Engineering,L6,"Toronto, ON",5.3,3,Developing,High,Significant Gap
E0401,R004,Workforce Planning Analyst,29.2,0.0,24.8,25.0,4.0,6.0,Engineering,L6,"Toronto, ON",5.3,3,Developing,High,Significant Gap
E0401,R005,HR Data Analyst,17.9,0.0,15.2,23.0,4.0,6.0,Engineering,L6,"Toronto, ON",5.3,3,Developing,High,Significant Gap
E0401,R006,People Analytics Manager,32.8,0.0,27.8,35.0,5.0,6.0,Engineering,L6,"Toronto, ON",5.3,3,Developing,High,Significant Gap
E0401,R007,HRIS & People Data Specialist,17.0,0.0,14.5,29.0,5.0,6.0,Engineering,L6,"Toronto, ON",5.3,3,Developing,High,Significant Gap
E0401,R008,Talent Management Analytics Specialist,8.3,0.0,7.1,33.0,4.0,9.0,Engineering,L6,"Toronto, ON",5.3,3,Developing,High,Significant Gap
E0402,R001,People Analytics Specialist,36.0,20.0,33.6,28.0,4.0,6.0,Human Resources,L3,"Ottawa, ON",6.4,4,High,Medium,Significant Gap
E0402,R002,Senior People Analytics Analyst,28.3,0.0,24.1,35.0,6.0,6.0,Human Resources,L3,"Ottawa, ON",6.4,4,High,Medium,Significant Gap
E0402,R003,Talent Intelligence Analyst,15.7,0.0,13.3,33.0,5.0,8.0,Human Resources,L3,"Ottawa, ON",6.4,4,High,Medium,Significant Gap
E0402,R004,Workforce Planning Analyst,26.9,0.0,22.9,27.0,4.0,5.0,Human Resources,L3,"Ottawa, ON",6.4,4,High,Medium,Significant Gap
E0402,R005,HR Data Analyst,53.8,50.0,53.2,16.0,2.0,4.0,Human Resources,L3,"Ottawa, ON",6.4,4,High,Medium,Significant Gap
E0402,R006,People Analytics Manager,32.4,0.0,27.6,36.0,5.0,5.0,Human Resources,L3,"Ottawa, ON",6.4,4,High,Medium,Significant Gap
E0402,R007,HRIS & People Data Specialist,43.3,0.0,36.8,21.0,5.0,4.0,Human Resources,L3,"Ottawa, ON",6.4,4,High,Medium,Significant Gap
E0402,R008,Talent Management Analytics Specialist,12.8,0.0,10.9,32.0,4.0,7.0,Human Resources,L3,"Ottawa, ON",6.4,4,High,Medium,Significant Gap
E0403,R001,People Analytics Specialist,21.4,0.0,18.2,33.0,5.0,7.0,Human Resources,L3,"Toronto, ON",2.5,3,Solid,Low,Significant Gap
E0403,R002,Senior People Analytics Analyst,16.5,0.0,14.0,41.0,6.0,8.0,Human Resources,L3,"Toronto, ON",2.5,3,Solid,Low,Significant Gap
E0403,R003,Talent Intelligence Analyst,10.6,0.0,9.0,35.0,5.0,8.0,Human Resources,L3,"Toronto, ON",2.5,3,Solid,Low,Significant Gap
E0403,R004,Workforce Planning Analyst,25.3,0.0,21.5,28.0,4.0,5.0,Human Resources,L3,"Toronto, ON",2.5,3,Solid,Low,Significant Gap
E0403,R005,HR Data Analyst,35.0,25.0,33.5,21.0,3.0,5.0,Human Resources,L3,"Toronto, ON",2.5,3,Solid,Low,Significant Gap
E0403,R006,People Analytics Manager,22.9,0.0,19.4,40.0,5.0,7.0,Human Resources,L3,"Toronto, ON",2.5,3,Solid,Low,Significant Gap
E0403,R007,HRIS & People Data Specialist,25.4,0.0,21.6,26.0,5.0,5.0,Human Resources,L3,"Toronto, ON",2.5,3,Solid,Low,Significant Gap
E0403,R008,Talent Management Analytics Specialist,7.6,0.0,6.5,34.0,4.0,8.0,Human Resources,L3,"Toronto, ON",2.5,3,Solid,Low,Significant Gap
E0404,R001,People Analytics Specialist,8.9,0.0,7.6,37.0,5.0,9.0,Operations,L2,"Calgary, AB",6.4,3,High,Medium,Significant Gap
E0404,R002,Senior People Analytics Analyst,2.5,0.0,2.1,47.0,6.0,11.0,Operations,L2,"Calgary, AB",6.4,3,High,Medium,Significant Gap
E0404,R003,Talent Intelligence Analyst,2.6,0.0,2.2,38.0,5.0,10.0,Operations,L2,"Calgary, AB",6.4,3,High,Medium,Significant Gap
E0404,R004,Workforce Planning Analyst,19.8,25.0,20.6,31.0,3.0,6.0,Operations,L2,"Calgary, AB",6.4,3,High,Medium,Significant Gap
E0404,R005,HR Data Analyst,13.3,0.0,11.3,24.0,4.0,6.0,Operations,L2,"Calgary, AB",6.4,3,High,Medium,Significant Gap
E0404,R006,People Analytics Manager,5.5,0.0,4.7,49.0,5.0,10.0,Operations,L2,"Calgary, AB",6.4,3,High,Medium,Significant Gap
E0404,R007,HRIS & People Data Specialist,10.9,0.0,9.2,32.0,5.0,7.0,Operations,L2,"Calgary, AB",6.4,3,High,Medium,Significant Gap
E0404,R008,Talent Management Analytics Specialist,6.2,0.0,5.3,34.0,4.0,8.0,Operations,L2,"Calgary, AB",6.4,3,High,Medium,Significant Gap
E0405,R001,People Analytics Specialist,20.8,20.0,20.7,32.0,4.0,9.0,Operations,L3,"Toronto, ON",5.9,3,Developing,Medium,Significant Gap
E0405,R002,Senior People Analytics Analyst,15.0,0.0,12.8,40.0,6.0,9.0,Operations,L3,"Toronto, ON",5.9,3,Developing,Medium,Significant Gap
E0405,R003,Talent Intelligence Analyst,5.1,0.0,4.4,37.0,5.0,10.0,Operations,L3,"Toronto, ON",5.9,3,Developing,Medium,Significant Gap
E0405,R004,Workforce Planning Analyst,32.3,0.0,27.4,25.0,4.0,5.0,Operations,L3,"Toronto, ON",5.9,3,Developing,Medium,Significant Gap
E0405,R005,HR Data Analyst,17.5,0.0,14.9,23.0,4.0,7.0,Operations,L3,"Toronto, ON",5.9,3,Developing,Medium,Significant Gap
E0405,R006,People Analytics Manager,20.3,0.0,17.3,41.0,5.0,8.0,Operations,L3,"Toronto, ON",5.9,3,Developing,Medium,Significant Gap
E0405,R007,HRIS & People Data Specialist,15.9,0.0,13.6,29.0,5.0,7.0,Operations,L3,"Toronto, ON",5.9,3,Developing,Medium,Significant Gap
E0405,R008,Talent Management Analytics Specialist,4.2,0.0,3.5,35.0,4.0,9.0,Operations,L3,"Toronto, ON",5.9,3,Developing,Medium,Significant Gap
E0406,R001,People Analytics Specialist,21.4,20.0,21.2,33.0,4.0,9.0,Human Resources,L1,"Toronto, ON",2.4,2,Solid,Low,Significant Gap
E0406,R002,Senior People Analytics Analyst,14.7,0.0,12.5,40.0,6.0,9.0,Human Resources,L1,"Toronto, ON",2.4,2,Solid,Low,Significant Gap
E0406,R003,Talent Intelligence Analyst,18.6,0.0,15.8,32.0,5.0,8.0,Human Resources,L1,"Toronto, ON",2.4,2,Solid,Low,Significant Gap
E0406,R004,Workforce Planning Analyst,18.1,0.0,15.3,31.0,4.0,7.0,Human Resources,L1,"Toronto, ON",2.4,2,Solid,Low,Significant Gap
E0406,R005,HR Data Analyst,23.3,25.0,23.6,22.0,3.0,6.0,Human Resources,L1,"Toronto, ON",2.4,2,Solid,Low,Significant Gap
E0406,R006,People Analytics Manager,22.8,0.0,19.3,40.0,5.0,7.0,Human Resources,L1,"Toronto, ON",2.4,2,Solid,Low,Significant Gap
E0406,R007,HRIS & People Data Specialist,19.1,0.0,16.3,29.0,5.0,7.0,Human Resources,L1,"Toronto, ON",2.4,2,Solid,Low,Significant Gap
E0406,R008,Talent Management Analytics Specialist,32.2,0.0,27.4,25.0,4.0,5.0,Human Resources,L1,"Toronto, ON",2.4,2,Solid,Low,Significant Gap
E0407,R001,People Analytics Specialist,0.0,0.0,0.0,41.0,5.0,12.0,Engineering,L3,"Calgary, AB",1.6,5,Solid,High,Significant Gap
E0407,R002,Senior People Analytics Analyst,15.0,0.0,12.8,40.0,6.0,9.0,Engineering,L3,"Calgary, AB",1.6,5,Solid,High,Significant Gap
E0407,R003,Talent Intelligence Analyst,16.7,0.0,14.2,31.0,5.0,8.0,Engineering,L3,"Calgary, AB",1.6,5,Solid,High,Significant Gap
E0407,R004,Workforce Planning Analyst,4.2,0.0,3.5,36.0,4.0,9.0,Engineering,L3,"Calgary, AB",1.6,5,Solid,High,Significant Gap
E0407,R005,HR Data Analyst,1.7,0.0,1.4,28.0,4.0,8.0,Engineering,L3,"Calgary, AB",1.6,5,Solid,High,Significant Gap
E0407,R006,People Analytics Manager,5.9,0.0,5.0,49.0,5.0,10.0,Engineering,L3,"Calgary, AB",1.6,5,Solid,High,Significant Gap
E0407,R007,HRIS & People Data Specialist,10.1,0.0,8.6,33.0,5.0,8.0,Engineering,L3,"Calgary, AB",1.6,5,Solid,High,Significant Gap
E0407,R008,Talent Management Analytics Specialist,2.1,0.0,1.8,36.0,4.0,9.0,Engineering,L3,"Calgary, AB",1.6,5,Solid,High,Significant Gap
E0408,R001,People Analytics Specialist,14.3,0.0,12.1,35.0,5.0,9.0,Customer Success,L1,"Toronto, ON",1.3,3,High,High,Significant Gap
E0408,R002,Senior People Analytics Analyst,17.3,0.0,14.7,38.0,6.0,8.0,Customer Success,L1,"Toronto, ON",1.3,3,High,High,Significant Gap
E0408,R003,Talent Intelligence Analyst,5.1,0.0,4.4,37.0,5.0,10.0,Customer Success,L1,"Toronto, ON",1.3,3,High,High,Significant Gap
E0408,R004,Workforce Planning Analyst,23.6,0.0,20.1,28.0,4.0,6.0,Customer Success,L1,"Toronto, ON",1.3,3,High,High,Significant Gap
E0408,R005,HR Data Analyst,16.7,0.0,14.2,22.0,4.0,6.0,Customer Success,L1,"Toronto, ON",1.3,3,High,High,Significant Gap
E0408,R006,People Analytics Manager,17.6,0.0,14.9,43.0,5.0,8.0,Customer Success,L1,"Toronto, ON",1.3,3,High,High,Significant Gap
E0408,R007,HRIS & People Data Specialist,13.0,0.0,11.1,32.0,5.0,7.0,Customer Success,L1,"Toronto, ON",1.3,3,High,High,Significant Gap
E0408,R008,Talent Management Analytics Specialist,6.2,0.0,5.3,34.0,4.0,9.0,Customer Success,L1,"Toronto, ON",1.3,3,High,High,Significant Gap
E0409,R001,People Analytics Specialist,15.5,20.0,16.2,36.0,4.0,10.0,Engineering,L3,"Calgary, AB",5.5,4,Developing,Medium,Significant Gap
E0409,R002,Senior People Analytics Analyst,18.3,16.7,18.1,40.0,5.0,9.0,Engineering,L3,"Calgary, AB",5.5,4,Developing,Medium,Significant Gap
E0409,R003,Talent Intelligence Analyst,19.2,0.0,16.3,30.0,5.0,8.0,Engineering,L3,"Calgary, AB",5.5,4,Developing,Medium,Significant Gap
E0409,R004,Workforce Planning Analyst,2.1,0.0,1.8,37.0,4.0,9.0,Engineering,L3,"Calgary, AB",5.5,4,Developing,Medium,Significant Gap
E0409,R005,HR Data Analyst,22.5,25.0,22.9,24.0,3.0,7.0,Engineering,L3,"Calgary, AB",5.5,4,Developing,Medium,Significant Gap
E0409,R006,People Analytics Manager,10.7,0.0,9.1,47.0,5.0,9.0,Engineering,L3,"Calgary, AB",5.5,4,Developing,Medium,Significant Gap
E0409,R007,HRIS & People Data Specialist,21.0,20.0,20.9,30.0,4.0,7.0,Engineering,L3,"Calgary, AB",5.5,4,Developing,Medium,Significant Gap
E0409,R008,Talent Management Analytics Specialist,0.0,0.0,0.0,37.0,4.0,10.0,Engineering,L3,"Calgary, AB",5.5,4,Developing,Medium,Significant Gap
E0410,R001,People Analytics Specialist,19.0,0.0,16.2,33.0,5.0,8.0,Engineering,L4,"Toronto, ON",1.7,3,Solid,High,Significant Gap
E0410,R002,Senior People Analytics Analyst,30.1,16.7,28.1,33.0,5.0,7.0,Engineering,L4,"Toronto, ON",1.7,3,Solid,High,Significant Gap
E0410,R003,Talent Intelligence Analyst,23.1,0.0,19.6,29.0,5.0,7.0,Engineering,L4,"Toronto, ON",1.7,3,Solid,High,Significant Gap
E0410,R004,Workforce Planning Analyst,24.3,0.0,20.7,27.0,4.0,6.0,Engineering,L4,"Toronto, ON",1.7,3,Solid,High,Significant Gap
E0410,R005,HR Data Analyst,16.7,0.0,14.2,24.0,4.0,6.0,Engineering,L4,"Toronto, ON",1.7,3,Solid,High,Significant Gap
E0410,R006,People Analytics Manager,33.1,20.0,31.1,35.0,4.0,7.0,Engineering,L4,"Toronto, ON",1.7,3,Solid,High,Significant Gap
E0410,R007,HRIS & People Data Specialist,26.1,0.0,22.2,27.0,5.0,6.0,Engineering,L4,"Toronto, ON",1.7,3,Solid,High,Significant Gap
E0410,R008,Talent Management Analytics Specialist,8.3,0.0,7.1,33.0,4.0,9.0,Engineering,L4,"Toronto, ON",1.7,3,Solid,High,Significant Gap
E0411,R001,People Analytics Specialist,9.8,0.0,8.3,37.0,5.0,10.0,Operations,L3,"Ottawa, ON",0.3,4,Solid,High,Significant Gap
E0411,R002,Senior People Analytics Analyst,10.0,0.0,8.5,42.0,6.0,10.0,Operations,L3,"Ottawa, ON",0.3,4,Solid,High,Significant Gap
E0411,R003,Talent Intelligence Analyst,0.0,0.0,0.0,39.0,5.0,11.0,Operations,L3,"Ottawa, ON",0.3,4,Solid,High,Significant Gap
E0411,R004,Workforce Planning Analyst,26.0,0.0,22.1,28.0,4.0,6.0,Operations,L3,"Ottawa, ON",0.3,4,Solid,High,Significant Gap
E0411,R005,HR Data Analyst,12.5,0.0,10.6,25.0,4.0,7.0,Operations,L3,"Ottawa, ON",0.3,4,Solid,High,Significant Gap
E0411,R006,People Analytics Manager,13.1,0.0,11.1,45.0,5.0,9.0,Operations,L3,"Ottawa, ON",0.3,4,Solid,High,Significant Gap
E0411,R007,HRIS & People Data Specialist,10.1,0.0,8.6,33.0,5.0,8.0,Operations,L3,"Ottawa, ON",0.3,4,Solid,High,Significant Gap
E0411,R008,Talent Management Analytics Specialist,0.0,0.0,0.0,37.0,4.0,10.0,Operations,L3,"Ottawa, ON",0.3,4,Solid,High,Significant Gap
E0412,R001,People Analytics Specialist,26.8,20.0,25.8,30.0,4.0,8.0,Legal & Compliance,L5,"Ottawa, ON",4.4,4,High,Medium,Significant Gap
E0412,R002,Senior People Analytics Analyst,38.8,16.7,35.5,30.0,5.0,6.0,Legal & Compliance,L5,"Ottawa, ON",4.4,4,High,Medium,Significant Gap
E0412,R003,Talent Intelligence Analyst,20.5,0.0,17.4,31.0,5.0,8.0,Legal & Compliance,L5,"Ottawa, ON",4.4,4,High,Medium,Significant Gap
E0412,R004,Workforce Planning Analyst,35.4,0.0,30.1,23.0,4.0,5.0,Legal & Compliance,L5,"Ottawa, ON",4.4,4,High,Medium,Significant Gap
E0412,R005,HR Data Analyst,10.8,0.0,9.2,24.0,4.0,6.0,Legal & Compliance,L5,"Ottawa, ON",4.4,4,High,Medium,Significant Gap
E0412,R006,People Analytics Manager,33.4,0.0,28.4,35.0,5.0,6.0,Legal & Compliance,L5,"Ottawa, ON",4.4,4,High,Medium,Significant Gap
E0412,R007,HRIS & People Data Specialist,9.1,0.0,7.7,32.0,5.0,7.0,Legal & Compliance,L5,"Ottawa, ON",4.4,4,High,Medium,Significant Gap
E0412,R008,Talent Management Analytics Specialist,16.7,0.0,14.2,29.0,4.0,8.0,Legal & Compliance,L5,"Ottawa, ON",4.4,4,High,Medium,Significant Gap
E0413,R001,People Analytics Specialist,19.0,20.0,19.2,34.0,4.0,9.0,Engineering,L3,"Ottawa, ON",2.7,3,Solid,High,Significant Gap
E0413,R002,Senior People Analytics Analyst,28.6,0.0,24.3,35.0,6.0,7.0,Engineering,L3,"Ottawa, ON",2.7,3,Solid,High,Significant Gap
E0413,R003,Talent Intelligence Analyst,16.7,0.0,14.2,31.0,5.0,8.0,Engineering,L3,"Ottawa, ON",2.7,3,Solid,High,Significant Gap
E0413,R004,Workforce Planning Analyst,8.3,0.0,7.1,34.0,4.0,8.0,Engineering,L3,"Ottawa, ON",2.7,3,Solid,High,Significant Gap
E0413,R005,HR Data Analyst,31.7,25.0,30.7,19.0,3.0,5.0,Engineering,L3,"Ottawa, ON",2.7,3,Solid,High,Significant Gap
E0413,R006,People Analytics Manager,14.5,0.0,12.3,45.0,5.0,9.0,Engineering,L3,"Ottawa, ON",2.7,3,Solid,High,Significant Gap
E0413,R007,HRIS & People Data Specialist,27.9,0.0,23.7,27.0,5.0,6.0,Engineering,L3,"Ottawa, ON",2.7,3,Solid,High,Significant Gap
E0413,R008,Talent Management Analytics Specialist,10.4,0.0,8.9,32.0,4.0,8.0,Engineering,L3,"Ottawa, ON",2.7,3,Solid,High,Significant Gap
E0414,R001,People Analytics Specialist,22.6,0.0,19.2,31.0,5.0,7.0,Customer Success,L2,"Montreal, QC",5.9,3,High,Low,Significant Gap
E0414,R002,Senior People Analytics Analyst,15.2,0.0,12.9,41.0,6.0,9.0,Customer Success,L2,"Montreal, QC",5.9,3,High,Low,Significant Gap
E0414,R003,Talent Intelligence Analyst,15.4,0.0,13.1,33.0,5.0,9.0,Customer Success,L2,"Montreal, QC",5.9,3,High,Low,Significant Gap
E0414,R004,Workforce Planning Analyst,17.4,0.0,14.8,31.0,4.0,7.0,Customer Success,L2,"Montreal, QC",5.9,3,High,Low,Significant Gap
E0414,R005,HR Data Analyst,8.8,0.0,7.4,26.0,4.0,6.0,Customer Success,L2,"Montreal, QC",5.9,3,High,Low,Significant Gap
E0414,R006,People Analytics Manager,17.6,0.0,14.9,43.0,5.0,8.0,Customer Success,L2,"Montreal, QC",5.9,3,High,Low,Significant Gap
E0414,R007,HRIS & People Data Specialist,13.4,0.0,11.4,30.0,5.0,6.0,Customer Success,L2,"Montreal, QC",5.9,3,High,Low,Significant Gap
E0414,R008,Talent Management Analytics Specialist,8.3,0.0,7.1,33.0,4.0,8.0,Customer Success,L2,"Montreal, QC",5.9,3,High,Low,Significant Gap
E0415,R001,People Analytics Specialist,39.3,20.0,36.4,27.0,4.0,7.0,Human Resources,L5,"Montreal, QC",6.6,3,Solid,Low,Significant Gap
E0415,R002,Senior People Analytics Analyst,37.8,16.7,34.7,30.0,5.0,6.0,Human Resources,L5,"Montreal, QC",6.6,3,Solid,Low,Significant Gap
E0415,R003,Talent Intelligence Analyst,15.4,0.0,13.1,33.0,5.0,9.0,Human Resources,L5,"Montreal, QC",6.6,3,Solid,Low,Significant Gap
E0415,R004,Workforce Planning Analyst,28.5,0.0,24.2,26.0,4.0,6.0,Human Resources,L5,"Montreal, QC",6.6,3,Solid,Low,Significant Gap
E0415,R005,HR Data Analyst,41.2,25.0,38.8,17.0,3.0,4.0,Human Resources,L5,"Montreal, QC",6.6,3,Solid,Low,Significant Gap
E0415,R006,People Analytics Manager,44.1,0.0,37.5,30.0,5.0,4.0,Human Resources,L5,"Montreal, QC",6.6,3,Solid,Low,Significant Gap
E0415,R007,HRIS & People Data Specialist,37.9,0.0,32.2,22.0,5.0,4.0,Human Resources,L5,"Montreal, QC",6.6,3,Solid,Low,Significant Gap
E0415,R008,Talent Management Analytics Specialist,39.4,0.0,33.5,21.0,4.0,4.0,Human Resources,L5,"Montreal, QC",6.6,3,Solid,Low,Significant Gap
E0416,R001,People Analytics Specialist,32.4,0.0,27.6,28.0,5.0,6.0,Human Resources,L3,"Toronto, ON",5.6,2,Solid,High,Significant Gap
E0416,R002,Senior People Analytics Analyst,20.7,0.0,17.6,38.0,6.0,7.0,Human Resources,L3,"Toronto, ON",5.6,2,Solid,High,Significant Gap
E0416,R003,Talent Intelligence Analyst,11.5,20.0,12.8,35.0,4.0,10.0,Human Resources,L3,"Toronto, ON",5.6,2,Solid,High,Significant Gap
E0416,R004,Workforce Planning Analyst,16.0,0.0,13.6,32.0,4.0,7.0,Human Resources,L3,"Toronto, ON",5.6,2,Solid,High,Significant Gap
E0416,R005,HR Data Analyst,52.5,25.0,48.4,14.0,3.0,3.0,Human Resources,L3,"Toronto, ON",5.6,2,Solid,High,Significant Gap
E0416,R006,People Analytics Manager,22.9,0.0,19.4,40.0,5.0,7.0,Human Resources,L3,"Toronto, ON",5.6,2,Solid,High,Significant Gap
E0416,R007,HRIS & People Data Specialist,35.4,0.0,30.1,25.0,5.0,5.0,Human Resources,L3,"Toronto, ON",5.6,2,Solid,High,Significant Gap
E0416,R008,Talent Management Analytics Specialist,32.6,25.0,31.5,25.0,3.0,6.0,Human Resources,L3,"Toronto, ON",5.6,2,Solid,High,Significant Gap
E0417,R001,People Analytics Specialist,26.2,0.0,22.3,30.0,5.0,7.0,Operations,L4,"Ottawa, ON",10.0,4,Developing,Low,Significant Gap
E0417,R002,Senior People Analytics Analyst,24.3,16.7,23.2,36.0,5.0,8.0,Operations,L4,"Ottawa, ON",10.0,4,Developing,Low,Significant Gap
E0417,R003,Talent Intelligence Analyst,15.4,0.0,13.1,33.0,5.0,9.0,Operations,L4,"Ottawa, ON",10.0,4,Developing,Low,Significant Gap
E0417,R004,Workforce Planning Analyst,35.1,0.0,29.8,23.0,4.0,4.0,Operations,L4,"Ottawa, ON",10.0,4,Developing,Low,Significant Gap
E0417,R005,HR Data Analyst,17.5,0.0,14.9,23.0,4.0,5.0,Operations,L4,"Ottawa, ON",10.0,4,Developing,Low,Significant Gap
E0417,R006,People Analytics Manager,34.8,0.0,29.6,34.0,5.0,6.0,Operations,L4,"Ottawa, ON",10.0,4,Developing,Low,Significant Gap
E0417,R007,HRIS & People Data Specialist,16.7,0.0,14.2,29.0,5.0,6.0,Operations,L4,"Ottawa, ON",10.0,4,Developing,Low,Significant Gap
E0417,R008,Talent Management Analytics Specialist,10.4,0.0,8.9,32.0,4.0,8.0,Operations,L4,"Ottawa, ON",10.0,4,Developing,Low,Significant Gap
E0418,R001,People Analytics Specialist,27.4,20.0,26.3,30.0,4.0,7.0,Sales,L2,"Vancouver, BC",5.9,3,Developing,Medium,Significant Gap
E0418,R002,Senior People Analytics Analyst,27.3,0.0,23.2,34.0,6.0,7.0,Sales,L2,"Vancouver, BC",5.9,3,Developing,Medium,Significant Gap
E0418,R003,Talent Intelligence Analyst,12.8,0.0,10.9,34.0,5.0,9.0,Sales,L2,"Vancouver, BC",5.9,3,Developing,Medium,Significant Gap
E0418,R004,Workforce Planning Analyst,27.8,0.0,23.6,27.0,4.0,5.0,Sales,L2,"Vancouver, BC",5.9,3,Developing,Medium,Significant Gap
E0418,R005,HR Data Analyst,20.0,0.0,17.0,23.0,4.0,6.0,Sales,L2,"Vancouver, BC",5.9,3,Developing,Medium,Significant Gap
E0418,R006,People Analytics Manager,17.2,0.0,14.7,43.0,5.0,9.0,Sales,L2,"Vancouver, BC",5.9,3,Developing,Medium,Significant Gap
E0418,R007,HRIS & People Data Specialist,15.2,0.0,12.9,32.0,5.0,8.0,Sales,L2,"Vancouver, BC",5.9,3,Developing,Medium,Significant Gap
E0418,R008,Talent Management Analytics Specialist,0.0,0.0,0.0,37.0,4.0,10.0,Sales,L2,"Vancouver, BC",5.9,3,Developing,Medium,Significant Gap
E0419,R001,People Analytics Specialist,24.4,20.0,23.7,31.0,4.0,8.0,Sales,L4,"Toronto, ON",5.4,4,Developing,Medium,Significant Gap
E0419,R002,Senior People Analytics Analyst,23.0,16.7,22.0,37.0,5.0,9.0,Sales,L4,"Toronto, ON",5.4,4,Developing,Medium,Significant Gap
E0419,R003,Talent Intelligence Analyst,25.8,0.0,21.9,29.0,5.0,7.0,Sales,L4,"Toronto, ON",5.4,4,Developing,Medium,Significant Gap
E0419,R004,Workforce Planning Analyst,25.0,0.0,21.2,27.0,4.0,6.0,Sales,L4,"Toronto, ON",5.4,4,Developing,Medium,Significant Gap
E0419,R005,HR Data Analyst,10.0,0.0,8.5,26.0,4.0,7.0,Sales,L4,"Toronto, ON",5.4,4,Developing,Medium,Significant Gap
E0419,R006,People Analytics Manager,34.8,0.0,29.6,34.0,5.0,7.0,Sales,L4,"Toronto, ON",5.4,4,Developing,Medium,Significant Gap
E0419,R007,HRIS & People Data Specialist,15.2,0.0,12.9,29.0,5.0,7.0,Sales,L4,"Toronto, ON",5.4,4,Developing,Medium,Significant Gap
E0419,R008,Talent Management Analytics Specialist,13.9,0.0,11.8,31.0,4.0,8.0,Sales,L4,"Toronto, ON",5.4,4,Developing,Medium,Significant Gap
E0420,R001,People Analytics Specialist,10.7,0.0,9.1,36.0,5.0,10.0,Engineering,L1,"Montreal, QC",0.7,2,Solid,Low,Significant Gap
E0420,R002,Senior People Analytics Analyst,27.5,0.0,23.4,35.0,6.0,8.0,Engineering,L1,"Montreal, QC",0.7,2,Solid,Low,Significant Gap
E0420,R003,Talent Intelligence Analyst,19.2,0.0,16.3,30.0,5.0,8.0,Engineering,L1,"Montreal, QC",0.7,2,Solid,Low,Significant Gap
E0420,R004,Workforce Planning Analyst,10.4,0.0,8.9,33.0,4.0,8.0,Engineering,L1,"Montreal, QC",0.7,2,Solid,Low,Significant Gap
E0420,R005,HR Data Analyst,15.0,0.0,12.8,24.0,4.0,7.0,Engineering,L1,"Montreal, QC",0.7,2,Solid,Low,Significant Gap
E0420,R006,People Analytics Manager,13.1,0.0,11.1,45.0,5.0,9.0,Engineering,L1,"Montreal, QC",0.7,2,Solid,Low,Significant Gap
E0420,R007,HRIS & People Data Specialist,24.3,0.0,20.6,27.0,5.0,6.0,Engineering,L1,"Montreal, QC",0.7,2,Solid,Low,Significant Gap
E0420,R008,Talent Management Analytics Specialist,6.2,0.0,5.3,34.0,4.0,9.0,Engineering,L1,"Montreal, QC",0.7,2,Solid,Low,Significant Gap
E0421,R001,People Analytics Specialist,31.5,20.0,29.8,28.0,4.0,7.0,Marketing,L1,"Ottawa, ON",5.1,3,Solid,Medium,Significant Gap
E0421,R002,Senior People Analytics Analyst,16.5,0.0,14.0,41.0,6.0,9.0,Marketing,L1,"Ottawa, ON",5.1,3,Solid,Medium,Significant Gap
E0421,R003,Talent Intelligence Analyst,17.9,0.0,15.3,32.0,5.0,8.0,Marketing,L1,"Ottawa, ON",5.1,3,Solid,Medium,Significant Gap
E0421,R004,Workforce Planning Analyst,22.2,0.0,18.9,29.0,4.0,6.0,Marketing,L1,"Ottawa, ON",5.1,3,Solid,Medium,Significant Gap
E0421,R005,HR Data Analyst,5.0,0.0,4.2,27.0,4.0,8.0,Marketing,L1,"Ottawa, ON",5.1,3,Solid,Medium,Significant Gap
E0421,R006,People Analytics Manager,13.4,0.0,11.4,45.0,5.0,9.0,Marketing,L1,"Ottawa, ON",5.1,3,Solid,Medium,Significant Gap
E0421,R007,HRIS & People Data Specialist,7.2,0.0,6.2,32.0,5.0,8.0,Marketing,L1,"Ottawa, ON",5.1,3,Solid,Medium,Significant Gap
E0421,R008,Talent Management Analytics Specialist,12.5,0.0,10.6,32.0,4.0,8.0,Marketing,L1,"Ottawa, ON",5.1,3,Solid,Medium,Significant Gap
E0422,R001,People Analytics Specialist,28.6,40.0,30.3,30.0,3.0,9.0,Engineering,L4,"Montreal, QC",2.6,2,Solid,High,Significant Gap
E0422,R002,Senior People Analytics Analyst,51.0,16.7,45.8,23.0,5.0,5.0,Engineering,L4,"Montreal, QC",2.6,2,Solid,High,Significant Gap
E0422,R003,Talent Intelligence Analyst,30.1,0.0,25.6,27.0,5.0,6.0,Engineering,L4,"Montreal, QC",2.6,2,Solid,High,Significant Gap
E0422,R004,Workforce Planning Analyst,22.9,0.0,19.5,28.0,4.0,7.0,Engineering,L4,"Montreal, QC",2.6,2,Solid,High,Significant Gap
E0422,R005,HR Data Analyst,18.3,0.0,15.6,22.0,4.0,6.0,Engineering,L4,"Montreal, QC",2.6,2,Solid,High,Significant Gap
E0422,R006,People Analytics Manager,46.6,0.0,39.6,28.0,5.0,5.0,Engineering,L4,"Montreal, QC",2.6,2,Solid,High,Significant Gap
E0422,R007,HRIS & People Data Specialist,35.9,0.0,30.5,22.0,5.0,5.0,Engineering,L4,"Montreal, QC",2.6,2,Solid,High,Significant Gap
E0422,R008,Talent Management Analytics Specialist,20.8,0.0,17.7,28.0,4.0,7.0,Engineering,L4,"Montreal, QC",2.6,2,Solid,High,Significant Gap
E0423,R001,People Analytics Specialist,19.6,0.0,16.7,32.0,5.0,8.0,Operations,L1,"Montreal, QC",8.6,4,Solid,Medium,Significant Gap
E0423,R002,Senior People Analytics Analyst,10.8,0.0,9.2,43.0,6.0,9.0,Operations,L1,"Montreal, QC",8.6,4,Solid,Medium,Significant Gap
E0423,R003,Talent Intelligence Analyst,2.6,0.0,2.2,38.0,5.0,10.0,Operations,L1,"Montreal, QC",8.6,4,Solid,Medium,Significant Gap
E0423,R004,Workforce Planning Analyst,37.2,0.0,31.6,24.0,4.0,4.0,Operations,L1,"Montreal, QC",8.6,4,Solid,Medium,Significant Gap
E0423,R005,HR Data Analyst,18.3,0.0,15.6,22.0,4.0,6.0,Operations,L1,"Montreal, QC",8.6,4,Solid,Medium,Significant Gap
E0423,R006,People Analytics Manager,10.7,0.0,9.1,46.0,5.0,9.0,Operations,L1,"Montreal, QC",8.6,4,Solid,Medium,Significant Gap
E0423,R007,HRIS & People Data Specialist,11.6,0.0,9.9,31.0,5.0,7.0,Operations,L1,"Montreal, QC",8.6,4,Solid,Medium,Significant Gap
E0423,R008,Talent Management Analytics Specialist,4.2,0.0,3.5,35.0,4.0,8.0,Operations,L1,"Montreal, QC",8.6,4,Solid,Medium,Significant Gap
E0424,R001,People Analytics Specialist,10.4,0.0,8.9,35.0,5.0,9.0,Customer Success,L1,"Toronto, ON",2.4,3,Solid,Medium,Significant Gap
E0424,R002,Senior People Analytics Analyst,5.3,0.0,4.5,45.0,6.0,10.0,Customer Success,L1,"Toronto, ON",2.4,3,Solid,Medium,Significant Gap
E0424,R003,Talent Intelligence Analyst,2.6,0.0,2.2,38.0,5.0,10.0,Customer Success,L1,"Toronto, ON",2.4,3,Solid,Medium,Significant Gap
E0424,R004,Workforce Planning Analyst,13.2,0.0,11.2,32.0,4.0,7.0,Customer Success,L1,"Toronto, ON",2.4,3,Solid,Medium,Significant Gap
E0424,R005,HR Data Analyst,9.2,0.0,7.8,25.0,4.0,7.0,Customer Success,L1,"Toronto, ON",2.4,3,Solid,Medium,Significant Gap
E0424,R006,People Analytics Manager,7.9,0.0,6.7,48.0,5.0,9.0,Customer Success,L1,"Toronto, ON",2.4,3,Solid,Medium,Significant Gap
E0424,R007,HRIS & People Data Specialist,1.4,0.0,1.2,36.0,5.0,9.0,Customer Success,L1,"Toronto, ON",2.4,3,Solid,Medium,Significant Gap
E0424,R008,Talent Management Analytics Specialist,2.1,0.0,1.8,36.0,4.0,9.0,Customer Success,L1,"Toronto, ON",2.4,3,Solid,Medium,Significant Gap
E0425,R001,People Analytics Specialist,19.9,0.0,16.9,31.0,5.0,8.0,Customer Success,L2,"Vancouver, BC",12.5,4,Solid,Low,Significant Gap
E0425,R002,Senior People Analytics Analyst,8.3,0.0,7.1,43.0,6.0,10.0,Customer Success,L2,"Vancouver, BC",12.5,4,Solid,Low,Significant Gap
E0425,R003,Talent Intelligence Analyst,0.0,0.0,0.0,39.0,5.0,11.0,Customer Success,L2,"Vancouver, BC",12.5,4,Solid,Low,Significant Gap
E0425,R004,Workforce Planning Analyst,16.7,0.0,14.2,31.0,4.0,7.0,Customer Success,L2,"Vancouver, BC",12.5,4,Solid,Low,Significant Gap
E0425,R005,HR Data Analyst,27.5,0.0,23.4,19.0,4.0,5.0,Customer Success,L2,"Vancouver, BC",12.5,4,Solid,Low,Significant Gap
E0425,R006,People Analytics Manager,9.3,0.0,7.9,47.0,5.0,10.0,Customer Success,L2,"Vancouver, BC",12.5,4,Solid,Low,Significant Gap
E0425,R007,HRIS & People Data Specialist,15.2,0.0,12.9,32.0,5.0,8.0,Customer Success,L2,"Vancouver, BC",12.5,4,Solid,Low,Significant Gap
E0425,R008,Talent Management Analytics Specialist,6.2,0.0,5.3,34.0,4.0,9.0,Customer Success,L2,"Vancouver, BC",12.5,4,Solid,Low,Significant Gap
E0426,R001,People Analytics Specialist,25.9,20.0,25.0,31.0,4.0,9.0,Sales,L4,"Montreal, QC",0.3,4,Solid,Low,Significant Gap
E0426,R002,Senior People Analytics Analyst,25.5,0.0,21.7,35.0,6.0,8.0,Sales,L4,"Montreal, QC",0.3,4,Solid,Low,Significant Gap
E0426,R003,Talent Intelligence Analyst,15.4,0.0,13.1,33.0,5.0,9.0,Sales,L4,"Montreal, QC",0.3,4,Solid,Low,Significant Gap
E0426,R004,Workforce Planning Analyst,29.2,0.0,24.8,26.0,4.0,6.0,Sales,L4,"Montreal, QC",0.3,4,Solid,Low,Significant Gap
E0426,R005,HR Data Analyst,13.3,0.0,11.3,24.0,4.0,7.0,Sales,L4,"Montreal, QC",0.3,4,Solid,Low,Significant Gap
E0426,R006,People Analytics Manager,36.2,0.0,30.8,33.0,5.0,6.0,Sales,L4,"Montreal, QC",0.3,4,Solid,Low,Significant Gap
E0426,R007,HRIS & People Data Specialist,15.9,0.0,13.6,29.0,5.0,7.0,Sales,L4,"Montreal, QC",0.3,4,Solid,Low,Significant Gap
E0426,R008,Talent Management Analytics Specialist,10.4,0.0,8.9,32.0,4.0,8.0,Sales,L4,"Montreal, QC",0.3,4,Solid,Low,Significant Gap
E0427,R001,People Analytics Specialist,29.5,20.0,28.0,30.0,4.0,8.0,Engineering,L4,Remote - Canada,9.0,4,Developing,Medium,Significant Gap
E0427,R002,Senior People Analytics Analyst,43.8,0.0,37.2,27.0,6.0,5.0,Engineering,L4,Remote - Canada,9.0,4,Developing,Medium,Significant Gap
E0427,R003,Talent Intelligence Analyst,30.8,0.0,26.2,27.0,5.0,7.0,Engineering,L4,Remote - Canada,9.0,4,Developing,Medium,Significant Gap
E0427,R004,Workforce Planning Analyst,27.1,0.0,23.0,26.0,4.0,6.0,Engineering,L4,Remote - Canada,9.0,4,Developing,Medium,Significant Gap
E0427,R005,HR Data Analyst,26.7,25.0,26.4,22.0,3.0,6.0,Engineering,L4,Remote - Canada,9.0,4,Developing,Medium,Significant Gap
E0427,R006,People Analytics Manager,36.2,0.0,30.8,34.0,5.0,5.0,Engineering,L4,Remote - Canada,9.0,4,Developing,Medium,Significant Gap
E0427,R007,HRIS & People Data Specialist,30.8,0.0,26.2,25.0,5.0,5.0,Engineering,L4,Remote - Canada,9.0,4,Developing,Medium,Significant Gap
E0427,R008,Talent Management Analytics Specialist,6.2,0.0,5.3,34.0,4.0,9.0,Engineering,L4,Remote - Canada,9.0,4,Developing,Medium,Significant Gap
E0428,R001,People Analytics Specialist,31.0,40.0,32.3,30.0,3.0,8.0,Engineering,L5,"Toronto, ON",7.1,4,Developing,High,Significant Gap
E0428,R002,Senior People Analytics Analyst,50.6,50.0,50.5,24.0,3.0,5.0,Engineering,L5,"Toronto, ON",7.1,4,Developing,High,Significant Gap
E0428,R003,Talent Intelligence Analyst,17.9,0.0,15.3,32.0,5.0,8.0,Engineering,L5,"Toronto, ON",7.1,4,Developing,High,Significant Gap
E0428,R004,Workforce Planning Analyst,25.0,0.0,21.2,27.0,4.0,7.0,Engineering,L5,"Toronto, ON",7.1,4,Developing,High,Significant Gap
E0428,R005,HR Data Analyst,28.7,25.0,28.2,22.0,3.0,6.0,Engineering,L5,"Toronto, ON",7.1,4,Developing,High,Significant Gap
E0428,R006,People Analytics Manager,51.4,40.0,49.7,26.0,3.0,5.0,Engineering,L5,"Toronto, ON",7.1,4,Developing,High,Significant Gap
E0428,R007,HRIS & People Data Specialist,42.0,20.0,38.7,21.0,4.0,4.0,Engineering,L5,"Toronto, ON",7.1,4,Developing,High,Significant Gap
E0428,R008,Talent Management Analytics Specialist,8.3,0.0,7.1,33.0,4.0,9.0,Engineering,L5,"Toronto, ON",7.1,4,Developing,High,Significant Gap
E0429,R001,People Analytics Specialist,17.0,0.0,14.4,34.0,5.0,9.0,Legal & Compliance,L2,"Vancouver, BC",3.9,5,Solid,High,Significant Gap
E0429,R002,Senior People Analytics Analyst,10.4,0.0,8.9,43.0,6.0,10.0,Legal & Compliance,L2,"Vancouver, BC",3.9,5,Solid,High,Significant Gap
E0429,R003,Talent Intelligence Analyst,0.0,0.0,0.0,39.0,5.0,11.0,Legal & Compliance,L2,"Vancouver, BC",3.9,5,Solid,High,Significant Gap
E0429,R004,Workforce Planning Analyst,4.6,0.0,3.9,36.0,4.0,8.0,Legal & Compliance,L2,"Vancouver, BC",3.9,5,Solid,High,Significant Gap
E0429,R005,HR Data Analyst,34.2,25.0,32.8,17.0,3.0,4.0,Legal & Compliance,L2,"Vancouver, BC",3.9,5,Solid,High,Significant Gap
E0429,R006,People Analytics Manager,13.1,0.0,11.1,45.0,5.0,8.0,Legal & Compliance,L2,"Vancouver, BC",3.9,5,Solid,High,Significant Gap
E0429,R007,HRIS & People Data Specialist,29.7,20.0,28.3,27.0,4.0,6.0,Legal & Compliance,L2,"Vancouver, BC",3.9,5,Solid,High,Significant Gap
E0429,R008,Talent Management Analytics Specialist,14.6,0.0,12.4,31.0,4.0,8.0,Legal & Compliance,L2,"Vancouver, BC",3.9,5,Solid,High,Significant Gap
E0430,R001,People Analytics Specialist,36.9,0.0,31.4,27.0,5.0,6.0,Human Resources,L3,Remote - Canada,0.3,5,Solid,Low,Significant Gap
E0430,R002,Senior People Analytics Analyst,25.3,0.0,21.5,36.0,6.0,7.0,Human Resources,L3,Remote - Canada,0.3,5,Solid,Low,Significant Gap
E0430,R003,Talent Intelligence Analyst,32.1,20.0,30.2,27.0,4.0,7.0,Human Resources,L3,Remote - Canada,0.3,5,Solid,Low,Significant Gap
E0430,R004,Workforce Planning Analyst,18.8,0.0,15.9,30.0,4.0,7.0,Human Resources,L3,Remote - Canada,0.3,5,Solid,Low,Significant Gap
E0430,R005,HR Data Analyst,32.5,25.0,31.4,21.0,3.0,5.0,Human Resources,L3,Remote - Canada,0.3,5,Solid,Low,Significant Gap
E0430,R006,People Analytics Manager,32.0,0.0,27.2,36.0,5.0,6.0,Human Resources,L3,Remote - Canada,0.3,5,Solid,Low,Significant Gap
E0430,R007,HRIS & People Data Specialist,33.3,0.0,28.3,24.0,5.0,5.0,Human Resources,L3,Remote - Canada,0.3,5,Solid,Low,Significant Gap
E0430,R008,Talent Management Analytics Specialist,45.1,50.0,45.9,20.0,2.0,5.0,Human Resources,L3,Remote - Canada,0.3,5,Solid,Low,Significant Gap
E0431,R001,People Analytics Specialist,27.4,20.0,26.3,29.0,4.0,7.0,Human Resources,L4,"Vancouver, BC",5.4,3,Solid,Medium,Significant Gap
E0431,R002,Senior People Analytics Analyst,27.5,16.7,25.9,35.0,5.0,7.0,Human Resources,L4,"Vancouver, BC",5.4,3,Solid,Medium,Significant Gap
E0431,R003,Talent Intelligence Analyst,28.7,0.0,24.4,28.0,5.0,6.0,Human Resources,L4,"Vancouver, BC",5.4,3,Solid,Medium,Significant Gap
E0431,R004,Workforce Planning Analyst,23.6,0.0,20.1,28.0,4.0,6.0,Human Resources,L4,"Vancouver, BC",5.4,3,Solid,Medium,Significant Gap
E0431,R005,HR Data Analyst,25.0,25.0,25.0,22.0,3.0,6.0,Human Resources,L4,"Vancouver, BC",5.4,3,Solid,Medium,Significant Gap
E0431,R006,People Analytics Manager,35.4,20.0,33.1,34.0,4.0,5.0,Human Resources,L4,"Vancouver, BC",5.4,3,Solid,Medium,Significant Gap
E0431,R007,HRIS & People Data Specialist,18.3,0.0,15.6,28.0,5.0,6.0,Human Resources,L4,"Vancouver, BC",5.4,3,Solid,Medium,Significant Gap
E0431,R008,Talent Management Analytics Specialist,33.0,0.0,28.0,24.0,4.0,4.0,Human Resources,L4,"Vancouver, BC",5.4,3,Solid,Medium,Significant Gap
E0432,R001,People Analytics Specialist,36.0,20.0,33.6,27.0,4.0,6.0,Human Resources,L5,Remote - Canada,6.6,3,Solid,Medium,Significant Gap
E0432,R002,Senior People Analytics Analyst,34.3,16.7,31.7,32.0,5.0,6.0,Human Resources,L5,Remote - Canada,6.6,3,Solid,Medium,Significant Gap
E0432,R003,Talent Intelligence Analyst,15.4,0.0,13.1,33.0,5.0,9.0,Human Resources,L5,Remote - Canada,6.6,3,Solid,Medium,Significant Gap
E0432,R004,Workforce Planning Analyst,33.9,0.0,28.8,24.0,4.0,4.0,Human Resources,L5,Remote - Canada,6.6,3,Solid,Medium,Significant Gap
E0432,R005,HR Data Analyst,27.5,25.0,27.1,21.0,3.0,5.0,Human Resources,L5,Remote - Canada,6.6,3,Solid,Medium,Significant Gap
E0432,R006,People Analytics Manager,46.4,20.0,42.5,28.0,4.0,4.0,Human Resources,L5,Remote - Canada,6.6,3,Solid,Medium,Significant Gap
E0432,R007,HRIS & People Data Specialist,33.7,20.0,31.6,22.0,4.0,5.0,Human Resources,L5,Remote - Canada,6.6,3,Solid,Medium,Significant Gap
E0432,R008,Talent Management Analytics Specialist,22.9,0.0,19.5,28.0,4.0,7.0,Human Resources,L5,Remote - Canada,6.6,3,Solid,Medium,Significant Gap
E0433,R001,People Analytics Specialist,4.2,0.0,3.5,39.0,5.0,10.0,Legal & Compliance,L2,"Montreal, QC",6.6,4,Solid,Medium,Significant Gap
E0433,R002,Senior People Analytics Analyst,5.6,0.0,4.7,45.0,6.0,10.0,Legal & Compliance,L2,"Montreal, QC",6.6,4,Solid,Medium,Significant Gap
E0433,R003,Talent Intelligence Analyst,0.0,0.0,0.0,39.0,5.0,11.0,Legal & Compliance,L2,"Montreal, QC",6.6,4,Solid,Medium,Significant Gap
E0433,R004,Workforce Planning Analyst,6.2,0.0,5.3,35.0,4.0,8.0,Legal & Compliance,L2,"Montreal, QC",6.6,4,Solid,Medium,Significant Gap
E0433,R005,HR Data Analyst,14.6,0.0,12.4,23.0,4.0,5.0,Legal & Compliance,L2,"Montreal, QC",6.6,4,Solid,Medium,Significant Gap
E0433,R006,People Analytics Manager,11.0,0.0,9.4,46.0,5.0,9.0,Legal & Compliance,L2,"Montreal, QC",6.6,4,Solid,Medium,Significant Gap
E0433,R007,HRIS & People Data Specialist,10.9,0.0,9.2,32.0,5.0,7.0,Legal & Compliance,L2,"Montreal, QC",6.6,4,Solid,Medium,Significant Gap
E0433,R008,Talent Management Analytics Specialist,6.2,0.0,5.3,34.0,4.0,9.0,Legal & Compliance,L2,"Montreal, QC",6.6,4,Solid,Medium,Significant Gap
E0434,R001,People Analytics Specialist,51.2,20.0,46.5,21.0,4.0,5.0,Human Resources,L1,"Ottawa, ON",3.4,3,High,Medium,Significant Gap
E0434,R002,Senior People Analytics Analyst,32.5,16.7,30.1,33.0,5.0,7.0,Human Resources,L1,"Ottawa, ON",3.4,3,High,Medium,Significant Gap
E0434,R003,Talent Intelligence Analyst,26.1,0.0,22.2,29.0,5.0,7.0,Human Resources,L1,"Ottawa, ON",3.4,3,High,Medium,Significant Gap
E0434,R004,Workforce Planning Analyst,39.6,25.0,37.4,22.0,3.0,5.0,Human Resources,L1,"Ottawa, ON",3.4,3,High,Medium,Significant Gap
E0434,R005,HR Data Analyst,32.5,0.0,27.6,19.0,4.0,5.0,Human Resources,L1,"Ottawa, ON",3.4,3,High,Medium,Significant Gap
E0434,R006,People Analytics Manager,38.0,20.0,35.3,32.0,4.0,5.0,Human Resources,L1,"Ottawa, ON",3.4,3,High,Medium,Significant Gap
E0434,R007,HRIS & People Data Specialist,28.3,0.0,24.0,26.0,5.0,5.0,Human Resources,L1,"Ottawa, ON",3.4,3,High,Medium,Significant Gap
E0434,R008,Talent Management Analytics Specialist,38.5,0.0,32.8,23.0,4.0,5.0,Human Resources,L1,"Ottawa, ON",3.4,3,High,Medium,Significant Gap
E0435,R001,People Analytics Specialist,21.4,0.0,18.2,32.0,5.0,8.0,Finance,L3,"Ottawa, ON",3.0,3,Solid,Low,Significant Gap
E0435,R002,Senior People Analytics Analyst,20.8,16.7,20.2,39.0,5.0,9.0,Finance,L3,"Ottawa, ON",3.0,3,Solid,Low,Significant Gap
E0435,R003,Talent Intelligence Analyst,12.8,0.0,10.9,34.0,5.0,9.0,Finance,L3,"Ottawa, ON",3.0,3,Solid,Low,Significant Gap
E0435,R004,Workforce Planning Analyst,26.0,0.0,22.1,28.0,4.0,6.0,Finance,L3,"Ottawa, ON",3.0,3,Solid,Low,Significant Gap
E0435,R005,HR Data Analyst,4.2,0.0,3.5,27.0,4.0,7.0,Finance,L3,"Ottawa, ON",3.0,3,Solid,Low,Significant Gap
E0435,R006,People Analytics Manager,6.2,0.0,5.3,49.0,5.0,11.0,Finance,L3,"Ottawa, ON",3.0,3,Solid,Low,Significant Gap
E0435,R007,HRIS & People Data Specialist,10.1,0.0,8.6,32.0,5.0,8.0,Finance,L3,"Ottawa, ON",3.0,3,Solid,Low,Significant Gap
E0435,R008,Talent Management Analytics Specialist,13.9,0.0,11.8,31.0,4.0,7.0,Finance,L3,"Ottawa, ON",3.0,3,Solid,Low,Significant Gap
E0436,R001,People Analytics Specialist,48.8,20.0,44.5,21.0,4.0,5.0,Marketing,L4,"Vancouver, BC",9.9,3,Solid,Medium,Significant Gap
E0436,R002,Senior People Analytics Analyst,31.8,16.7,29.6,32.0,5.0,7.0,Marketing,L4,"Vancouver, BC",9.9,3,Solid,Medium,Significant Gap
E0436,R003,Talent Intelligence Analyst,23.1,0.0,19.6,30.0,5.0,8.0,Marketing,L4,"Vancouver, BC",9.9,3,Solid,Medium,Significant Gap
E0436,R004,Workforce Planning Analyst,42.4,0.0,36.0,20.0,4.0,4.0,Marketing,L4,"Vancouver, BC",9.9,3,Solid,Medium,Significant Gap
E0436,R005,HR Data Analyst,28.7,0.0,24.4,20.0,4.0,6.0,Marketing,L4,"Vancouver, BC",9.9,3,Solid,Medium,Significant Gap
E0436,R006,People Analytics Manager,36.6,0.0,31.1,33.0,5.0,7.0,Marketing,L4,"Vancouver, BC",9.9,3,Solid,Medium,Significant Gap
E0436,R007,HRIS & People Data Specialist,22.8,0.0,19.4,28.0,5.0,7.0,Marketing,L4,"Vancouver, BC",9.9,3,Solid,Medium,Significant Gap
E0436,R008,Talent Management Analytics Specialist,16.7,0.0,14.2,30.0,4.0,8.0,Marketing,L4,"Vancouver, BC",9.9,3,Solid,Medium,Significant Gap
E0437,R001,People Analytics Specialist,30.4,40.0,31.8,29.0,3.0,8.0,Operations,L4,"Toronto, ON",3.3,3,Solid,Medium,Significant Gap
E0437,R002,Senior People Analytics Analyst,31.6,0.0,26.9,32.0,6.0,7.0,Operations,L4,"Toronto, ON",3.3,3,Solid,Medium,Significant Gap
E0437,R003,Talent Intelligence Analyst,20.5,0.0,17.4,31.0,5.0,8.0,Operations,L4,"Toronto, ON",3.3,3,Solid,Medium,Significant Gap
E0437,R004,Workforce Planning Analyst,37.5,0.0,31.9,23.0,4.0,4.0,Operations,L4,"Toronto, ON",3.3,3,Solid,Medium,Significant Gap
E0437,R005,HR Data Analyst,12.5,0.0,10.6,25.0,4.0,7.0,Operations,L4,"Toronto, ON",3.3,3,Solid,Medium,Significant Gap
E0437,R006,People Analytics Manager,36.2,0.0,30.8,33.0,5.0,6.0,Operations,L4,"Toronto, ON",3.3,3,Solid,Medium,Significant Gap
E0437,R007,HRIS & People Data Specialist,15.9,0.0,13.6,29.0,5.0,7.0,Operations,L4,"Toronto, ON",3.3,3,Solid,Medium,Significant Gap
E0437,R008,Talent Management Analytics Specialist,6.2,0.0,5.3,34.0,4.0,9.0,Operations,L4,"Toronto, ON",3.3,3,Solid,Medium,Significant Gap
E0438,R001,People Analytics Specialist,29.8,0.0,25.3,29.0,5.0,6.0,Operations,L2,Remote - Canada,0.3,5,Developing,Medium,Significant Gap
E0438,R002,Senior People Analytics Analyst,18.3,0.0,15.6,40.0,6.0,8.0,Operations,L2,Remote - Canada,0.3,5,Developing,Medium,Significant Gap
E0438,R003,Talent Intelligence Analyst,5.1,0.0,4.4,37.0,5.0,10.0,Operations,L2,Remote - Canada,0.3,5,Developing,Medium,Significant Gap
E0438,R004,Workforce Planning Analyst,30.9,0.0,26.3,26.0,4.0,5.0,Operations,L2,Remote - Canada,0.3,5,Developing,Medium,Significant Gap
E0438,R005,HR Data Analyst,27.9,0.0,23.7,21.0,4.0,5.0,Operations,L2,Remote - Canada,0.3,5,Developing,Medium,Significant Gap
E0438,R006,People Analytics Manager,12.2,0.0,10.4,46.0,5.0,9.0,Operations,L2,Remote - Canada,0.3,5,Developing,Medium,Significant Gap
E0438,R007,HRIS & People Data Specialist,18.5,0.0,15.7,30.0,5.0,6.0,Operations,L2,Remote - Canada,0.3,5,Developing,Medium,Significant Gap
E0438,R008,Talent Management Analytics Specialist,4.2,0.0,3.5,35.0,4.0,9.0,Operations,L2,Remote - Canada,0.3,5,Developing,Medium,Significant Gap
E0439,R001,People Analytics Specialist,3.6,0.0,3.0,39.0,5.0,11.0,Engineering,L2,"Toronto, ON",6.1,4,High,High,Significant Gap
E0439,R002,Senior People Analytics Analyst,16.7,0.0,14.2,40.0,6.0,9.0,Engineering,L2,"Toronto, ON",6.1,4,High,High,Significant Gap
E0439,R003,Talent Intelligence Analyst,19.2,0.0,16.3,30.0,5.0,8.0,Engineering,L2,"Toronto, ON",6.1,4,High,High,Significant Gap
E0439,R004,Workforce Planning Analyst,8.3,0.0,7.1,34.0,4.0,8.0,Engineering,L2,"Toronto, ON",6.1,4,High,High,Significant Gap
E0439,R005,HR Data Analyst,15.0,0.0,12.8,24.0,4.0,7.0,Engineering,L2,"Toronto, ON",6.1,4,High,High,Significant Gap
E0439,R006,People Analytics Manager,12.8,0.0,10.8,45.0,5.0,9.0,Engineering,L2,"Toronto, ON",6.1,4,High,High,Significant Gap
E0439,R007,HRIS & People Data Specialist,14.5,20.0,15.3,32.0,4.0,8.0,Engineering,L2,"Toronto, ON",6.1,4,High,High,Significant Gap
E0439,R008,Talent Management Analytics Specialist,0.0,0.0,0.0,37.0,4.0,10.0,Engineering,L2,"Toronto, ON",6.1,4,High,High,Significant Gap
E0440,R001,People Analytics Specialist,7.7,0.0,6.6,36.0,5.0,10.0,Customer Success,L1,"Vancouver, BC",3.5,4,High,High,Significant Gap
E0440,R002,Senior People Analytics Analyst,5.0,0.0,4.2,45.0,6.0,10.0,Customer Success,L1,"Vancouver, BC",3.5,4,High,High,Significant Gap
E0440,R003,Talent Intelligence Analyst,0.0,0.0,0.0,39.0,5.0,11.0,Customer Success,L1,"Vancouver, BC",3.5,4,High,High,Significant Gap
E0440,R004,Workforce Planning Analyst,10.4,0.0,8.9,33.0,4.0,8.0,Customer Success,L1,"Vancouver, BC",3.5,4,High,High,Significant Gap
E0440,R005,HR Data Analyst,10.8,0.0,9.2,24.0,4.0,7.0,Customer Success,L1,"Vancouver, BC",3.5,4,High,High,Significant Gap
E0440,R006,People Analytics Manager,7.6,0.0,6.4,48.0,5.0,10.0,Customer Success,L1,"Vancouver, BC",3.5,4,High,High,Significant Gap
E0440,R007,HRIS & People Data Specialist,5.8,0.0,4.9,34.0,5.0,8.0,Customer Success,L1,"Vancouver, BC",3.5,4,High,High,Significant Gap
E0440,R008,Talent Management Analytics Specialist,4.2,0.0,3.5,35.0,4.0,9.0,Customer Success,L1,"Vancouver, BC",3.5,4,High,High,Significant Gap
E0441,R001,People Analytics Specialist,23.2,0.0,19.7,31.0,5.0,7.0,Sales,L3,"Calgary, AB",0.3,4,Developing,Medium,Significant Gap
E0441,R002,Senior People Analytics Analyst,18.3,0.0,15.6,38.0,6.0,8.0,Sales,L3,"Calgary, AB",0.3,4,Developing,Medium,Significant Gap
E0441,R003,Talent Intelligence Analyst,5.1,0.0,4.4,37.0,5.0,10.0,Sales,L3,"Calgary, AB",0.3,4,Developing,Medium,Significant Gap
E0441,R004,Workforce Planning Analyst,20.1,0.0,17.1,29.0,4.0,6.0,Sales,L3,"Calgary, AB",0.3,4,Developing,Medium,Significant Gap
E0441,R005,HR Data Analyst,20.4,0.0,17.4,21.0,4.0,5.0,Sales,L3,"Calgary, AB",0.3,4,Developing,Medium,Significant Gap
E0441,R006,People Analytics Manager,13.8,0.0,11.7,45.0,5.0,9.0,Sales,L3,"Calgary, AB",0.3,4,Developing,Medium,Significant Gap
E0441,R007,HRIS & People Data Specialist,12.0,0.0,10.2,32.0,5.0,7.0,Sales,L3,"Calgary, AB",0.3,4,Developing,Medium,Significant Gap
E0441,R008,Talent Management Analytics Specialist,10.4,0.0,8.9,32.0,4.0,8.0,Sales,L3,"Calgary, AB",0.3,4,Developing,Medium,Significant Gap
E0442,R001,People Analytics Specialist,24.4,20.0,23.7,30.0,4.0,8.0,Customer Success,L5,"Toronto, ON",2.5,2,Developing,High,Significant Gap
E0442,R002,Senior People Analytics Analyst,24.7,16.7,23.5,36.0,5.0,9.0,Customer Success,L5,"Toronto, ON",2.5,2,Developing,High,Significant Gap
E0442,R003,Talent Intelligence Analyst,15.4,0.0,13.1,33.0,5.0,9.0,Customer Success,L5,"Toronto, ON",2.5,2,Developing,High,Significant Gap
E0442,R004,Workforce Planning Analyst,31.2,0.0,26.6,24.0,4.0,6.0,Customer Success,L5,"Toronto, ON",2.5,2,Developing,High,Significant Gap
E0442,R005,HR Data Analyst,10.8,0.0,9.2,24.0,4.0,7.0,Customer Success,L5,"Toronto, ON",2.5,2,Developing,High,Significant Gap
E0442,R006,People Analytics Manager,36.9,0.0,31.4,33.0,5.0,7.0,Customer Success,L5,"Toronto, ON",2.5,2,Developing,High,Significant Gap
E0442,R007,HRIS & People Data Specialist,8.7,0.0,7.4,31.0,5.0,8.0,Customer Success,L5,"Toronto, ON",2.5,2,Developing,High,Significant Gap
E0442,R008,Talent Management Analytics Specialist,12.5,0.0,10.6,31.0,4.0,8.0,Customer Success,L5,"Toronto, ON",2.5,2,Developing,High,Significant Gap
E0443,R001,People Analytics Specialist,18.5,20.0,18.7,34.0,4.0,9.0,Engineering,L2,"Toronto, ON",6.2,2,Solid,Low,Significant Gap
E0443,R002,Senior People Analytics Analyst,16.7,0.0,14.2,40.0,6.0,9.0,Engineering,L2,"Toronto, ON",6.2,2,Solid,Low,Significant Gap
E0443,R003,Talent Intelligence Analyst,14.1,0.0,12.0,32.0,5.0,8.0,Engineering,L2,"Toronto, ON",6.2,2,Solid,Low,Significant Gap
E0443,R004,Workforce Planning Analyst,8.3,0.0,7.1,34.0,4.0,8.0,Engineering,L2,"Toronto, ON",6.2,2,Solid,Low,Significant Gap
E0443,R005,HR Data Analyst,24.2,25.0,24.3,22.0,3.0,6.0,Engineering,L2,"Toronto, ON",6.2,2,Solid,Low,Significant Gap
E0443,R006,People Analytics Manager,9.0,0.0,7.6,48.0,5.0,10.0,Engineering,L2,"Toronto, ON",6.2,2,Solid,Low,Significant Gap
E0443,R007,HRIS & People Data Specialist,19.9,0.0,16.9,30.0,5.0,7.0,Engineering,L2,"Toronto, ON",6.2,2,Solid,Low,Significant Gap
E0443,R008,Talent Management Analytics Specialist,4.2,0.0,3.5,35.0,4.0,8.0,Engineering,L2,"Toronto, ON",6.2,2,Solid,Low,Significant Gap
E0444,R001,People Analytics Specialist,23.8,0.0,20.2,31.0,5.0,7.0,Operations,L4,"Montreal, QC",6.0,3,Solid,Medium,Significant Gap
E0444,R002,Senior People Analytics Analyst,21.5,0.0,18.3,37.0,6.0,8.0,Operations,L4,"Montreal, QC",6.0,3,Solid,Medium,Significant Gap
E0444,R003,Talent Intelligence Analyst,12.8,0.0,10.9,34.0,5.0,9.0,Operations,L4,"Montreal, QC",6.0,3,Solid,Medium,Significant Gap
E0444,R004,Workforce Planning Analyst,36.1,0.0,30.7,23.0,4.0,4.0,Operations,L4,"Montreal, QC",6.0,3,Solid,Medium,Significant Gap
E0444,R005,HR Data Analyst,18.7,0.0,15.9,22.0,4.0,5.0,Operations,L4,"Montreal, QC",6.0,3,Solid,Medium,Significant Gap
E0444,R006,People Analytics Manager,27.2,0.0,23.2,38.0,5.0,7.0,Operations,L4,"Montreal, QC",6.0,3,Solid,Medium,Significant Gap
E0444,R007,HRIS & People Data Specialist,13.4,0.0,11.4,31.0,5.0,7.0,Operations,L4,"Montreal, QC",6.0,3,Solid,Medium,Significant Gap
E0444,R008,Talent Management Analytics Specialist,10.4,0.0,8.9,32.0,4.0,8.0,Operations,L4,"Montreal, QC",6.0,3,Solid,Medium,Significant Gap
E0445,R001,People Analytics Specialist,11.0,0.0,9.4,36.0,5.0,9.0,Sales,L3,"Toronto, ON",1.7,2,Solid,Low,Significant Gap
E0445,R002,Senior People Analytics Analyst,3.3,0.0,2.8,46.0,6.0,10.0,Sales,L3,"Toronto, ON",1.7,2,Solid,Low,Significant Gap
E0445,R003,Talent Intelligence Analyst,0.0,0.0,0.0,39.0,5.0,11.0,Sales,L3,"Toronto, ON",1.7,2,Solid,Low,Significant Gap
E0445,R004,Workforce Planning Analyst,9.0,0.0,7.7,34.0,4.0,7.0,Sales,L3,"Toronto, ON",1.7,2,Solid,Low,Significant Gap
E0445,R005,HR Data Analyst,15.8,0.0,13.5,24.0,4.0,6.0,Sales,L3,"Toronto, ON",1.7,2,Solid,Low,Significant Gap
E0445,R006,People Analytics Manager,10.7,0.0,9.1,46.0,5.0,9.0,Sales,L3,"Toronto, ON",1.7,2,Solid,Low,Significant Gap
E0445,R007,HRIS & People Data Specialist,13.8,0.0,11.7,31.0,5.0,7.0,Sales,L3,"Toronto, ON",1.7,2,Solid,Low,Significant Gap
E0445,R008,Talent Management Analytics Specialist,2.8,0.0,2.4,36.0,4.0,9.0,Sales,L3,"Toronto, ON",1.7,2,Solid,Low,Significant Gap
E0446,R001,People Analytics Specialist,15.5,20.0,16.2,36.0,4.0,10.0,Engineering,L2,Remote - Canada,7.3,2,Solid,High,Significant Gap
E0446,R002,Senior People Analytics Analyst,25.3,0.0,21.5,36.0,6.0,7.0,Engineering,L2,Remote - Canada,7.3,2,Solid,High,Significant Gap
E0446,R003,Talent Intelligence Analyst,16.7,0.0,14.2,31.0,5.0,8.0,Engineering,L2,Remote - Canada,7.3,2,Solid,High,Significant Gap
E0446,R004,Workforce Planning Analyst,8.3,0.0,7.1,34.0,4.0,8.0,Engineering,L2,Remote - Canada,7.3,2,Solid,High,Significant Gap
E0446,R005,HR Data Analyst,25.0,25.0,25.0,22.0,3.0,6.0,Engineering,L2,Remote - Canada,7.3,2,Solid,High,Significant Gap
E0446,R006,People Analytics Manager,18.6,0.0,15.8,43.0,5.0,8.0,Engineering,L2,Remote - Canada,7.3,2,Solid,High,Significant Gap
E0446,R007,HRIS & People Data Specialist,27.9,0.0,23.7,27.0,5.0,6.0,Engineering,L2,Remote - Canada,7.3,2,Solid,High,Significant Gap
E0446,R008,Talent Management Analytics Specialist,8.3,0.0,7.1,33.0,4.0,8.0,Engineering,L2,Remote - Canada,7.3,2,Solid,High,Significant Gap
E0447,R001,People Analytics Specialist,20.2,0.0,17.2,33.0,5.0,8.0,Finance,L2,"Ottawa, ON",2.0,3,Solid,Medium,Significant Gap
E0447,R002,Senior People Analytics Analyst,8.3,0.0,7.1,44.0,6.0,10.0,Finance,L2,"Ottawa, ON",2.0,3,Solid,Medium,Significant Gap
E0447,R003,Talent Intelligence Analyst,10.3,0.0,8.7,35.0,5.0,9.0,Finance,L2,"Ottawa, ON",2.0,3,Solid,Medium,Significant Gap
E0447,R004,Workforce Planning Analyst,22.2,0.0,18.9,30.0,4.0,6.0,Finance,L2,"Ottawa, ON",2.0,3,Solid,Medium,Significant Gap
E0447,R005,HR Data Analyst,15.8,0.0,13.5,24.0,4.0,6.0,Finance,L2,"Ottawa, ON",2.0,3,Solid,Medium,Significant Gap
E0447,R006,People Analytics Manager,7.6,0.0,6.4,48.0,5.0,10.0,Finance,L2,"Ottawa, ON",2.0,3,Solid,Medium,Significant Gap
E0447,R007,HRIS & People Data Specialist,15.2,0.0,12.9,31.0,5.0,7.0,Finance,L2,"Ottawa, ON",2.0,3,Solid,Medium,Significant Gap
E0447,R008,Talent Management Analytics Specialist,11.8,0.0,10.0,32.0,4.0,7.0,Finance,L2,"Ottawa, ON",2.0,3,Solid,Medium,Significant Gap
E0448,R001,People Analytics Specialist,38.4,20.0,35.6,25.0,4.0,6.0,Marketing,L3,"Toronto, ON",0.4,5,Solid,Low,Significant Gap
E0448,R002,Senior People Analytics Analyst,13.3,0.0,11.3,41.0,6.0,8.0,Marketing,L3,"Toronto, ON",0.4,5,Solid,Low,Significant Gap
E0448,R003,Talent Intelligence Analyst,14.1,0.0,12.0,33.0,5.0,8.0,Marketing,L3,"Toronto, ON",0.4,5,Solid,Low,Significant Gap
E0448,R004,Workforce Planning Analyst,20.8,0.0,17.7,29.0,4.0,6.0,Marketing,L3,"Toronto, ON",0.4,5,Solid,Low,Significant Gap
E0448,R005,HR Data Analyst,28.7,0.0,24.4,20.0,4.0,6.0,Marketing,L3,"Toronto, ON",0.4,5,Solid,Low,Significant Gap
E0448,R006,People Analytics Manager,11.4,0.0,9.7,46.0,5.0,9.0,Marketing,L3,"Toronto, ON",0.4,5,Solid,Low,Significant Gap
E0448,R007,HRIS & People Data Specialist,21.4,0.0,18.2,29.0,5.0,7.0,Marketing,L3,"Toronto, ON",0.4,5,Solid,Low,Significant Gap
E0448,R008,Talent Management Analytics Specialist,12.5,0.0,10.6,32.0,4.0,8.0,Marketing,L3,"Toronto, ON",0.4,5,Solid,Low,Significant Gap
E0449,R001,People Analytics Specialist,13.7,0.0,11.6,35.0,5.0,9.0,Legal & Compliance,L2,"Montreal, QC",6.6,4,Developing,Medium,Significant Gap
E0449,R002,Senior People Analytics Analyst,15.0,0.0,12.8,40.0,6.0,8.0,Legal & Compliance,L2,"Montreal, QC",6.6,4,Developing,Medium,Significant Gap
E0449,R003,Talent Intelligence Analyst,0.0,0.0,0.0,39.0,5.0,11.0,Legal & Compliance,L2,"Montreal, QC",6.6,4,Developing,Medium,Significant Gap
E0449,R004,Workforce Planning Analyst,4.2,0.0,3.5,36.0,4.0,8.0,Legal & Compliance,L2,"Montreal, QC",6.6,4,Developing,Medium,Significant Gap
E0449,R005,HR Data Analyst,28.7,0.0,24.4,19.0,4.0,5.0,Legal & Compliance,L2,"Montreal, QC",6.6,4,Developing,Medium,Significant Gap
E0449,R006,People Analytics Manager,9.0,0.0,7.6,47.0,5.0,9.0,Legal & Compliance,L2,"Montreal, QC",6.6,4,Developing,Medium,Significant Gap
E0449,R007,HRIS & People Data Specialist,26.8,0.0,22.8,28.0,5.0,6.0,Legal & Compliance,L2,"Montreal, QC",6.6,4,Developing,Medium,Significant Gap
E0449,R008,Talent Management Analytics Specialist,6.2,0.0,5.3,34.0,4.0,9.0,Legal & Compliance,L2,"Montreal, QC",6.6,4,Developing,Medium,Significant Gap
E0450,R001,People Analytics Specialist,18.2,0.0,15.4,33.0,5.0,8.0,Customer Success,L1,"Vancouver, BC",2.4,3,Solid,High,Significant Gap
E0450,R002,Senior People Analytics Analyst,9.3,0.0,7.9,43.0,6.0,9.0,Customer Success,L1,"Vancouver, BC",2.4,3,Solid,High,Significant Gap
E0450,R003,Talent Intelligence Analyst,8.0,0.0,6.8,36.0,5.0,9.0,Customer Success,L1,"Vancouver, BC",2.4,3,Solid,High,Significant Gap
E0450,R004,Workforce Planning Analyst,16.0,0.0,13.6,31.0,4.0,7.0,Customer Success,L1,"Vancouver, BC",2.4,3,Solid,High,Significant Gap
E0450,R005,HR Data Analyst,20.8,0.0,17.7,21.0,4.0,5.0,Customer Success,L1,"Vancouver, BC",2.4,3,Solid,High,Significant Gap
E0450,R006,People Analytics Manager,13.8,0.0,11.7,45.0,5.0,8.0,Customer Success,L1,"Vancouver, BC",2.4,3,Solid,High,Significant Gap
E0450,R007,HRIS & People Data Specialist,12.3,0.0,10.5,32.0,5.0,7.0,Customer Success,L1,"Vancouver, BC",2.4,3,Solid,High,Significant Gap
E0450,R008,Talent Management Analytics Specialist,10.1,0.0,8.6,33.0,4.0,7.0,Customer Success,L1,"Vancouver, BC",2.4,3,Solid,High,Significant Gap
E0451,R001,People Analytics Specialist,13.7,0.0,11.6,35.0,5.0,8.0,Legal & Compliance,L2,"Vancouver, BC",2.4,2,Solid,High,Significant Gap
E0451,R002,Senior People Analytics Analyst,11.1,0.0,9.4,43.0,6.0,9.0,Legal & Compliance,L2,"Vancouver, BC",2.4,2,Solid,High,Significant Gap
E0451,R003,Talent Intelligence Analyst,5.1,0.0,4.4,37.0,5.0,10.0,Legal & Compliance,L2,"Vancouver, BC",2.4,2,Solid,High,Significant Gap
E0451,R004,Workforce Planning Analyst,6.2,0.0,5.3,35.0,4.0,8.0,Legal & Compliance,L2,"Vancouver, BC",2.4,2,Solid,High,Significant Gap
E0451,R005,HR Data Analyst,20.0,0.0,17.0,22.0,4.0,5.0,Legal & Compliance,L2,"Vancouver, BC",2.4,2,Solid,High,Significant Gap
E0451,R006,People Analytics Manager,7.6,0.0,6.4,48.0,5.0,10.0,Legal & Compliance,L2,"Vancouver, BC",2.4,2,Solid,High,Significant Gap
E0451,R007,HRIS & People Data Specialist,15.9,0.0,13.6,31.0,5.0,7.0,Legal & Compliance,L2,"Vancouver, BC",2.4,2,Solid,High,Significant Gap
E0451,R008,Talent Management Analytics Specialist,8.3,0.0,7.1,33.0,4.0,8.0,Legal & Compliance,L2,"Vancouver, BC",2.4,2,Solid,High,Significant Gap
E0452,R001,People Analytics Specialist,3.6,0.0,3.0,39.0,5.0,11.0,Operations,L2,"Calgary, AB",11.8,4,Solid,High,Significant Gap
E0452,R002,Senior People Analytics Analyst,5.0,0.0,4.2,45.0,6.0,11.0,Operations,L2,"Calgary, AB",11.8,4,Solid,High,Significant Gap
E0452,R003,Talent Intelligence Analyst,0.0,0.0,0.0,39.0,5.0,11.0,Operations,L2,"Calgary, AB",11.8,4,Solid,High,Significant Gap
E0452,R004,Workforce Planning Analyst,22.9,0.0,19.5,29.0,4.0,6.0,Operations,L2,"Calgary, AB",11.8,4,Solid,High,Significant Gap
E0452,R005,HR Data Analyst,6.7,0.0,5.7,26.0,4.0,7.0,Operations,L2,"Calgary, AB",11.8,4,Solid,High,Significant Gap
E0452,R006,People Analytics Manager,9.7,0.0,8.2,47.0,5.0,10.0,Operations,L2,"Calgary, AB",11.8,4,Solid,High,Significant Gap
E0452,R007,HRIS & People Data Specialist,2.9,0.0,2.5,35.0,5.0,9.0,Operations,L2,"Calgary, AB",11.8,4,Solid,High,Significant Gap
E0452,R008,Talent Management Analytics Specialist,2.1,0.0,1.8,36.0,4.0,9.0,Operations,L2,"Calgary, AB",11.8,4,Solid,High,Significant Gap
E0453,R001,People Analytics Specialist,7.1,0.0,6.1,38.0,5.0,9.0,Sales,L3,"Toronto, ON",3.6,3,Solid,Medium,Significant Gap
E0453,R002,Senior People Analytics Analyst,7.0,0.0,6.0,44.0,6.0,9.0,Sales,L3,"Toronto, ON",3.6,3,Solid,Medium,Significant Gap
E0453,R003,Talent Intelligence Analyst,2.6,0.0,2.2,38.0,5.0,10.0,Sales,L3,"Toronto, ON",3.6,3,Solid,Medium,Significant Gap
E0453,R004,Workforce Planning Analyst,11.8,0.0,10.0,33.0,4.0,6.0,Sales,L3,"Toronto, ON",3.6,3,Solid,Medium,Significant Gap
E0453,R005,HR Data Analyst,10.8,0.0,9.2,24.0,4.0,6.0,Sales,L3,"Toronto, ON",3.6,3,Solid,Medium,Significant Gap
E0453,R006,People Analytics Manager,11.4,0.0,9.7,46.0,5.0,8.0,Sales,L3,"Toronto, ON",3.6,3,Solid,Medium,Significant Gap
E0453,R007,HRIS & People Data Specialist,5.8,0.0,4.9,34.0,5.0,8.0,Sales,L3,"Toronto, ON",3.6,3,Solid,Medium,Significant Gap
E0453,R008,Talent Management Analytics Specialist,11.8,0.0,10.0,32.0,4.0,8.0,Sales,L3,"Toronto, ON",3.6,3,Solid,Medium,Significant Gap
E0454,R001,People Analytics Specialist,14.0,0.0,11.9,34.0,5.0,9.0,Customer Success,L3,"Toronto, ON",10.4,4,High,Medium,Significant Gap
E0454,R002,Senior People Analytics Analyst,9.3,0.0,7.9,43.0,6.0,10.0,Customer Success,L3,"Toronto, ON",10.4,4,High,Medium,Significant Gap
E0454,R003,Talent Intelligence Analyst,7.7,0.0,6.5,36.0,5.0,10.0,Customer Success,L3,"Toronto, ON",10.4,4,High,Medium,Significant Gap
E0454,R004,Workforce Planning Analyst,16.7,0.0,14.2,31.0,4.0,7.0,Customer Success,L3,"Toronto, ON",10.4,4,High,Medium,Significant Gap
E0454,R005,HR Data Analyst,8.3,0.0,7.1,25.0,4.0,7.0,Customer Success,L3,"Toronto, ON",10.4,4,High,Medium,Significant Gap
E0454,R006,People Analytics Manager,12.1,0.0,10.3,46.0,5.0,9.0,Customer Success,L3,"Toronto, ON",10.4,4,High,Medium,Significant Gap
E0454,R007,HRIS & People Data Specialist,1.4,0.0,1.2,36.0,5.0,9.0,Customer Success,L3,"Toronto, ON",10.4,4,High,Medium,Significant Gap
E0454,R008,Talent Management Analytics Specialist,4.2,0.0,3.5,35.0,4.0,9.0,Customer Success,L3,"Toronto, ON",10.4,4,High,Medium,Significant Gap
E0455,R001,People Analytics Specialist,26.8,0.0,22.8,30.0,5.0,6.0,Finance,L3,"Montreal, QC",5.9,5,Solid,High,Significant Gap
E0455,R002,Senior People Analytics Analyst,17.3,0.0,14.7,40.0,6.0,8.0,Finance,L3,"Montreal, QC",5.9,5,Solid,High,Significant Gap
E0455,R003,Talent Intelligence Analyst,5.4,0.0,4.6,37.0,5.0,9.0,Finance,L3,"Montreal, QC",5.9,5,Solid,High,Significant Gap
E0455,R004,Workforce Planning Analyst,21.2,0.0,18.0,30.0,4.0,5.0,Finance,L3,"Montreal, QC",5.9,5,Solid,High,Significant Gap
E0455,R005,HR Data Analyst,21.7,0.0,18.4,22.0,4.0,5.0,Finance,L3,"Montreal, QC",5.9,5,Solid,High,Significant Gap
E0455,R006,People Analytics Manager,16.6,0.0,14.1,43.0,5.0,8.0,Finance,L3,"Montreal, QC",5.9,5,Solid,High,Significant Gap
E0455,R007,HRIS & People Data Specialist,23.9,0.0,20.3,27.0,5.0,5.0,Finance,L3,"Montreal, QC",5.9,5,Solid,High,Significant Gap
E0455,R008,Talent Management Analytics Specialist,10.8,0.0,9.1,33.0,4.0,7.0,Finance,L3,"Montreal, QC",5.9,5,Solid,High,Significant Gap
E0456,R001,People Analytics Specialist,25.0,20.0,24.2,31.0,4.0,7.0,Legal & Compliance,L4,Remote - Canada,0.6,4,Developing,High,Significant Gap
E0456,R002,Senior People Analytics Analyst,27.2,16.7,25.6,34.0,5.0,6.0,Legal & Compliance,L4,Remote - Canada,0.6,4,Developing,High,Significant Gap
E0456,R003,Talent Intelligence Analyst,12.8,0.0,10.9,34.0,5.0,9.0,Legal & Compliance,L4,Remote - Canada,0.6,4,Developing,High,Significant Gap
E0456,R004,Workforce Planning Analyst,26.4,0.0,22.4,27.0,4.0,5.0,Legal & Compliance,L4,Remote - Canada,0.6,4,Developing,High,Significant Gap
E0456,R005,HR Data Analyst,19.6,0.0,16.6,22.0,4.0,4.0,Legal & Compliance,L4,Remote - Canada,0.6,4,Developing,High,Significant Gap
E0456,R006,People Analytics Manager,36.2,20.0,33.8,33.0,4.0,5.0,Legal & Compliance,L4,Remote - Canada,0.6,4,Developing,High,Significant Gap
E0456,R007,HRIS & People Data Specialist,21.0,0.0,17.9,28.0,5.0,4.0,Legal & Compliance,L4,Remote - Canada,0.6,4,Developing,High,Significant Gap
E0456,R008,Talent Management Analytics Specialist,8.3,0.0,7.1,33.0,4.0,8.0,Legal & Compliance,L4,Remote - Canada,0.6,4,Developing,High,Significant Gap
E0457,R001,People Analytics Specialist,26.2,20.0,25.3,30.0,4.0,8.0,Sales,L4,"Vancouver, BC",1.2,2,Solid,High,Significant Gap
E0457,R002,Senior People Analytics Analyst,21.3,16.7,20.6,38.0,5.0,9.0,Sales,L4,"Vancouver, BC",1.2,2,Solid,High,Significant Gap
E0457,R003,Talent Intelligence Analyst,15.4,0.0,13.1,33.0,5.0,9.0,Sales,L4,"Vancouver, BC",1.2,2,Solid,High,Significant Gap
E0457,R004,Workforce Planning Analyst,25.0,0.0,21.2,27.0,4.0,6.0,Sales,L4,"Vancouver, BC",1.2,2,Solid,High,Significant Gap
E0457,R005,HR Data Analyst,12.5,0.0,10.6,25.0,4.0,7.0,Sales,L4,"Vancouver, BC",1.2,2,Solid,High,Significant Gap
E0457,R006,People Analytics Manager,24.1,0.0,20.5,40.0,5.0,8.0,Sales,L4,"Vancouver, BC",1.2,2,Solid,High,Significant Gap
E0457,R007,HRIS & People Data Specialist,10.9,0.0,9.2,32.0,5.0,8.0,Sales,L4,"Vancouver, BC",1.2,2,Solid,High,Significant Gap
E0457,R008,Talent Management Analytics Specialist,16.7,0.0,14.2,30.0,4.0,8.0,Sales,L4,"Vancouver, BC",1.2,2,Solid,High,Significant Gap
E0458,R001,People Analytics Specialist,22.6,0.0,19.2,31.0,5.0,7.0,Customer Success,L5,"Vancouver, BC",4.7,4,Developing,Low,Significant Gap
E0458,R002,Senior People Analytics Analyst,22.7,16.7,21.8,37.0,5.0,8.0,Customer Success,L5,"Vancouver, BC",4.7,4,Developing,Low,Significant Gap
E0458,R003,Talent Intelligence Analyst,15.4,0.0,13.1,33.0,5.0,9.0,Customer Success,L5,"Vancouver, BC",4.7,4,Developing,Low,Significant Gap
E0458,R004,Workforce Planning Analyst,29.9,0.0,25.4,25.0,4.0,5.0,Customer Success,L5,"Vancouver, BC",4.7,4,Developing,Low,Significant Gap
E0458,R005,HR Data Analyst,8.3,0.0,7.1,26.0,4.0,7.0,Customer Success,L5,"Vancouver, BC",4.7,4,Developing,Low,Significant Gap
E0458,R006,People Analytics Manager,27.6,0.0,23.4,38.0,5.0,7.0,Customer Success,L5,"Vancouver, BC",4.7,4,Developing,Low,Significant Gap
E0458,R007,HRIS & People Data Specialist,7.2,0.0,6.2,33.0,5.0,8.0,Customer Success,L5,"Vancouver, BC",4.7,4,Developing,Low,Significant Gap
E0458,R008,Talent Management Analytics Specialist,8.3,0.0,7.1,33.0,4.0,9.0,Customer Success,L5,"Vancouver, BC",4.7,4,Developing,Low,Significant Gap
E0459,R001,People Analytics Specialist,17.0,0.0,14.4,34.0,5.0,8.0,Marketing,L2,"Calgary, AB",11.1,4,Developing,Low,Significant Gap
E0459,R002,Senior People Analytics Analyst,9.0,0.0,7.7,43.0,6.0,9.0,Marketing,L2,"Calgary, AB",11.1,4,Developing,Low,Significant Gap
E0459,R003,Talent Intelligence Analyst,10.3,0.0,8.7,34.0,5.0,8.0,Marketing,L2,"Calgary, AB",11.1,4,Developing,Low,Significant Gap
E0459,R004,Workforce Planning Analyst,17.4,0.0,14.8,31.0,4.0,6.0,Marketing,L2,"Calgary, AB",11.1,4,Developing,Low,Significant Gap
E0459,R005,HR Data Analyst,11.7,0.0,9.9,25.0,4.0,7.0,Marketing,L2,"Calgary, AB",11.1,4,Developing,Low,Significant Gap
E0459,R006,People Analytics Manager,11.4,0.0,9.7,46.0,5.0,8.0,Marketing,L2,"Calgary, AB",11.1,4,Developing,Low,Significant Gap
E0459,R007,HRIS & People Data Specialist,7.2,0.0,6.2,34.0,5.0,8.0,Marketing,L2,"Calgary, AB",11.1,4,Developing,Low,Significant Gap
E0459,R008,Talent Management Analytics Specialist,2.8,0.0,2.4,36.0,4.0,9.0,Marketing,L2,"Calgary, AB",11.1,4,Developing,Low,Significant Gap
E0460,R001,People Analytics Specialist,17.6,0.0,14.9,34.0,5.0,8.0,Human Resources,L2,"Vancouver, BC",7.1,3,Developing,Medium,Significant Gap
E0460,R002,Senior People Analytics Analyst,12.6,0.0,10.7,42.0,6.0,8.0,Human Resources,L2,"Vancouver, BC",7.1,3,Developing,Medium,Significant Gap
E0460,R003,Talent Intelligence Analyst,10.3,0.0,8.7,35.0,5.0,9.0,Human Resources,L2,"Vancouver, BC",7.1,3,Developing,Medium,Significant Gap
E0460,R004,Workforce Planning Analyst,11.1,0.0,9.4,34.0,4.0,7.0,Human Resources,L2,"Vancouver, BC",7.1,3,Developing,Medium,Significant Gap
E0460,R005,HR Data Analyst,40.4,25.0,38.1,18.0,3.0,4.0,Human Resources,L2,"Vancouver, BC",7.1,3,Developing,Medium,Significant Gap
E0460,R006,People Analytics Manager,9.3,0.0,7.9,47.0,5.0,9.0,Human Resources,L2,"Vancouver, BC",7.1,3,Developing,Medium,Significant Gap
E0460,R007,HRIS & People Data Specialist,28.6,0.0,24.3,26.0,5.0,5.0,Human Resources,L2,"Vancouver, BC",7.1,3,Developing,Medium,Significant Gap
E0460,R008,Talent Management Analytics Specialist,14.7,0.0,12.5,31.0,4.0,7.0,Human Resources,L2,"Vancouver, BC",7.1,3,Developing,Medium,Significant Gap
E0461,R001,People Analytics Specialist,30.1,0.0,25.6,29.0,5.0,7.0,Marketing,L2,"Montreal, QC",5.4,4,High,Medium,Significant Gap
E0461,R002,Senior People Analytics Analyst,23.2,0.0,19.7,36.0,6.0,7.0,Marketing,L2,"Montreal, QC",5.4,4,High,Medium,Significant Gap
E0461,R003,Talent Intelligence Analyst,16.3,0.0,13.9,32.0,5.0,8.0,Marketing,L2,"Montreal, QC",5.4,4,High,Medium,Significant Gap
E0461,R004,Workforce Planning Analyst,36.0,0.0,30.6,24.0,4.0,5.0,Marketing,L2,"Montreal, QC",5.4,4,High,Medium,Significant Gap
E0461,R005,HR Data Analyst,26.2,0.0,22.3,20.0,4.0,6.0,Marketing,L2,"Montreal, QC",5.4,4,High,Medium,Significant Gap
E0461,R006,People Analytics Manager,20.7,0.0,17.6,41.0,5.0,8.0,Marketing,L2,"Montreal, QC",5.4,4,High,Medium,Significant Gap
E0461,R007,HRIS & People Data Specialist,18.5,0.0,15.7,31.0,5.0,8.0,Marketing,L2,"Montreal, QC",5.4,4,High,Medium,Significant Gap
E0461,R008,Talent Management Analytics Specialist,6.2,0.0,5.3,34.0,4.0,9.0,Marketing,L2,"Montreal, QC",5.4,4,High,Medium,Significant Gap
E0462,R001,People Analytics Specialist,26.2,0.0,22.3,29.0,5.0,6.0,Customer Success,L2,"Toronto, ON",3.0,3,Solid,High,Significant Gap
E0462,R002,Senior People Analytics Analyst,14.0,0.0,11.9,42.0,6.0,9.0,Customer Success,L2,"Toronto, ON",3.0,3,Solid,High,Significant Gap
E0462,R003,Talent Intelligence Analyst,10.3,0.0,8.7,35.0,5.0,9.0,Customer Success,L2,"Toronto, ON",3.0,3,Solid,High,Significant Gap
E0462,R004,Workforce Planning Analyst,21.5,0.0,18.3,29.0,4.0,6.0,Customer Success,L2,"Toronto, ON",3.0,3,Solid,High,Significant Gap
E0462,R005,HR Data Analyst,16.7,0.0,14.2,23.0,4.0,6.0,Customer Success,L2,"Toronto, ON",3.0,3,Solid,High,Significant Gap
E0462,R006,People Analytics Manager,8.3,0.0,7.0,48.0,5.0,10.0,Customer Success,L2,"Toronto, ON",3.0,3,Solid,High,Significant Gap
E0462,R007,HRIS & People Data Specialist,9.4,0.0,8.0,33.0,5.0,8.0,Customer Success,L2,"Toronto, ON",3.0,3,Solid,High,Significant Gap
E0462,R008,Talent Management Analytics Specialist,6.2,0.0,5.3,34.0,4.0,8.0,Customer Success,L2,"Toronto, ON",3.0,3,Solid,High,Significant Gap
E0463,R001,People Analytics Specialist,22.6,20.0,22.2,32.0,4.0,9.0,Engineering,L5,"Montreal, QC",9.8,2,Solid,High,Significant Gap
E0463,R002,Senior People Analytics Analyst,40.8,16.7,37.2,28.0,5.0,6.0,Engineering,L5,"Montreal, QC",9.8,2,Solid,High,Significant Gap
E0463,R003,Talent Intelligence Analyst,32.1,0.0,27.2,25.0,5.0,6.0,Engineering,L5,"Montreal, QC",9.8,2,Solid,High,Significant Gap
E0463,R004,Workforce Planning Analyst,25.0,0.0,21.2,27.0,4.0,7.0,Engineering,L5,"Montreal, QC",9.8,2,Solid,High,Significant Gap
E0463,R005,HR Data Analyst,14.2,0.0,12.0,25.0,4.0,7.0,Engineering,L5,"Montreal, QC",9.8,2,Solid,High,Significant Gap
E0463,R006,People Analytics Manager,42.4,20.0,39.1,30.0,4.0,6.0,Engineering,L5,"Montreal, QC",9.8,2,Solid,High,Significant Gap
E0463,R007,HRIS & People Data Specialist,30.4,0.0,25.9,24.0,5.0,5.0,Engineering,L5,"Montreal, QC",9.8,2,Solid,High,Significant Gap
E0463,R008,Talent Management Analytics Specialist,8.3,0.0,7.1,33.0,4.0,9.0,Engineering,L5,"Montreal, QC",9.8,2,Solid,High,Significant Gap
E0464,R001,People Analytics Specialist,28.6,20.0,27.3,29.0,4.0,8.0,Sales,L4,"Vancouver, BC",5.5,3,Developing,Medium,Significant Gap
E0464,R002,Senior People Analytics Analyst,22.5,16.7,21.6,37.0,5.0,9.0,Sales,L4,"Vancouver, BC",5.5,3,Developing,Medium,Significant Gap
E0464,R003,Talent Intelligence Analyst,18.3,0.0,15.5,32.0,5.0,8.0,Sales,L4,"Vancouver, BC",5.5,3,Developing,Medium,Significant Gap
E0464,R004,Workforce Planning Analyst,32.5,0.0,27.6,24.0,4.0,5.0,Sales,L4,"Vancouver, BC",5.5,3,Developing,Medium,Significant Gap
E0464,R005,HR Data Analyst,16.2,0.0,13.8,24.0,4.0,7.0,Sales,L4,"Vancouver, BC",5.5,3,Developing,Medium,Significant Gap
E0464,R006,People Analytics Manager,40.0,20.0,37.0,31.0,4.0,6.0,Sales,L4,"Vancouver, BC",5.5,3,Developing,Medium,Significant Gap
E0464,R007,HRIS & People Data Specialist,18.5,0.0,15.7,28.0,5.0,7.0,Sales,L4,"Vancouver, BC",5.5,3,Developing,Medium,Significant Gap
E0464,R008,Talent Management Analytics Specialist,9.0,0.0,7.7,33.0,4.0,8.0,Sales,L4,"Vancouver, BC",5.5,3,Developing,Medium,Significant Gap
E0465,R001,People Analytics Specialist,17.9,20.0,18.2,35.0,4.0,10.0,Engineering,L3,"Toronto, ON",0.4,3,High,High,Significant Gap
E0465,R002,Senior People Analytics Analyst,22.8,0.0,19.4,38.0,6.0,8.0,Engineering,L3,"Toronto, ON",0.4,3,High,High,Significant Gap
E0465,R003,Talent Intelligence Analyst,19.2,0.0,16.3,30.0,5.0,8.0,Engineering,L3,"Toronto, ON",0.4,3,High,High,Significant Gap
E0465,R004,Workforce Planning Analyst,10.4,0.0,8.9,33.0,4.0,8.0,Engineering,L3,"Toronto, ON",0.4,3,High,High,Significant Gap
E0465,R005,HR Data Analyst,25.0,25.0,25.0,22.0,3.0,6.0,Engineering,L3,"Toronto, ON",0.4,3,High,High,Significant Gap
E0465,R006,People Analytics Manager,20.7,0.0,17.6,42.0,5.0,8.0,Engineering,L3,"Toronto, ON",0.4,3,High,High,Significant Gap
E0465,R007,HRIS & People Data Specialist,20.7,0.0,17.6,29.0,5.0,7.0,Engineering,L3,"Toronto, ON",0.4,3,High,High,Significant Gap
E0465,R008,Talent Management Analytics Specialist,10.4,0.0,8.9,32.0,4.0,8.0,Engineering,L3,"Toronto, ON",0.4,3,High,High,Significant Gap
E0466,R001,People Analytics Specialist,22.3,0.0,19.0,31.0,5.0,9.0,Customer Success,L2,"Vancouver, BC",8.4,3,Solid,High,Significant Gap
E0466,R002,Senior People Analytics Analyst,11.0,0.0,9.4,42.0,6.0,10.0,Customer Success,L2,"Vancouver, BC",8.4,3,Solid,High,Significant Gap
E0466,R003,Talent Intelligence Analyst,7.7,0.0,6.5,36.0,5.0,10.0,Customer Success,L2,"Vancouver, BC",8.4,3,Solid,High,Significant Gap
E0466,R004,Workforce Planning Analyst,22.9,0.0,19.5,28.0,4.0,7.0,Customer Success,L2,"Vancouver, BC",8.4,3,Solid,High,Significant Gap
E0466,R005,HR Data Analyst,22.9,0.0,19.5,21.0,4.0,6.0,Customer Success,L2,"Vancouver, BC",8.4,3,Solid,High,Significant Gap
E0466,R006,People Analytics Manager,15.9,0.0,13.5,44.0,5.0,9.0,Customer Success,L2,"Vancouver, BC",8.4,3,Solid,High,Significant Gap
E0466,R007,HRIS & People Data Specialist,12.7,0.0,10.8,32.0,5.0,8.0,Customer Success,L2,"Vancouver, BC",8.4,3,Solid,High,Significant Gap
E0466,R008,Talent Management Analytics Specialist,2.1,0.0,1.8,36.0,4.0,9.0,Customer Success,L2,"Vancouver, BC",8.4,3,Solid,High,Significant Gap
E0467,R001,People Analytics Specialist,18.2,0.0,15.4,33.0,5.0,9.0,Operations,L3,"Montreal, QC",1.1,4,High,High,Significant Gap
E0467,R002,Senior People Analytics Analyst,8.3,0.0,7.1,43.0,6.0,10.0,Operations,L3,"Montreal, QC",1.1,4,High,High,Significant Gap
E0467,R003,Talent Intelligence Analyst,0.0,0.0,0.0,39.0,5.0,11.0,Operations,L3,"Montreal, QC",1.1,4,High,High,Significant Gap
E0467,R004,Workforce Planning Analyst,31.2,0.0,26.6,26.0,4.0,5.0,Operations,L3,"Montreal, QC",1.1,4,High,High,Significant Gap
E0467,R005,HR Data Analyst,25.0,0.0,21.2,21.0,4.0,6.0,Operations,L3,"Montreal, QC",1.1,4,High,High,Significant Gap
E0467,R006,People Analytics Manager,14.5,0.0,12.3,44.0,5.0,9.0,Operations,L3,"Montreal, QC",1.1,4,High,High,Significant Gap
E0467,R007,HRIS & People Data Specialist,19.6,0.0,16.6,29.0,5.0,7.0,Operations,L3,"Montreal, QC",1.1,4,High,High,Significant Gap
E0467,R008,Talent Management Analytics Specialist,0.0,0.0,0.0,37.0,4.0,10.0,Operations,L3,"Montreal, QC",1.1,4,High,High,Significant Gap
E0468,R001,People Analytics Specialist,20.2,20.0,20.2,34.0,4.0,9.0,Engineering,L1,"Toronto, ON",5.1,4,Solid,Medium,Significant Gap
E0468,R002,Senior People Analytics Analyst,30.0,33.3,30.5,35.0,4.0,8.0,Engineering,L1,"Toronto, ON",5.1,4,Solid,Medium,Significant Gap
E0468,R003,Talent Intelligence Analyst,11.5,0.0,9.8,33.0,5.0,9.0,Engineering,L1,"Toronto, ON",5.1,4,Solid,Medium,Significant Gap
E0468,R004,Workforce Planning Analyst,8.3,0.0,7.1,34.0,4.0,9.0,Engineering,L1,"Toronto, ON",5.1,4,Solid,Medium,Significant Gap
E0468,R005,HR Data Analyst,30.4,25.0,29.6,21.0,3.0,5.0,Engineering,L1,"Toronto, ON",5.1,4,Solid,Medium,Significant Gap
E0468,R006,People Analytics Manager,20.3,0.0,17.3,42.0,5.0,9.0,Engineering,L1,"Toronto, ON",5.1,4,Solid,Medium,Significant Gap
E0468,R007,HRIS & People Data Specialist,36.2,20.0,33.8,24.0,4.0,5.0,Engineering,L1,"Toronto, ON",5.1,4,Solid,Medium,Significant Gap
E0468,R008,Talent Management Analytics Specialist,10.4,0.0,8.9,32.0,4.0,8.0,Engineering,L1,"Toronto, ON",5.1,4,Solid,Medium,Significant Gap
E0469,R001,People Analytics Specialist,7.7,0.0,6.6,38.0,5.0,9.0,Customer Success,L2,"Vancouver, BC",6.2,3,Solid,Low,Significant Gap
E0469,R002,Senior People Analytics Analyst,9.5,0.0,8.1,43.0,6.0,8.0,Customer Success,L2,"Vancouver, BC",6.2,3,Solid,Low,Significant Gap
E0469,R003,Talent Intelligence Analyst,14.4,0.0,12.2,33.0,5.0,8.0,Customer Success,L2,"Vancouver, BC",6.2,3,Solid,Low,Significant Gap
E0469,R004,Workforce Planning Analyst,14.3,0.0,12.2,32.0,4.0,5.0,Customer Success,L2,"Vancouver, BC",6.2,3,Solid,Low,Significant Gap
E0469,R005,HR Data Analyst,5.0,0.0,4.2,27.0,4.0,7.0,Customer Success,L2,"Vancouver, BC",6.2,3,Solid,Low,Significant Gap
E0469,R006,People Analytics Manager,13.4,0.0,11.4,45.0,5.0,6.0,Customer Success,L2,"Vancouver, BC",6.2,3,Solid,Low,Significant Gap
E0469,R007,HRIS & People Data Specialist,5.8,0.0,4.9,34.0,5.0,7.0,Customer Success,L2,"Vancouver, BC",6.2,3,Solid,Low,Significant Gap
E0469,R008,Talent Management Analytics Specialist,4.2,0.0,3.5,35.0,4.0,8.0,Customer Success,L2,"Vancouver, BC",6.2,3,Solid,Low,Significant Gap
E0470,R001,People Analytics Specialist,25.9,20.0,25.0,32.0,4.0,9.0,Engineering,L5,"Montreal, QC",3.0,2,Developing,Medium,Significant Gap
E0470,R002,Senior People Analytics Analyst,44.3,33.3,42.7,27.0,4.0,6.0,Engineering,L5,"Montreal, QC",3.0,2,Developing,Medium,Significant Gap
E0470,R003,Talent Intelligence Analyst,30.8,0.0,26.2,27.0,5.0,7.0,Engineering,L5,"Montreal, QC",3.0,2,Developing,Medium,Significant Gap
E0470,R004,Workforce Planning Analyst,22.9,0.0,19.5,28.0,4.0,7.0,Engineering,L5,"Montreal, QC",3.0,2,Developing,Medium,Significant Gap
E0470,R005,HR Data Analyst,18.3,25.0,19.3,24.0,3.0,7.0,Engineering,L5,"Montreal, QC",3.0,2,Developing,Medium,Significant Gap
E0470,R006,People Analytics Manager,36.2,0.0,30.8,34.0,5.0,6.0,Engineering,L5,"Montreal, QC",3.0,2,Developing,Medium,Significant Gap
E0470,R007,HRIS & People Data Specialist,29.0,20.0,27.6,25.0,4.0,6.0,Engineering,L5,"Montreal, QC",3.0,2,Developing,Medium,Significant Gap
E0470,R008,Talent Management Analytics Specialist,12.5,0.0,10.6,31.0,4.0,8.0,Engineering,L5,"Montreal, QC",3.0,2,Developing,Medium,Significant Gap
E0471,R001,People Analytics Specialist,43.2,20.0,39.7,24.0,4.0,6.0,Engineering,L6,"Montreal, QC",3.8,3,Solid,Medium,Significant Gap
E0471,R002,Senior People Analytics Analyst,52.1,33.3,49.3,23.0,4.0,4.0,Engineering,L6,"Montreal, QC",3.8,3,Solid,Medium,Significant Gap
E0471,R003,Talent Intelligence Analyst,30.8,0.0,26.2,27.0,5.0,7.0,Engineering,L6,"Montreal, QC",3.8,3,Solid,Medium,Significant Gap
E0471,R004,Workforce Planning Analyst,29.2,0.0,24.8,25.0,4.0,6.0,Engineering,L6,"Montreal, QC",3.8,3,Solid,Medium,Significant Gap
E0471,R005,HR Data Analyst,45.4,25.0,42.4,15.0,3.0,4.0,Engineering,L6,"Montreal, QC",3.8,3,Solid,Medium,Significant Gap
E0471,R006,People Analytics Manager,37.9,0.0,32.2,33.0,5.0,6.0,Engineering,L6,"Montreal, QC",3.8,3,Solid,Medium,Significant Gap
E0471,R007,HRIS & People Data Specialist,42.4,20.0,39.0,22.0,4.0,5.0,Engineering,L6,"Montreal, QC",3.8,3,Solid,Medium,Significant Gap
E0471,R008,Talent Management Analytics Specialist,14.6,0.0,12.4,30.0,4.0,8.0,Engineering,L6,"Montreal, QC",3.8,3,Solid,Medium,Significant Gap
E0472,R001,People Analytics Specialist,30.4,40.0,31.8,29.0,3.0,8.0,Finance,L5,"Toronto, ON",2.3,2,Solid,Medium,Significant Gap
E0472,R002,Senior People Analytics Analyst,33.3,33.3,33.3,31.0,4.0,8.0,Finance,L5,"Toronto, ON",2.3,2,Solid,Medium,Significant Gap
E0472,R003,Talent Intelligence Analyst,15.4,0.0,13.1,33.0,5.0,9.0,Finance,L5,"Toronto, ON",2.3,2,Solid,Medium,Significant Gap
E0472,R004,Workforce Planning Analyst,44.8,0.0,38.1,20.0,4.0,3.0,Finance,L5,"Toronto, ON",2.3,2,Solid,Medium,Significant Gap
E0472,R005,HR Data Analyst,12.5,0.0,10.6,25.0,4.0,7.0,Finance,L5,"Toronto, ON",2.3,2,Solid,Medium,Significant Gap
E0472,R006,People Analytics Manager,49.7,40.0,48.2,26.0,3.0,6.0,Finance,L5,"Toronto, ON",2.3,2,Solid,Medium,Significant Gap
E0472,R007,HRIS & People Data Specialist,17.4,0.0,14.8,28.0,5.0,7.0,Finance,L5,"Toronto, ON",2.3,2,Solid,Medium,Significant Gap
E0472,R008,Talent Management Analytics Specialist,8.3,0.0,7.1,33.0,4.0,9.0,Finance,L5,"Toronto, ON",2.3,2,Solid,Medium,Significant Gap
E0473,R001,People Analytics Specialist,23.5,0.0,20.0,31.0,5.0,8.0,Legal & Compliance,L4,"Calgary, AB",0.3,4,High,Medium,Significant Gap
E0473,R002,Senior People Analytics Analyst,26.8,0.0,22.8,35.0,6.0,8.0,Legal & Compliance,L4,"Calgary, AB",0.3,4,High,Medium,Significant Gap
E0473,R003,Talent Intelligence Analyst,15.4,0.0,13.1,33.0,5.0,9.0,Legal & Compliance,L4,"Calgary, AB",0.3,4,High,Medium,Significant Gap
E0473,R004,Workforce Planning Analyst,27.1,0.0,23.0,26.0,4.0,6.0,Legal & Compliance,L4,"Calgary, AB",0.3,4,High,Medium,Significant Gap
E0473,R005,HR Data Analyst,24.2,0.0,20.5,21.0,4.0,5.0,Legal & Compliance,L4,"Calgary, AB",0.3,4,High,Medium,Significant Gap
E0473,R006,People Analytics Manager,40.0,20.0,37.0,31.0,4.0,6.0,Legal & Compliance,L4,"Calgary, AB",0.3,4,High,Medium,Significant Gap
E0473,R007,HRIS & People Data Specialist,25.0,0.0,21.2,26.0,5.0,6.0,Legal & Compliance,L4,"Calgary, AB",0.3,4,High,Medium,Significant Gap
E0473,R008,Talent Management Analytics Specialist,8.3,0.0,7.1,33.0,4.0,8.0,Legal & Compliance,L4,"Calgary, AB",0.3,4,High,Medium,Significant Gap
E0474,R001,People Analytics Specialist,17.9,20.0,18.2,34.0,4.0,9.0,Engineering,L6,"Toronto, ON",4.2,3,High,Medium,Significant Gap
E0474,R002,Senior People Analytics Analyst,29.7,0.0,25.2,33.0,6.0,7.0,Engineering,L6,"Toronto, ON",4.2,3,High,Medium,Significant Gap
E0474,R003,Talent Intelligence Analyst,30.8,0.0,26.2,26.0,5.0,6.0,Engineering,L6,"Toronto, ON",4.2,3,High,Medium,Significant Gap
E0474,R004,Workforce Planning Analyst,20.8,0.0,17.7,29.0,4.0,7.0,Engineering,L6,"Toronto, ON",4.2,3,High,Medium,Significant Gap
E0474,R005,HR Data Analyst,3.8,0.0,3.2,28.0,4.0,8.0,Engineering,L6,"Toronto, ON",4.2,3,High,Medium,Significant Gap
E0474,R006,People Analytics Manager,31.0,0.0,26.4,36.0,5.0,7.0,Engineering,L6,"Toronto, ON",4.2,3,High,Medium,Significant Gap
E0474,R007,HRIS & People Data Specialist,14.9,0.0,12.6,30.0,5.0,6.0,Engineering,L6,"Toronto, ON",4.2,3,High,Medium,Significant Gap
E0474,R008,Talent Management Analytics Specialist,4.2,0.0,3.5,35.0,4.0,9.0,Engineering,L6,"Toronto, ON",4.2,3,High,Medium,Significant Gap
E0475,R001,People Analytics Specialist,13.1,20.0,14.1,37.0,4.0,10.0,Engineering,L2,"Calgary, AB",8.8,4,Solid,Low,Significant Gap
E0475,R002,Senior People Analytics Analyst,20.6,16.7,20.0,39.0,5.0,8.0,Engineering,L2,"Calgary, AB",8.8,4,Solid,Low,Significant Gap
E0475,R003,Talent Intelligence Analyst,16.7,0.0,14.2,31.0,5.0,8.0,Engineering,L2,"Calgary, AB",8.8,4,Solid,Low,Significant Gap
E0475,R004,Workforce Planning Analyst,2.1,0.0,1.8,37.0,4.0,9.0,Engineering,L2,"Calgary, AB",8.8,4,Solid,Low,Significant Gap
E0475,R005,HR Data Analyst,30.4,25.0,29.6,20.0,3.0,5.0,Engineering,L2,"Calgary, AB",8.8,4,Solid,Low,Significant Gap
E0475,R006,People Analytics Manager,12.4,0.0,10.6,46.0,5.0,9.0,Engineering,L2,"Calgary, AB",8.8,4,Solid,Low,Significant Gap
E0475,R007,HRIS & People Data Specialist,22.8,20.0,22.4,30.0,4.0,7.0,Engineering,L2,"Calgary, AB",8.8,4,Solid,Low,Significant Gap
E0475,R008,Talent Management Analytics Specialist,6.2,0.0,5.3,34.0,4.0,9.0,Engineering,L2,"Calgary, AB",8.8,4,Solid,Low,Significant Gap
E0476,R001,People Analytics Specialist,22.9,0.0,19.5,32.0,5.0,7.0,Finance,L1,"Vancouver, BC",4.0,2,Solid,Medium,Significant Gap
E0476,R002,Senior People Analytics Analyst,13.2,0.0,11.2,41.0,6.0,8.0,Finance,L1,"Vancouver, BC",4.0,2,Solid,Medium,Significant Gap
E0476,R003,Talent Intelligence Analyst,5.1,0.0,4.4,37.0,5.0,10.0,Finance,L1,"Vancouver, BC",4.0,2,Solid,Medium,Significant Gap
E0476,R004,Workforce Planning Analyst,17.8,0.0,15.1,31.0,4.0,5.0,Finance,L1,"Vancouver, BC",4.0,2,Solid,Medium,Significant Gap
E0476,R005,HR Data Analyst,17.5,0.0,14.9,23.0,4.0,6.0,Finance,L1,"Vancouver, BC",4.0,2,Solid,Medium,Significant Gap
E0476,R006,People Analytics Manager,14.8,0.0,12.6,44.0,5.0,7.0,Finance,L1,"Vancouver, BC",4.0,2,Solid,Medium,Significant Gap
E0476,R007,HRIS & People Data Specialist,15.9,0.0,13.6,31.0,5.0,7.0,Finance,L1,"Vancouver, BC",4.0,2,Solid,Medium,Significant Gap
E0476,R008,Talent Management Analytics Specialist,11.1,0.0,9.4,33.0,4.0,8.0,Finance,L1,"Vancouver, BC",4.0,2,Solid,Medium,Significant Gap
E0477,R001,People Analytics Specialist,7.1,0.0,6.1,39.0,5.0,11.0,Engineering,L3,"Vancouver, BC",3.9,3,Developing,Low,Significant Gap
E0477,R002,Senior People Analytics Analyst,12.8,0.0,10.9,42.0,6.0,8.0,Engineering,L3,"Vancouver, BC",3.9,3,Developing,Low,Significant Gap
E0477,R003,Talent Intelligence Analyst,11.5,0.0,9.8,33.0,5.0,9.0,Engineering,L3,"Vancouver, BC",3.9,3,Developing,Low,Significant Gap
E0477,R004,Workforce Planning Analyst,2.1,0.0,1.8,37.0,4.0,9.0,Engineering,L3,"Vancouver, BC",3.9,3,Developing,Low,Significant Gap
E0477,R005,HR Data Analyst,20.0,0.0,17.0,23.0,4.0,6.0,Engineering,L3,"Vancouver, BC",3.9,3,Developing,Low,Significant Gap
E0477,R006,People Analytics Manager,13.6,0.0,11.5,45.0,5.0,8.0,Engineering,L3,"Vancouver, BC",3.9,3,Developing,Low,Significant Gap
E0477,R007,HRIS & People Data Specialist,18.8,0.0,16.0,30.0,5.0,6.0,Engineering,L3,"Vancouver, BC",3.9,3,Developing,Low,Significant Gap
E0477,R008,Talent Management Analytics Specialist,4.2,0.0,3.5,35.0,4.0,9.0,Engineering,L3,"Vancouver, BC",3.9,3,Developing,Low,Significant Gap
E0478,R001,People Analytics Specialist,25.9,0.0,22.0,30.0,5.0,7.0,Sales,L4,"Montreal, QC",5.6,5,Solid,High,Significant Gap
E0478,R002,Senior People Analytics Analyst,26.8,16.7,25.3,35.0,5.0,7.0,Sales,L4,"Montreal, QC",5.6,5,Solid,High,Significant Gap
E0478,R003,Talent Intelligence Analyst,17.9,0.0,15.3,32.0,5.0,8.0,Sales,L4,"Montreal, QC",5.6,5,Solid,High,Significant Gap
E0478,R004,Workforce Planning Analyst,29.2,0.0,24.8,25.0,4.0,5.0,Sales,L4,"Montreal, QC",5.6,5,Solid,High,Significant Gap
E0478,R005,HR Data Analyst,26.7,25.0,26.4,20.0,3.0,5.0,Sales,L4,"Montreal, QC",5.6,5,Solid,High,Significant Gap
E0478,R006,People Analytics Manager,29.3,0.0,24.9,37.0,5.0,7.0,Sales,L4,"Montreal, QC",5.6,5,Solid,High,Significant Gap
E0478,R007,HRIS & People Data Specialist,20.3,20.0,20.2,29.0,4.0,7.0,Sales,L4,"Montreal, QC",5.6,5,Solid,High,Significant Gap
E0478,R008,Talent Management Analytics Specialist,12.5,0.0,10.6,31.0,4.0,8.0,Sales,L4,"Montreal, QC",5.6,5,Solid,High,Significant Gap
E0479,R001,People Analytics Specialist,12.2,0.0,10.4,36.0,5.0,8.0,Sales,L3,"Montreal, QC",2.1,3,Solid,High,Significant Gap
E0479,R002,Senior People Analytics Analyst,11.2,0.0,9.5,42.0,6.0,8.0,Sales,L3,"Montreal, QC",2.1,3,Solid,High,Significant Gap
E0479,R003,Talent Intelligence Analyst,5.1,0.0,4.4,37.0,5.0,9.0,Sales,L3,"Montreal, QC",2.1,3,Solid,High,Significant Gap
E0479,R004,Workforce Planning Analyst,16.7,0.0,14.2,31.0,4.0,5.0,Sales,L3,"Montreal, QC",2.1,3,Solid,High,Significant Gap
E0479,R005,HR Data Analyst,9.2,0.0,7.8,26.0,4.0,7.0,Sales,L3,"Montreal, QC",2.1,3,Solid,High,Significant Gap
E0479,R006,People Analytics Manager,16.9,0.0,14.4,43.0,5.0,7.0,Sales,L3,"Montreal, QC",2.1,3,Solid,High,Significant Gap
E0479,R007,HRIS & People Data Specialist,11.6,0.0,9.9,31.0,5.0,7.0,Sales,L3,"Montreal, QC",2.1,3,Solid,High,Significant Gap
E0479,R008,Talent Management Analytics Specialist,4.9,0.0,4.1,35.0,4.0,8.0,Sales,L3,"Montreal, QC",2.1,3,Solid,High,Significant Gap
E0480,R001,People Analytics Specialist,22.6,20.0,22.2,33.0,4.0,8.0,Engineering,L2,"Ottawa, ON",6.6,3,Solid,Medium,Significant Gap
E0480,R002,Senior People Analytics Analyst,33.3,16.7,30.8,32.0,5.0,6.0,Engineering,L2,"Ottawa, ON",6.6,3,Solid,Medium,Significant Gap
E0480,R003,Talent Intelligence Analyst,15.4,0.0,13.1,33.0,5.0,9.0,Engineering,L2,"Ottawa, ON",6.6,3,Solid,Medium,Significant Gap
E0480,R004,Workforce Planning Analyst,9.7,0.0,8.3,34.0,4.0,8.0,Engineering,L2,"Ottawa, ON",6.6,3,Solid,Medium,Significant Gap
E0480,R005,HR Data Analyst,22.5,25.0,22.9,24.0,3.0,7.0,Engineering,L2,"Ottawa, ON",6.6,3,Solid,Medium,Significant Gap
E0480,R006,People Analytics Manager,14.5,0.0,12.3,45.0,5.0,9.0,Engineering,L2,"Ottawa, ON",6.6,3,Solid,Medium,Significant Gap
E0480,R007,HRIS & People Data Specialist,31.2,20.0,29.5,26.0,4.0,6.0,Engineering,L2,"Ottawa, ON",6.6,3,Solid,Medium,Significant Gap
E0480,R008,Talent Management Analytics Specialist,0.0,0.0,0.0,37.0,4.0,10.0,Engineering,L2,"Ottawa, ON",6.6,3,Solid,Medium,Significant Gap
E0481,R001,People Analytics Specialist,19.9,0.0,16.9,33.0,5.0,8.0,Finance,L4,"Toronto, ON",4.0,3,Developing,Medium,Significant Gap
E0481,R002,Senior People Analytics Analyst,19.3,0.0,16.4,38.0,6.0,8.0,Finance,L4,"Toronto, ON",4.0,3,Developing,Medium,Significant Gap
E0481,R003,Talent Intelligence Analyst,12.8,0.0,10.9,34.0,5.0,9.0,Finance,L4,"Toronto, ON",4.0,3,Developing,Medium,Significant Gap
E0481,R004,Workforce Planning Analyst,32.6,0.0,27.7,25.0,4.0,3.0,Finance,L4,"Toronto, ON",4.0,3,Developing,Medium,Significant Gap
E0481,R005,HR Data Analyst,9.2,0.0,7.8,26.0,4.0,7.0,Finance,L4,"Toronto, ON",4.0,3,Developing,Medium,Significant Gap
E0481,R006,People Analytics Manager,25.2,0.0,21.4,39.0,5.0,7.0,Finance,L4,"Toronto, ON",4.0,3,Developing,Medium,Significant Gap
E0481,R007,HRIS & People Data Specialist,8.7,0.0,7.4,33.0,5.0,8.0,Finance,L4,"Toronto, ON",4.0,3,Developing,Medium,Significant Gap
E0481,R008,Talent Management Analytics Specialist,4.2,0.0,3.5,35.0,4.0,9.0,Finance,L4,"Toronto, ON",4.0,3,Developing,Medium,Significant Gap
E0482,R001,People Analytics Specialist,16.4,0.0,13.9,34.0,5.0,8.0,Finance,L1,"Toronto, ON",6.0,3,High,Medium,Significant Gap
E0482,R002,Senior People Analytics Analyst,6.7,0.0,5.7,44.0,6.0,10.0,Finance,L1,"Toronto, ON",6.0,3,High,Medium,Significant Gap
E0482,R003,Talent Intelligence Analyst,2.6,0.0,2.2,38.0,5.0,10.0,Finance,L1,"Toronto, ON",6.0,3,High,Medium,Significant Gap
E0482,R004,Workforce Planning Analyst,26.4,25.0,26.2,28.0,3.0,6.0,Finance,L1,"Toronto, ON",6.0,3,High,Medium,Significant Gap
E0482,R005,HR Data Analyst,19.2,0.0,16.3,23.0,4.0,6.0,Finance,L1,"Toronto, ON",6.0,3,High,Medium,Significant Gap
E0482,R006,People Analytics Manager,7.6,0.0,6.4,48.0,5.0,10.0,Finance,L1,"Toronto, ON",6.0,3,High,Medium,Significant Gap
E0482,R007,HRIS & People Data Specialist,12.3,0.0,10.5,33.0,5.0,8.0,Finance,L1,"Toronto, ON",6.0,3,High,Medium,Significant Gap
E0482,R008,Talent Management Analytics Specialist,2.8,0.0,2.4,36.0,4.0,9.0,Finance,L1,"Toronto, ON",6.0,3,High,Medium,Significant Gap
E0483,R001,People Analytics Specialist,17.6,0.0,14.9,33.0,5.0,8.0,Finance,L3,"Toronto, ON",4.1,3,Solid,Medium,Significant Gap
E0483,R002,Senior People Analytics Analyst,10.0,0.0,8.5,43.0,6.0,9.0,Finance,L3,"Toronto, ON",4.1,3,Solid,Medium,Significant Gap
E0483,R003,Talent Intelligence Analyst,0.0,0.0,0.0,39.0,5.0,11.0,Finance,L3,"Toronto, ON",4.1,3,Solid,Medium,Significant Gap
E0483,R004,Workforce Planning Analyst,25.0,0.0,21.2,28.0,4.0,5.0,Finance,L3,"Toronto, ON",4.1,3,Solid,Medium,Significant Gap
E0483,R005,HR Data Analyst,18.3,0.0,15.6,23.0,4.0,6.0,Finance,L3,"Toronto, ON",4.1,3,Solid,Medium,Significant Gap
E0483,R006,People Analytics Manager,5.9,0.0,5.0,49.0,5.0,10.0,Finance,L3,"Toronto, ON",4.1,3,Solid,Medium,Significant Gap
E0483,R007,HRIS & People Data Specialist,9.4,0.0,8.0,34.0,5.0,8.0,Finance,L3,"Toronto, ON",4.1,3,Solid,Medium,Significant Gap
E0483,R008,Talent Management Analytics Specialist,0.0,0.0,0.0,37.0,4.0,10.0,Finance,L3,"Toronto, ON",4.1,3,Solid,Medium,Significant Gap
E0484,R001,People Analytics Specialist,13.7,0.0,11.6,35.0,5.0,9.0,Operations,L3,Remote - Canada,5.3,3,Solid,Low,Significant Gap
E0484,R002,Senior People Analytics Analyst,8.3,0.0,7.1,44.0,6.0,10.0,Operations,L3,Remote - Canada,5.3,3,Solid,Low,Significant Gap
E0484,R003,Talent Intelligence Analyst,5.1,0.0,4.4,37.0,5.0,10.0,Operations,L3,Remote - Canada,5.3,3,Solid,Low,Significant Gap
E0484,R004,Workforce Planning Analyst,20.1,0.0,17.1,30.0,4.0,6.0,Operations,L3,Remote - Canada,5.3,3,Solid,Low,Significant Gap
E0484,R005,HR Data Analyst,11.7,0.0,9.9,25.0,4.0,7.0,Operations,L3,Remote - Canada,5.3,3,Solid,Low,Significant Gap
E0484,R006,People Analytics Manager,12.8,0.0,10.8,45.0,5.0,9.0,Operations,L3,Remote - Canada,5.3,3,Solid,Low,Significant Gap
E0484,R007,HRIS & People Data Specialist,13.0,0.0,11.1,30.0,5.0,7.0,Operations,L3,Remote - Canada,5.3,3,Solid,Low,Significant Gap
E0484,R008,Talent Management Analytics Specialist,4.2,0.0,3.5,35.0,4.0,9.0,Operations,L3,Remote - Canada,5.3,3,Solid,Low,Significant Gap
E0485,R001,People Analytics Specialist,33.3,40.0,34.3,29.0,3.0,8.0,Engineering,L4,"Vancouver, BC",1.0,4,Solid,Medium,Significant Gap
E0485,R002,Senior People Analytics Analyst,43.3,16.7,39.3,28.0,5.0,6.0,Engineering,L4,"Vancouver, BC",1.0,4,Solid,Medium,Significant Gap
E0485,R003,Talent Intelligence Analyst,34.6,0.0,29.4,24.0,5.0,6.0,Engineering,L4,"Vancouver, BC",1.0,4,Solid,Medium,Significant Gap
E0485,R004,Workforce Planning Analyst,25.0,0.0,21.2,27.0,4.0,7.0,Engineering,L4,"Vancouver, BC",1.0,4,Solid,Medium,Significant Gap
E0485,R005,HR Data Analyst,29.2,25.0,28.5,22.0,3.0,6.0,Engineering,L4,"Vancouver, BC",1.0,4,Solid,Medium,Significant Gap
E0485,R006,People Analytics Manager,45.5,0.0,38.7,29.0,5.0,5.0,Engineering,L4,"Vancouver, BC",1.0,4,Solid,Medium,Significant Gap
E0485,R007,HRIS & People Data Specialist,30.1,0.0,25.6,25.0,5.0,5.0,Engineering,L4,"Vancouver, BC",1.0,4,Solid,Medium,Significant Gap
E0485,R008,Talent Management Analytics Specialist,8.3,0.0,7.1,33.0,4.0,9.0,Engineering,L4,"Vancouver, BC",1.0,4,Solid,Medium,Significant Gap
E0486,R001,People Analytics Specialist,35.1,20.0,32.9,26.0,4.0,7.0,Sales,L4,"Vancouver, BC",8.9,3,High,Medium,Significant Gap
E0486,R002,Senior People Analytics Analyst,24.7,16.7,23.5,36.0,5.0,8.0,Sales,L4,"Vancouver, BC",8.9,3,High,Medium,Significant Gap
E0486,R003,Talent Intelligence Analyst,15.4,0.0,13.1,33.0,5.0,9.0,Sales,L4,"Vancouver, BC",8.9,3,High,Medium,Significant Gap
E0486,R004,Workforce Planning Analyst,34.7,0.0,29.5,23.0,4.0,5.0,Sales,L4,"Vancouver, BC",8.9,3,High,Medium,Significant Gap
E0486,R005,HR Data Analyst,27.5,0.0,23.4,19.0,4.0,5.0,Sales,L4,"Vancouver, BC",8.9,3,High,Medium,Significant Gap
E0486,R006,People Analytics Manager,31.4,20.0,29.7,36.0,4.0,7.0,Sales,L4,"Vancouver, BC",8.9,3,High,Medium,Significant Gap
E0486,R007,HRIS & People Data Specialist,16.7,0.0,14.2,30.0,5.0,7.0,Sales,L4,"Vancouver, BC",8.9,3,High,Medium,Significant Gap
E0486,R008,Talent Management Analytics Specialist,12.5,0.0,10.6,31.0,4.0,8.0,Sales,L4,"Vancouver, BC",8.9,3,High,Medium,Significant Gap
E0487,R001,People Analytics Specialist,26.2,0.0,22.3,30.0,5.0,8.0,Customer Success,L2,"Toronto, ON",2.2,4,Solid,High,Significant Gap
E0487,R002,Senior People Analytics Analyst,22.7,0.0,19.3,36.0,6.0,7.0,Customer Success,L2,"Toronto, ON",2.2,4,Solid,High,Significant Gap
E0487,R003,Talent Intelligence Analyst,7.7,0.0,6.5,36.0,5.0,10.0,Customer Success,L2,"Toronto, ON",2.2,4,Solid,High,Significant Gap
E0487,R004,Workforce Planning Analyst,32.6,0.0,27.7,25.0,4.0,5.0,Customer Success,L2,"Toronto, ON",2.2,4,Solid,High,Significant Gap
E0487,R005,HR Data Analyst,22.5,0.0,19.1,20.0,4.0,6.0,Customer Success,L2,"Toronto, ON",2.2,4,Solid,High,Significant Gap
E0487,R006,People Analytics Manager,15.5,0.0,13.2,44.0,5.0,9.0,Customer Success,L2,"Toronto, ON",2.2,4,Solid,High,Significant Gap
E0487,R007,HRIS & People Data Specialist,14.5,0.0,12.3,32.0,5.0,8.0,Customer Success,L2,"Toronto, ON",2.2,4,Solid,High,Significant Gap
E0487,R008,Talent Management Analytics Specialist,6.2,0.0,5.3,34.0,4.0,9.0,Customer Success,L2,"Toronto, ON",2.2,4,Solid,High,Significant Gap
E0488,R001,People Analytics Specialist,51.8,40.0,50.0,21.0,3.0,5.0,Human Resources,L4,"Toronto, ON",5.0,3,Solid,High,Significant Gap
E0488,R002,Senior People Analytics Analyst,45.0,33.3,43.2,27.0,4.0,6.0,Human Resources,L4,"Toronto, ON",5.0,3,Solid,High,Significant Gap
E0488,R003,Talent Intelligence Analyst,26.9,20.0,25.9,29.0,4.0,8.0,Human Resources,L4,"Toronto, ON",5.0,3,Solid,High,Significant Gap
E0488,R004,Workforce Planning Analyst,53.1,0.0,45.1,16.0,4.0,3.0,Human Resources,L4,"Toronto, ON",5.0,3,Solid,High,Significant Gap
E0488,R005,HR Data Analyst,52.9,50.0,52.5,16.0,2.0,4.0,Human Resources,L4,"Toronto, ON",5.0,3,Solid,High,Significant Gap
E0488,R006,People Analytics Manager,57.9,20.0,52.2,22.0,4.0,4.0,Human Resources,L4,"Toronto, ON",5.0,3,Solid,High,Significant Gap
E0488,R007,HRIS & People Data Specialist,40.1,0.0,34.1,22.0,5.0,5.0,Human Resources,L4,"Toronto, ON",5.0,3,Solid,High,Significant Gap
E0488,R008,Talent Management Analytics Specialist,31.1,25.0,30.2,25.0,3.0,6.0,Human Resources,L4,"Toronto, ON",5.0,3,Solid,High,Significant Gap
E0489,R001,People Analytics Specialist,16.7,0.0,14.2,35.0,5.0,9.0,Engineering,L3,Remote - Canada,5.3,4,Solid,Medium,Significant Gap
E0489,R002,Senior People Analytics Analyst,23.6,0.0,20.1,38.0,6.0,8.0,Engineering,L3,Remote - Canada,5.3,4,Solid,Medium,Significant Gap
E0489,R003,Talent Intelligence Analyst,23.1,0.0,19.6,29.0,5.0,7.0,Engineering,L3,Remote - Canada,5.3,4,Solid,Medium,Significant Gap
E0489,R004,Workforce Planning Analyst,6.2,0.0,5.3,35.0,4.0,9.0,Engineering,L3,Remote - Canada,5.3,4,Solid,Medium,Significant Gap
E0489,R005,HR Data Analyst,23.8,0.0,20.2,23.0,4.0,6.0,Engineering,L3,Remote - Canada,5.3,4,Solid,Medium,Significant Gap
E0489,R006,People Analytics Manager,21.1,0.0,18.0,41.0,5.0,8.0,Engineering,L3,Remote - Canada,5.3,4,Solid,Medium,Significant Gap
E0489,R007,HRIS & People Data Specialist,28.3,0.0,24.0,25.0,5.0,5.0,Engineering,L3,Remote - Canada,5.3,4,Solid,Medium,Significant Gap
E0489,R008,Talent Management Analytics Specialist,6.2,0.0,5.3,34.0,4.0,9.0,Engineering,L3,Remote - Canada,5.3,4,Solid,Medium,Significant Gap
E0490,R001,People Analytics Specialist,22.0,0.0,18.7,32.0,5.0,7.0,Marketing,L1,"Toronto, ON",0.9,4,Developing,Low,Significant Gap
E0490,R002,Senior People Analytics Analyst,11.7,0.0,9.9,43.0,6.0,9.0,Marketing,L1,"Toronto, ON",0.9,4,Developing,Low,Significant Gap
E0490,R003,Talent Intelligence Analyst,10.3,0.0,8.7,35.0,5.0,9.0,Marketing,L1,"Toronto, ON",0.9,4,Developing,Low,Significant Gap
E0490,R004,Workforce Planning Analyst,15.3,0.0,13.0,32.0,4.0,6.0,Marketing,L1,"Toronto, ON",0.9,4,Developing,Low,Significant Gap
E0490,R005,HR Data Analyst,5.8,0.0,5.0,27.0,4.0,7.0,Marketing,L1,"Toronto, ON",0.9,4,Developing,Low,Significant Gap
E0490,R006,People Analytics Manager,7.2,0.0,6.2,48.0,5.0,9.0,Marketing,L1,"Toronto, ON",0.9,4,Developing,Low,Significant Gap
E0490,R007,HRIS & People Data Specialist,7.2,0.0,6.2,33.0,5.0,7.0,Marketing,L1,"Toronto, ON",0.9,4,Developing,Low,Significant Gap
E0490,R008,Talent Management Analytics Specialist,10.4,0.0,8.9,33.0,4.0,8.0,Marketing,L1,"Toronto, ON",0.9,4,Developing,Low,Significant Gap
E0491,R001,People Analytics Specialist,25.6,20.0,24.8,31.0,4.0,8.0,Engineering,L3,"Vancouver, BC",5.6,3,High,Medium,Significant Gap
E0491,R002,Senior People Analytics Analyst,27.5,16.7,25.9,36.0,5.0,8.0,Engineering,L3,"Vancouver, BC",5.6,3,High,Medium,Significant Gap
E0491,R003,Talent Intelligence Analyst,25.6,0.0,21.8,28.0,5.0,7.0,Engineering,L3,"Vancouver, BC",5.6,3,High,Medium,Significant Gap
E0491,R004,Workforce Planning Analyst,12.5,0.0,10.6,32.0,4.0,8.0,Engineering,L3,"Vancouver, BC",5.6,3,High,Medium,Significant Gap
E0491,R005,HR Data Analyst,26.2,25.0,26.1,22.0,3.0,6.0,Engineering,L3,"Vancouver, BC",5.6,3,High,Medium,Significant Gap
E0491,R006,People Analytics Manager,13.1,0.0,11.1,46.0,5.0,10.0,Engineering,L3,"Vancouver, BC",5.6,3,High,Medium,Significant Gap
E0491,R007,HRIS & People Data Specialist,26.4,20.0,25.5,27.0,4.0,6.0,Engineering,L3,"Vancouver, BC",5.6,3,High,Medium,Significant Gap
E0491,R008,Talent Management Analytics Specialist,6.2,0.0,5.3,34.0,4.0,9.0,Engineering,L3,"Vancouver, BC",5.6,3,High,Medium,Significant Gap
E0492,R001,People Analytics Specialist,17.6,0.0,14.9,34.0,5.0,8.0,Marketing,L1,"Vancouver, BC",3.3,4,High,High,Significant Gap
E0492,R002,Senior People Analytics Analyst,14.1,0.0,11.9,41.0,6.0,8.0,Marketing,L1,"Vancouver, BC",3.3,4,High,High,Significant Gap
E0492,R003,Talent Intelligence Analyst,14.1,0.0,12.0,33.0,5.0,7.0,Marketing,L1,"Vancouver, BC",3.3,4,High,High,Significant Gap
E0492,R004,Workforce Planning Analyst,18.1,0.0,15.3,31.0,4.0,6.0,Marketing,L1,"Vancouver, BC",3.3,4,High,High,Significant Gap
E0492,R005,HR Data Analyst,12.5,0.0,10.6,24.0,4.0,6.0,Marketing,L1,"Vancouver, BC",3.3,4,High,High,Significant Gap
E0492,R006,People Analytics Manager,15.2,0.0,12.9,44.0,5.0,8.0,Marketing,L1,"Vancouver, BC",3.3,4,High,High,Significant Gap
E0492,R007,HRIS & People Data Specialist,10.1,0.0,8.6,32.0,5.0,7.0,Marketing,L1,"Vancouver, BC",3.3,4,High,High,Significant Gap
E0492,R008,Talent Management Analytics Specialist,6.2,0.0,5.3,34.0,4.0,8.0,Marketing,L1,"Vancouver, BC",3.3,4,High,High,Significant Gap
E0493,R001,People Analytics Specialist,13.4,0.0,11.4,35.0,5.0,8.0,Sales,L2,"Vancouver, BC",0.3,4,Solid,High,Significant Gap
E0493,R002,Senior People Analytics Analyst,9.5,0.0,8.1,43.0,6.0,9.0,Sales,L2,"Vancouver, BC",0.3,4,Solid,High,Significant Gap
E0493,R003,Talent Intelligence Analyst,5.1,0.0,4.4,37.0,5.0,9.0,Sales,L2,"Vancouver, BC",0.3,4,Solid,High,Significant Gap
E0493,R004,Workforce Planning Analyst,15.3,0.0,13.0,31.0,4.0,6.0,Sales,L2,"Vancouver, BC",0.3,4,Solid,High,Significant Gap
E0493,R005,HR Data Analyst,12.5,0.0,10.6,25.0,4.0,7.0,Sales,L2,"Vancouver, BC",0.3,4,Solid,High,Significant Gap
E0493,R006,People Analytics Manager,10.3,0.0,8.8,47.0,5.0,9.0,Sales,L2,"Vancouver, BC",0.3,4,Solid,High,Significant Gap
E0493,R007,HRIS & People Data Specialist,8.0,0.0,6.8,34.0,5.0,8.0,Sales,L2,"Vancouver, BC",0.3,4,Solid,High,Significant Gap
E0493,R008,Talent Management Analytics Specialist,2.1,0.0,1.8,36.0,4.0,9.0,Sales,L2,"Vancouver, BC",0.3,4,Solid,High,Significant Gap
E0494,R001,People Analytics Specialist,19.0,0.0,16.2,34.0,5.0,8.0,Human Resources,L3,"Montreal, QC",12.6,3,Solid,Low,Significant Gap
E0494,R002,Senior People Analytics Analyst,17.5,0.0,14.9,39.0,6.0,8.0,Human Resources,L3,"Montreal, QC",12.6,3,Solid,Low,Significant Gap
E0494,R003,Talent Intelligence Analyst,5.1,0.0,4.4,37.0,5.0,10.0,Human Resources,L3,"Montreal, QC",12.6,3,Solid,Low,Significant Gap
E0494,R004,Workforce Planning Analyst,26.9,0.0,22.9,27.0,4.0,6.0,Human Resources,L3,"Montreal, QC",12.6,3,Solid,Low,Significant Gap
E0494,R005,HR Data Analyst,22.5,0.0,19.1,22.0,4.0,5.0,Human Resources,L3,"Montreal, QC",12.6,3,Solid,Low,Significant Gap
E0494,R006,People Analytics Manager,22.6,0.0,19.2,40.0,5.0,7.0,Human Resources,L3,"Montreal, QC",12.6,3,Solid,Low,Significant Gap
E0494,R007,HRIS & People Data Specialist,17.2,0.0,14.6,30.0,5.0,6.0,Human Resources,L3,"Montreal, QC",12.6,3,Solid,Low,Significant Gap
E0494,R008,Talent Management Analytics Specialist,25.3,0.0,21.5,27.0,4.0,6.0,Human Resources,L3,"Montreal, QC",12.6,3,Solid,Low,Significant Gap
E0495,R001,People Analytics Specialist,35.1,40.0,35.9,28.0,3.0,7.0,Engineering,L4,"Toronto, ON",7.3,2,Developing,Medium,Significant Gap
E0495,R002,Senior People Analytics Analyst,52.4,33.3,49.6,23.0,4.0,5.0,Engineering,L4,"Toronto, ON",7.3,2,Developing,Medium,Significant Gap
E0495,R003,Talent Intelligence Analyst,30.8,0.0,26.2,27.0,5.0,7.0,Engineering,L4,"Toronto, ON",7.3,2,Developing,Medium,Significant Gap
E0495,R004,Workforce Planning Analyst,27.1,0.0,23.0,26.0,4.0,6.0,Engineering,L4,"Toronto, ON",7.3,2,Developing,Medium,Significant Gap
E0495,R005,HR Data Analyst,35.0,25.0,33.5,19.0,3.0,4.0,Engineering,L4,"Toronto, ON",7.3,2,Developing,Medium,Significant Gap
E0495,R006,People Analytics Manager,42.1,0.0,35.8,31.0,5.0,6.0,Engineering,L4,"Toronto, ON",7.3,2,Developing,Medium,Significant Gap
E0495,R007,HRIS & People Data Specialist,39.1,20.0,36.3,23.0,4.0,5.0,Engineering,L4,"Toronto, ON",7.3,2,Developing,Medium,Significant Gap
E0495,R008,Talent Management Analytics Specialist,12.5,0.0,10.6,31.0,4.0,8.0,Engineering,L4,"Toronto, ON",7.3,2,Developing,Medium,Significant Gap
E0496,R001,People Analytics Specialist,25.6,0.0,21.8,29.0,5.0,7.0,Customer Success,L2,"Vancouver, BC",5.0,3,Solid,Medium,Significant Gap
E0496,R002,Senior People Analytics Analyst,16.8,0.0,14.3,39.0,6.0,8.0,Customer Success,L2,"Vancouver, BC",5.0,3,Solid,Medium,Significant Gap
E0496,R003,Talent Intelligence Analyst,10.3,0.0,8.7,35.0,5.0,9.0,Customer Success,L2,"Vancouver, BC",5.0,3,Solid,Medium,Significant Gap
E0496,R004,Workforce Planning Analyst,27.1,0.0,23.0,27.0,4.0,5.0,Customer Success,L2,"Vancouver, BC",5.0,3,Solid,Medium,Significant Gap
E0496,R005,HR Data Analyst,15.0,0.0,12.8,24.0,4.0,7.0,Customer Success,L2,"Vancouver, BC",5.0,3,Solid,Medium,Significant Gap
E0496,R006,People Analytics Manager,17.6,0.0,14.9,43.0,5.0,8.0,Customer Success,L2,"Vancouver, BC",5.0,3,Solid,Medium,Significant Gap
E0496,R007,HRIS & People Data Specialist,10.1,0.0,8.6,33.0,5.0,8.0,Customer Success,L2,"Vancouver, BC",5.0,3,Solid,Medium,Significant Gap
E0496,R008,Talent Management Analytics Specialist,2.1,0.0,1.8,36.0,4.0,9.0,Customer Success,L2,"Vancouver, BC",5.0,3,Solid,Medium,Significant Gap
E0497,R001,People Analytics Specialist,11.9,0.0,10.1,36.0,5.0,9.0,Operations,L2,"Calgary, AB",4.8,4,Solid,High,Significant Gap
E0497,R002,Senior People Analytics Analyst,3.3,0.0,2.8,46.0,6.0,11.0,Operations,L2,"Calgary, AB",4.8,4,Solid,High,Significant Gap
E0497,R003,Talent Intelligence Analyst,0.0,0.0,0.0,39.0,5.0,11.0,Operations,L2,"Calgary, AB",4.8,4,Solid,High,Significant Gap
E0497,R004,Workforce Planning Analyst,17.0,0.0,14.5,32.0,4.0,7.0,Operations,L2,"Calgary, AB",4.8,4,Solid,High,Significant Gap
E0497,R005,HR Data Analyst,21.7,0.0,18.4,21.0,4.0,5.0,Operations,L2,"Calgary, AB",4.8,4,Solid,High,Significant Gap
E0497,R006,People Analytics Manager,3.4,0.0,2.9,50.0,5.0,11.0,Operations,L2,"Calgary, AB",4.8,4,Solid,High,Significant Gap
E0497,R007,HRIS & People Data Specialist,12.3,0.0,10.5,33.0,5.0,8.0,Operations,L2,"Calgary, AB",4.8,4,Solid,High,Significant Gap
E0497,R008,Talent Management Analytics Specialist,6.2,0.0,5.3,34.0,4.0,9.0,Operations,L2,"Calgary, AB",4.8,4,Solid,High,Significant Gap
E0498,R001,People Analytics Specialist,39.9,20.0,36.9,24.0,4.0,6.0,Marketing,L4,"Montreal, QC",2.8,3,Solid,Medium,Significant Gap
E0498,R002,Senior People Analytics Analyst,30.5,16.7,28.4,33.0,5.0,7.0,Marketing,L4,"Montreal, QC",2.8,3,Solid,Medium,Significant Gap
E0498,R003,Talent Intelligence Analyst,15.4,0.0,13.1,33.0,5.0,9.0,Marketing,L4,"Montreal, QC",2.8,3,Solid,Medium,Significant Gap
E0498,R004,Workforce Planning Analyst,41.7,0.0,35.4,20.0,4.0,4.0,Marketing,L4,"Montreal, QC",2.8,3,Solid,Medium,Significant Gap
E0498,R005,HR Data Analyst,31.7,25.0,30.7,19.0,3.0,6.0,Marketing,L4,"Montreal, QC",2.8,3,Solid,Medium,Significant Gap
E0498,R006,People Analytics Manager,35.2,0.0,29.9,34.0,5.0,7.0,Marketing,L4,"Montreal, QC",2.8,3,Solid,Medium,Significant Gap
E0498,R007,HRIS & People Data Specialist,23.2,20.0,22.7,28.0,4.0,7.0,Marketing,L4,"Montreal, QC",2.8,3,Solid,Medium,Significant Gap
E0498,R008,Talent Management Analytics Specialist,8.3,0.0,7.1,33.0,4.0,9.0,Marketing,L4,"Montreal, QC",2.8,3,Solid,Medium,Significant Gap
E0499,R001,People Analytics Specialist,7.7,0.0,6.6,37.0,5.0,10.0,Engineering,L2,"Vancouver, BC",1.8,4,Solid,Medium,Significant Gap
E0499,R002,Senior People Analytics Analyst,14.7,0.0,12.5,40.0,6.0,8.0,Engineering,L2,"Vancouver, BC",1.8,4,Solid,Medium,Significant Gap
E0499,R003,Talent Intelligence Analyst,14.1,0.0,12.0,32.0,5.0,8.0,Engineering,L2,"Vancouver, BC",1.8,4,Solid,Medium,Significant Gap
E0499,R004,Workforce Planning Analyst,12.5,0.0,10.6,32.0,4.0,7.0,Engineering,L2,"Vancouver, BC",1.8,4,Solid,Medium,Significant Gap
E0499,R005,HR Data Analyst,10.8,0.0,9.2,25.0,4.0,7.0,Engineering,L2,"Vancouver, BC",1.8,4,Solid,Medium,Significant Gap
E0499,R006,People Analytics Manager,7.9,0.0,6.7,48.0,5.0,9.0,Engineering,L2,"Vancouver, BC",1.8,4,Solid,Medium,Significant Gap
E0499,R007,HRIS & People Data Specialist,13.4,0.0,11.4,32.0,5.0,7.0,Engineering,L2,"Vancouver, BC",1.8,4,Solid,Medium,Significant Gap
E0499,R008,Talent Management Analytics Specialist,2.1,0.0,1.8,36.0,4.0,9.0,Engineering,L2,"Vancouver, BC",1.8,4,Solid,Medium,Significant Gap
E0500,R001,People Analytics Specialist,17.9,0.0,15.2,33.0,5.0,7.0,Customer Success,L1,"Vancouver, BC",9.9,3,Developing,Low,Significant Gap
E0500,R002,Senior People Analytics Analyst,20.8,0.0,17.7,37.0,6.0,7.0,Customer Success,L1,"Vancouver, BC",9.9,3,Developing,Low,Significant Gap
E0500,R003,Talent Intelligence Analyst,10.3,0.0,8.7,35.0,5.0,9.0,Customer Success,L1,"Vancouver, BC",9.9,3,Developing,Low,Significant Gap
E0500,R004,Workforce Planning Analyst,11.8,0.0,10.0,33.0,4.0,6.0,Customer Success,L1,"Vancouver, BC",9.9,3,Developing,Low,Significant Gap
E0500,R005,HR Data Analyst,27.5,25.0,27.1,20.0,3.0,5.0,Customer Success,L1,"Vancouver, BC",9.9,3,Developing,Low,Significant Gap
E0500,R006,People Analytics Manager,7.6,0.0,6.4,48.0,5.0,9.0,Customer Success,L1,"Vancouver, BC",9.9,3,Developing,Low,Significant Gap
E0500,R007,HRIS & People Data Specialist,29.0,20.0,27.6,27.0,4.0,6.0,Customer Success,L1,"Vancouver, BC",9.9,3,Developing,Low,Significant Gap
E0500,R008,Talent Management Analytics Specialist,6.2,0.0,5.3,34.0,4.0,8.0,Customer Success,L1,"Vancouver, BC",9.9,3,Developing,Low,Significant Gap
E0501,R001,People Analytics Specialist,36.3,20.0,33.9,26.0,4.0,6.0,Sales,L4,"Ottawa, ON",5.8,4,High,High,Significant Gap
E0501,R002,Senior People Analytics Analyst,35.5,16.7,32.7,31.0,5.0,6.0,Sales,L4,"Ottawa, ON",5.8,4,High,High,Significant Gap
E0501,R003,Talent Intelligence Analyst,15.4,0.0,13.1,33.0,5.0,9.0,Sales,L4,"Ottawa, ON",5.8,4,High,High,Significant Gap
E0501,R004,Workforce Planning Analyst,41.0,0.0,34.8,21.0,4.0,4.0,Sales,L4,"Ottawa, ON",5.8,4,High,High,Significant Gap
E0501,R005,HR Data Analyst,15.4,0.0,13.1,24.0,4.0,6.0,Sales,L4,"Ottawa, ON",5.8,4,High,High,Significant Gap
E0501,R006,People Analytics Manager,33.1,0.0,28.1,35.0,5.0,7.0,Sales,L4,"Ottawa, ON",5.8,4,High,High,Significant Gap
E0501,R007,HRIS & People Data Specialist,16.3,0.0,13.9,30.0,5.0,6.0,Sales,L4,"Ottawa, ON",5.8,4,High,High,Significant Gap
E0501,R008,Talent Management Analytics Specialist,8.3,0.0,7.1,33.0,4.0,9.0,Sales,L4,"Ottawa, ON",5.8,4,High,High,Significant Gap
E0502,R001,People Analytics Specialist,26.2,20.0,25.3,31.0,4.0,8.0,Engineering,L3,"Vancouver, BC",1.0,5,Solid,High,Significant Gap
E0502,R002,Senior People Analytics Analyst,23.9,0.0,20.3,38.0,6.0,8.0,Engineering,L3,"Vancouver, BC",1.0,5,Solid,High,Significant Gap
E0502,R003,Talent Intelligence Analyst,19.2,0.0,16.3,30.0,5.0,8.0,Engineering,L3,"Vancouver, BC",1.0,5,Solid,High,Significant Gap
E0502,R004,Workforce Planning Analyst,12.5,0.0,10.6,33.0,4.0,8.0,Engineering,L3,"Vancouver, BC",1.0,5,Solid,High,Significant Gap
E0502,R005,HR Data Analyst,30.8,25.0,30.0,21.0,3.0,5.0,Engineering,L3,"Vancouver, BC",1.0,5,Solid,High,Significant Gap
E0502,R006,People Analytics Manager,10.3,0.0,8.8,47.0,5.0,9.0,Engineering,L3,"Vancouver, BC",1.0,5,Solid,High,Significant Gap
E0502,R007,HRIS & People Data Specialist,21.0,0.0,17.9,30.0,5.0,6.0,Engineering,L3,"Vancouver, BC",1.0,5,Solid,High,Significant Gap
E0502,R008,Talent Management Analytics Specialist,0.0,0.0,0.0,37.0,4.0,10.0,Engineering,L3,"Vancouver, BC",1.0,5,Solid,High,Significant Gap
E0503,R001,People Analytics Specialist,38.4,0.0,32.6,27.0,5.0,6.0,Human Resources,L4,Remote - Canada,1.8,3,Solid,High,Significant Gap
E0503,R002,Senior People Analytics Analyst,35.1,0.0,29.8,31.0,6.0,5.0,Human Resources,L4,Remote - Canada,1.8,3,Solid,High,Significant Gap
E0503,R003,Talent Intelligence Analyst,23.1,0.0,19.6,30.0,5.0,7.0,Human Resources,L4,Remote - Canada,1.8,3,Solid,High,Significant Gap
E0503,R004,Workforce Planning Analyst,25.7,0.0,21.8,27.0,4.0,6.0,Human Resources,L4,Remote - Canada,1.8,3,Solid,High,Significant Gap
E0503,R005,HR Data Analyst,51.7,50.0,51.4,15.0,2.0,3.0,Human Resources,L4,Remote - Canada,1.8,3,Solid,High,Significant Gap
E0503,R006,People Analytics Manager,47.4,20.0,43.3,28.0,4.0,4.0,Human Resources,L4,Remote - Canada,1.8,3,Solid,High,Significant Gap
E0503,R007,HRIS & People Data Specialist,50.3,20.0,45.7,16.0,4.0,3.0,Human Resources,L4,Remote - Canada,1.8,3,Solid,High,Significant Gap
E0503,R008,Talent Management Analytics Specialist,37.4,0.0,31.8,22.0,4.0,4.0,Human Resources,L4,Remote - Canada,1.8,3,Solid,High,Significant Gap
E0504,R001,People Analytics Specialist,33.3,0.0,28.3,27.0,5.0,6.0,Operations,L4,"Vancouver, BC",3.4,3,Solid,Medium,Significant Gap
E0504,R002,Senior People Analytics Analyst,29.3,0.0,24.9,34.0,6.0,7.0,Operations,L4,"Vancouver, BC",3.4,3,Solid,Medium,Significant Gap
E0504,R003,Talent Intelligence Analyst,15.4,0.0,13.1,33.0,5.0,9.0,Operations,L4,"Vancouver, BC",3.4,3,Solid,Medium,Significant Gap
E0504,R004,Workforce Planning Analyst,41.3,0.0,35.1,21.0,4.0,3.0,Operations,L4,"Vancouver, BC",3.4,3,Solid,Medium,Significant Gap
E0504,R005,HR Data Analyst,15.8,0.0,13.5,24.0,4.0,6.0,Operations,L4,"Vancouver, BC",3.4,3,Solid,Medium,Significant Gap
E0504,R006,People Analytics Manager,33.1,20.0,31.1,35.0,4.0,6.0,Operations,L4,"Vancouver, BC",3.4,3,Solid,Medium,Significant Gap
E0504,R007,HRIS & People Data Specialist,15.2,0.0,12.9,30.0,5.0,6.0,Operations,L4,"Vancouver, BC",3.4,3,Solid,Medium,Significant Gap
E0504,R008,Talent Management Analytics Specialist,6.2,0.0,5.3,34.0,4.0,9.0,Operations,L4,"Vancouver, BC",3.4,3,Solid,Medium,Significant Gap
E0505,R001,People Analytics Specialist,10.1,0.0,8.6,36.0,5.0,10.0,Operations,L3,"Toronto, ON",4.3,3,High,High,Significant Gap
E0505,R002,Senior People Analytics Analyst,5.0,0.0,4.2,45.0,6.0,11.0,Operations,L3,"Toronto, ON",4.3,3,High,High,Significant Gap
E0505,R003,Talent Intelligence Analyst,15.6,0.0,13.2,33.0,5.0,9.0,Operations,L3,"Toronto, ON",4.3,3,High,High,Significant Gap
E0505,R004,Workforce Planning Analyst,28.1,0.0,23.9,27.0,4.0,6.0,Operations,L3,"Toronto, ON",4.3,3,High,High,Significant Gap
E0505,R005,HR Data Analyst,15.0,0.0,12.8,24.0,4.0,7.0,Operations,L3,"Toronto, ON",4.3,3,High,High,Significant Gap
E0505,R006,People Analytics Manager,9.7,0.0,8.2,47.0,5.0,10.0,Operations,L3,"Toronto, ON",4.3,3,High,High,Significant Gap
E0505,R007,HRIS & People Data Specialist,9.4,0.0,8.0,33.0,5.0,8.0,Operations,L3,"Toronto, ON",4.3,3,High,High,Significant Gap
E0505,R008,Talent Management Analytics Specialist,0.0,0.0,0.0,37.0,4.0,10.0,Operations,L3,"Toronto, ON",4.3,3,High,High,Significant Gap
E0506,R001,People Analytics Specialist,22.6,0.0,19.2,32.0,5.0,7.0,Human Resources,L2,"Toronto, ON",2.7,3,Solid,Medium,Significant Gap
E0506,R002,Senior People Analytics Analyst,13.2,0.0,11.2,42.0,6.0,8.0,Human Resources,L2,"Toronto, ON",2.7,3,Solid,Medium,Significant Gap
E0506,R003,Talent Intelligence Analyst,26.9,20.0,25.9,29.0,4.0,7.0,Human Resources,L2,"Toronto, ON",2.7,3,Solid,Medium,Significant Gap
E0506,R004,Workforce Planning Analyst,24.6,0.0,20.9,28.0,4.0,5.0,Human Resources,L2,"Toronto, ON",2.7,3,Solid,Medium,Significant Gap
E0506,R005,HR Data Analyst,18.8,0.0,15.9,24.0,4.0,7.0,Human Resources,L2,"Toronto, ON",2.7,3,Solid,Medium,Significant Gap
E0506,R006,People Analytics Manager,24.1,0.0,20.5,39.0,5.0,7.0,Human Resources,L2,"Toronto, ON",2.7,3,Solid,Medium,Significant Gap
E0506,R007,HRIS & People Data Specialist,17.2,0.0,14.7,30.0,5.0,7.0,Human Resources,L2,"Toronto, ON",2.7,3,Solid,Medium,Significant Gap
E0506,R008,Talent Management Analytics Specialist,27.8,25.0,27.4,27.0,3.0,6.0,Human Resources,L2,"Toronto, ON",2.7,3,Solid,Medium,Significant Gap
E0507,R001,People Analytics Specialist,12.8,0.0,10.9,36.0,5.0,8.0,Sales,L1,"Vancouver, BC",4.8,4,Solid,Medium,Significant Gap
E0507,R002,Senior People Analytics Analyst,7.8,0.0,6.7,44.0,6.0,9.0,Sales,L1,"Vancouver, BC",4.8,4,Solid,Medium,Significant Gap
E0507,R003,Talent Intelligence Analyst,5.1,0.0,4.4,37.0,5.0,9.0,Sales,L1,"Vancouver, BC",4.8,4,Solid,Medium,Significant Gap
E0507,R004,Workforce Planning Analyst,10.4,0.0,8.9,34.0,4.0,7.0,Sales,L1,"Vancouver, BC",4.8,4,Solid,Medium,Significant Gap
E0507,R005,HR Data Analyst,10.4,0.0,8.9,26.0,4.0,7.0,Sales,L1,"Vancouver, BC",4.8,4,Solid,Medium,Significant Gap
E0507,R006,People Analytics Manager,12.8,0.0,10.8,45.0,5.0,8.0,Sales,L1,"Vancouver, BC",4.8,4,Solid,Medium,Significant Gap
E0507,R007,HRIS & People Data Specialist,14.9,0.0,12.6,30.0,5.0,6.0,Sales,L1,"Vancouver, BC",4.8,4,Solid,Medium,Significant Gap
E0507,R008,Talent Management Analytics Specialist,10.4,0.0,8.9,33.0,4.0,8.0,Sales,L1,"Vancouver, BC",4.8,4,Solid,Medium,Significant Gap
E0508,R001,People Analytics Specialist,25.3,0.0,21.5,31.0,5.0,7.0,Sales,L3,"Vancouver, BC",3.5,3,High,High,Significant Gap
E0508,R002,Senior People Analytics Analyst,18.5,0.0,15.7,39.0,6.0,8.0,Sales,L3,"Vancouver, BC",3.5,3,High,High,Significant Gap
E0508,R003,Talent Intelligence Analyst,15.4,0.0,13.1,33.0,5.0,9.0,Sales,L3,"Vancouver, BC",3.5,3,High,High,Significant Gap
E0508,R004,Workforce Planning Analyst,20.1,0.0,17.1,30.0,4.0,7.0,Sales,L3,"Vancouver, BC",3.5,3,High,High,Significant Gap
E0508,R005,HR Data Analyst,13.7,0.0,11.7,24.0,4.0,6.0,Sales,L3,"Vancouver, BC",3.5,3,High,High,Significant Gap
E0508,R006,People Analytics Manager,19.3,0.0,16.4,42.0,5.0,8.0,Sales,L3,"Vancouver, BC",3.5,3,High,High,Significant Gap
E0508,R007,HRIS & People Data Specialist,16.3,0.0,13.9,29.0,5.0,6.0,Sales,L3,"Vancouver, BC",3.5,3,High,High,Significant Gap
E0508,R008,Talent Management Analytics Specialist,16.0,0.0,13.6,30.0,4.0,7.0,Sales,L3,"Vancouver, BC",3.5,3,High,High,Significant Gap
E0509,R001,People Analytics Specialist,32.1,20.0,30.3,28.0,4.0,7.0,Finance,L4,"Vancouver, BC",0.3,4,Solid,High,Significant Gap
E0509,R002,Senior People Analytics Analyst,29.7,16.7,27.7,33.0,5.0,8.0,Finance,L4,"Vancouver, BC",0.3,4,Solid,High,Significant Gap
E0509,R003,Talent Intelligence Analyst,17.9,0.0,15.3,32.0,5.0,8.0,Finance,L4,"Vancouver, BC",0.3,4,Solid,High,Significant Gap
E0509,R004,Workforce Planning Analyst,46.9,0.0,39.8,19.0,4.0,4.0,Finance,L4,"Vancouver, BC",0.3,4,Solid,High,Significant Gap
E0509,R005,HR Data Analyst,20.0,0.0,17.0,21.0,4.0,6.0,Finance,L4,"Vancouver, BC",0.3,4,Solid,High,Significant Gap
E0509,R006,People Analytics Manager,37.2,20.0,34.7,33.0,4.0,7.0,Finance,L4,"Vancouver, BC",0.3,4,Solid,High,Significant Gap
E0509,R007,HRIS & People Data Specialist,13.0,0.0,11.1,31.0,5.0,8.0,Finance,L4,"Vancouver, BC",0.3,4,Solid,High,Significant Gap
E0509,R008,Talent Management Analytics Specialist,19.4,0.0,16.5,28.0,4.0,7.0,Finance,L4,"Vancouver, BC",0.3,4,Solid,High,Significant Gap
E0510,R001,People Analytics Specialist,11.9,0.0,10.1,36.0,5.0,8.0,Sales,L3,"Montreal, QC",3.8,4,High,Low,Significant Gap
E0510,R002,Senior People Analytics Analyst,5.3,0.0,4.5,45.0,6.0,9.0,Sales,L3,"Montreal, QC",3.8,4,High,Low,Significant Gap
E0510,R003,Talent Intelligence Analyst,2.6,0.0,2.2,38.0,5.0,10.0,Sales,L3,"Montreal, QC",3.8,4,High,Low,Significant Gap
E0510,R004,Workforce Planning Analyst,9.7,0.0,8.3,34.0,4.0,6.0,Sales,L3,"Montreal, QC",3.8,4,High,Low,Significant Gap
E0510,R005,HR Data Analyst,13.3,0.0,11.3,25.0,4.0,6.0,Sales,L3,"Montreal, QC",3.8,4,High,Low,Significant Gap
E0510,R006,People Analytics Manager,9.3,0.0,7.9,47.0,5.0,8.0,Sales,L3,"Montreal, QC",3.8,4,High,Low,Significant Gap
E0510,R007,HRIS & People Data Specialist,12.3,0.0,10.5,32.0,5.0,7.0,Sales,L3,"Montreal, QC",3.8,4,High,Low,Significant Gap
E0510,R008,Talent Management Analytics Specialist,8.3,0.0,7.1,34.0,4.0,9.0,Sales,L3,"Montreal, QC",3.8,4,High,Low,Significant Gap
E0511,R001,People Analytics Specialist,43.2,20.0,39.7,23.0,4.0,6.0,Sales,L2,"Toronto, ON",4.2,3,Solid,Medium,Significant Gap
E0511,R002,Senior People Analytics Analyst,25.2,0.0,21.4,36.0,6.0,8.0,Sales,L2,"Toronto, ON",4.2,3,Solid,Medium,Significant Gap
E0511,R003,Talent Intelligence Analyst,24.0,0.0,20.4,30.0,5.0,7.0,Sales,L2,"Toronto, ON",4.2,3,Solid,Medium,Significant Gap
E0511,R004,Workforce Planning Analyst,34.7,0.0,29.5,24.0,4.0,5.0,Sales,L2,"Toronto, ON",4.2,3,Solid,Medium,Significant Gap
E0511,R005,HR Data Analyst,32.1,0.0,27.3,18.0,4.0,5.0,Sales,L2,"Toronto, ON",4.2,3,Solid,Medium,Significant Gap
E0511,R006,People Analytics Manager,19.3,0.0,16.4,42.0,5.0,9.0,Sales,L2,"Toronto, ON",4.2,3,Solid,Medium,Significant Gap
E0511,R007,HRIS & People Data Specialist,22.8,0.0,19.4,28.0,5.0,7.0,Sales,L2,"Toronto, ON",4.2,3,Solid,Medium,Significant Gap
E0511,R008,Talent Management Analytics Specialist,16.7,0.0,14.2,30.0,4.0,7.0,Sales,L2,"Toronto, ON",4.2,3,Solid,Medium,Significant Gap
E0512,R001,People Analytics Specialist,18.5,0.0,15.7,33.0,5.0,8.0,Finance,L2,"Montreal, QC",11.7,3,High,Low,Significant Gap
E0512,R002,Senior People Analytics Analyst,5.8,0.0,5.0,45.0,6.0,10.0,Finance,L2,"Montreal, QC",11.7,3,High,Low,Significant Gap
E0512,R003,Talent Intelligence Analyst,0.0,0.0,0.0,39.0,5.0,11.0,Finance,L2,"Montreal, QC",11.7,3,High,Low,Significant Gap
E0512,R004,Workforce Planning Analyst,21.9,0.0,18.6,30.0,4.0,6.0,Finance,L2,"Montreal, QC",11.7,3,High,Low,Significant Gap
E0512,R005,HR Data Analyst,27.9,0.0,23.7,19.0,4.0,5.0,Finance,L2,"Montreal, QC",11.7,3,High,Low,Significant Gap
E0512,R006,People Analytics Manager,3.4,0.0,2.9,50.0,5.0,11.0,Finance,L2,"Montreal, QC",11.7,3,High,Low,Significant Gap
E0512,R007,HRIS & People Data Specialist,15.6,0.0,13.2,32.0,5.0,8.0,Finance,L2,"Montreal, QC",11.7,3,High,Low,Significant Gap
E0512,R008,Talent Management Analytics Specialist,8.3,0.0,7.1,33.0,4.0,9.0,Finance,L2,"Montreal, QC",11.7,3,High,Low,Significant Gap
E0513,R001,People Analytics Specialist,30.4,0.0,25.8,28.0,5.0,5.0,Human Resources,L3,Remote - Canada,0.4,4,High,Medium,Significant Gap
E0513,R002,Senior People Analytics Analyst,18.2,0.0,15.4,39.0,6.0,7.0,Human Resources,L3,Remote - Canada,0.4,4,High,Medium,Significant Gap
E0513,R003,Talent Intelligence Analyst,10.3,0.0,8.7,35.0,5.0,9.0,Human Resources,L3,Remote - Canada,0.4,4,High,Medium,Significant Gap
E0513,R004,Workforce Planning Analyst,15.3,0.0,13.0,32.0,4.0,6.0,Human Resources,L3,Remote - Canada,0.4,4,High,Medium,Significant Gap
E0513,R005,HR Data Analyst,35.4,25.0,33.9,20.0,3.0,4.0,Human Resources,L3,Remote - Canada,0.4,4,High,Medium,Significant Gap
E0513,R006,People Analytics Manager,8.5,0.0,7.2,48.0,5.0,9.0,Human Resources,L3,Remote - Canada,0.4,4,High,Medium,Significant Gap
E0513,R007,HRIS & People Data Specialist,21.5,0.0,18.3,29.0,5.0,7.0,Human Resources,L3,Remote - Canada,0.4,4,High,Medium,Significant Gap
E0513,R008,Talent Management Analytics Specialist,18.8,0.0,15.9,30.0,4.0,6.0,Human Resources,L3,Remote - Canada,0.4,4,High,Medium,Significant Gap
E0514,R001,People Analytics Specialist,20.8,20.0,20.7,33.0,4.0,9.0,Engineering,L3,"Montreal, QC",4.7,4,Solid,Low,Significant Gap
E0514,R002,Senior People Analytics Analyst,30.6,16.7,28.5,34.0,5.0,6.0,Engineering,L3,"Montreal, QC",4.7,4,Solid,Low,Significant Gap
E0514,R003,Talent Intelligence Analyst,15.4,0.0,13.1,32.0,5.0,8.0,Engineering,L3,"Montreal, QC",4.7,4,Solid,Low,Significant Gap
E0514,R004,Workforce Planning Analyst,12.5,0.0,10.6,32.0,4.0,7.0,Engineering,L3,"Montreal, QC",4.7,4,Solid,Low,Significant Gap
E0514,R005,HR Data Analyst,25.8,25.0,25.7,22.0,3.0,6.0,Engineering,L3,"Montreal, QC",4.7,4,Solid,Low,Significant Gap
E0514,R006,People Analytics Manager,14.8,0.0,12.6,45.0,5.0,8.0,Engineering,L3,"Montreal, QC",4.7,4,Solid,Low,Significant Gap
E0514,R007,HRIS & People Data Specialist,27.9,20.0,26.7,27.0,4.0,6.0,Engineering,L3,"Montreal, QC",4.7,4,Solid,Low,Significant Gap
E0514,R008,Talent Management Analytics Specialist,4.2,0.0,3.5,35.0,4.0,9.0,Engineering,L3,"Montreal, QC",4.7,4,Solid,Low,Significant Gap
E0515,R001,People Analytics Specialist,28.9,0.0,24.5,29.0,5.0,7.0,Operations,L2,"Toronto, ON",7.9,3,High,Medium,Significant Gap
E0515,R002,Senior People Analytics Analyst,15.7,0.0,13.3,40.0,6.0,8.0,Operations,L2,"Toronto, ON",7.9,3,High,Medium,Significant Gap
E0515,R003,Talent Intelligence Analyst,12.1,0.0,10.2,34.0,5.0,9.0,Operations,L2,"Toronto, ON",7.9,3,High,Medium,Significant Gap
E0515,R004,Workforce Planning Analyst,16.7,0.0,14.2,31.0,4.0,7.0,Operations,L2,"Toronto, ON",7.9,3,High,Medium,Significant Gap
E0515,R005,HR Data Analyst,31.2,0.0,26.6,19.0,4.0,5.0,Operations,L2,"Toronto, ON",7.9,3,High,Medium,Significant Gap
E0515,R006,People Analytics Manager,16.9,0.0,14.4,43.0,5.0,8.0,Operations,L2,"Toronto, ON",7.9,3,High,Medium,Significant Gap
E0515,R007,HRIS & People Data Specialist,33.0,0.0,28.0,24.0,5.0,4.0,Operations,L2,"Toronto, ON",7.9,3,High,Medium,Significant Gap
E0515,R008,Talent Management Analytics Specialist,9.7,0.0,8.3,33.0,4.0,8.0,Operations,L2,"Toronto, ON",7.9,3,High,Medium,Significant Gap
E0516,R001,People Analytics Specialist,19.9,0.0,16.9,32.0,5.0,8.0,Customer Success,L4,"Montreal, QC",4.5,3,Developing,Medium,Significant Gap
E0516,R002,Senior People Analytics Analyst,20.2,0.0,17.1,38.0,6.0,9.0,Customer Success,L4,"Montreal, QC",4.5,3,Developing,Medium,Significant Gap
E0516,R003,Talent Intelligence Analyst,22.3,0.0,19.0,30.0,5.0,8.0,Customer Success,L4,"Montreal, QC",4.5,3,Developing,Medium,Significant Gap
E0516,R004,Workforce Planning Analyst,29.6,0.0,25.1,25.0,4.0,5.0,Customer Success,L4,"Montreal, QC",4.5,3,Developing,Medium,Significant Gap
E0516,R005,HR Data Analyst,8.3,0.0,7.1,25.0,4.0,7.0,Customer Success,L4,"Montreal, QC",4.5,3,Developing,Medium,Significant Gap
E0516,R006,People Analytics Manager,32.8,0.0,27.8,35.0,5.0,6.0,Customer Success,L4,"Montreal, QC",4.5,3,Developing,Medium,Significant Gap
E0516,R007,HRIS & People Data Specialist,8.7,0.0,7.4,31.0,5.0,8.0,Customer Success,L4,"Montreal, QC",4.5,3,Developing,Medium,Significant Gap
E0516,R008,Talent Management Analytics Specialist,10.4,0.0,8.9,32.0,4.0,8.0,Customer Success,L4,"Montreal, QC",4.5,3,Developing,Medium,Significant Gap
E0517,R001,People Analytics Specialist,34.5,20.0,32.3,26.0,4.0,5.0,Customer Success,L5,"Vancouver, BC",9.8,3,Developing,High,Significant Gap
E0517,R002,Senior People Analytics Analyst,31.3,16.7,29.1,33.0,5.0,6.0,Customer Success,L5,"Vancouver, BC",9.8,3,Developing,High,Significant Gap
E0517,R003,Talent Intelligence Analyst,15.4,0.0,13.1,33.0,5.0,9.0,Customer Success,L5,"Vancouver, BC",9.8,3,Developing,High,Significant Gap
E0517,R004,Workforce Planning Analyst,34.0,0.0,28.9,24.0,4.0,4.0,Customer Success,L5,"Vancouver, BC",9.8,3,Developing,High,Significant Gap
E0517,R005,HR Data Analyst,12.5,0.0,10.6,24.0,4.0,6.0,Customer Success,L5,"Vancouver, BC",9.8,3,Developing,High,Significant Gap
E0517,R006,People Analytics Manager,32.8,0.0,27.8,35.0,5.0,6.0,Customer Success,L5,"Vancouver, BC",9.8,3,Developing,High,Significant Gap
E0517,R007,HRIS & People Data Specialist,11.6,0.0,9.9,31.0,5.0,7.0,Customer Success,L5,"Vancouver, BC",9.8,3,Developing,High,Significant Gap
E0517,R008,Talent Management Analytics Specialist,12.5,0.0,10.6,31.0,4.0,8.0,Customer Success,L5,"Vancouver, BC",9.8,3,Developing,High,Significant Gap
E0518,R001,People Analytics Specialist,17.3,0.0,14.7,33.0,5.0,9.0,Operations,L2,"Vancouver, BC",6.4,3,Solid,Medium,Significant Gap
E0518,R002,Senior People Analytics Analyst,3.3,0.0,2.8,46.0,6.0,11.0,Operations,L2,"Vancouver, BC",6.4,3,Solid,Medium,Significant Gap
E0518,R003,Talent Intelligence Analyst,0.0,0.0,0.0,39.0,5.0,11.0,Operations,L2,"Vancouver, BC",6.4,3,Solid,Medium,Significant Gap
E0518,R004,Workforce Planning Analyst,23.3,0.0,19.8,29.0,4.0,6.0,Operations,L2,"Vancouver, BC",6.4,3,Solid,Medium,Significant Gap
E0518,R005,HR Data Analyst,29.2,0.0,24.8,18.0,4.0,5.0,Operations,L2,"Vancouver, BC",6.4,3,Solid,Medium,Significant Gap
E0518,R006,People Analytics Manager,3.4,0.0,2.9,50.0,5.0,11.0,Operations,L2,"Vancouver, BC",6.4,3,Solid,Medium,Significant Gap
E0518,R007,HRIS & People Data Specialist,12.3,0.0,10.5,33.0,5.0,8.0,Operations,L2,"Vancouver, BC",6.4,3,Solid,Medium,Significant Gap
E0518,R008,Talent Management Analytics Specialist,6.2,0.0,5.3,34.0,4.0,9.0,Operations,L2,"Vancouver, BC",6.4,3,Solid,Medium,Significant Gap
E0519,R001,People Analytics Specialist,23.8,0.0,20.2,30.0,5.0,7.0,Customer Success,L3,"Toronto, ON",3.3,3,Developing,Low,Significant Gap
E0519,R002,Senior People Analytics Analyst,20.0,0.0,17.0,37.0,6.0,7.0,Customer Success,L3,"Toronto, ON",3.3,3,Developing,Low,Significant Gap
E0519,R003,Talent Intelligence Analyst,5.1,0.0,4.4,37.0,5.0,10.0,Customer Success,L3,"Toronto, ON",3.3,3,Developing,Low,Significant Gap
E0519,R004,Workforce Planning Analyst,20.1,0.0,17.1,29.0,4.0,6.0,Customer Success,L3,"Toronto, ON",3.3,3,Developing,Low,Significant Gap
E0519,R005,HR Data Analyst,17.5,0.0,14.9,22.0,4.0,6.0,Customer Success,L3,"Toronto, ON",3.3,3,Developing,Low,Significant Gap
E0519,R006,People Analytics Manager,11.7,0.0,10.0,46.0,5.0,9.0,Customer Success,L3,"Toronto, ON",3.3,3,Developing,Low,Significant Gap
E0519,R007,HRIS & People Data Specialist,14.5,0.0,12.3,31.0,5.0,7.0,Customer Success,L3,"Toronto, ON",3.3,3,Developing,Low,Significant Gap
E0519,R008,Talent Management Analytics Specialist,8.3,0.0,7.1,33.0,4.0,8.0,Customer Success,L3,"Toronto, ON",3.3,3,Developing,Low,Significant Gap
E0520,R001,People Analytics Specialist,32.1,40.0,33.3,28.0,3.0,8.0,Operations,L4,"Vancouver, BC",1.7,3,Solid,High,Significant Gap
E0520,R002,Senior People Analytics Analyst,31.7,33.3,31.9,32.0,4.0,8.0,Operations,L4,"Vancouver, BC",1.7,3,Solid,High,Significant Gap
E0520,R003,Talent Intelligence Analyst,15.4,0.0,13.1,33.0,5.0,9.0,Operations,L4,"Vancouver, BC",1.7,3,Solid,High,Significant Gap
E0520,R004,Workforce Planning Analyst,47.9,0.0,40.7,19.0,4.0,3.0,Operations,L4,"Vancouver, BC",1.7,3,Solid,High,Significant Gap
E0520,R005,HR Data Analyst,15.0,0.0,12.8,24.0,4.0,7.0,Operations,L4,"Vancouver, BC",1.7,3,Solid,High,Significant Gap
E0520,R006,People Analytics Manager,40.7,40.0,40.6,31.0,3.0,7.0,Operations,L4,"Vancouver, BC",1.7,3,Solid,High,Significant Gap
E0520,R007,HRIS & People Data Specialist,13.0,0.0,11.1,31.0,5.0,8.0,Operations,L4,"Vancouver, BC",1.7,3,Solid,High,Significant Gap
E0520,R008,Talent Management Analytics Specialist,8.3,0.0,7.1,33.0,4.0,9.0,Operations,L4,"Vancouver, BC",1.7,3,Solid,High,Significant Gap
E0521,R001,People Analytics Specialist,21.7,0.0,18.5,30.0,5.0,7.0,Customer Success,L3,"Vancouver, BC",11.8,3,Developing,Low,Significant Gap
E0521,R002,Senior People Analytics Analyst,11.2,0.0,9.5,43.0,6.0,9.0,Customer Success,L3,"Vancouver, BC",11.8,3,Developing,Low,Significant Gap
E0521,R003,Talent Intelligence Analyst,10.3,0.0,8.7,35.0,5.0,9.0,Customer Success,L3,"Vancouver, BC",11.8,3,Developing,Low,Significant Gap
E0521,R004,Workforce Planning Analyst,15.3,0.0,13.0,31.0,4.0,6.0,Customer Success,L3,"Vancouver, BC",11.8,3,Developing,Low,Significant Gap
E0521,R005,HR Data Analyst,14.2,0.0,12.0,24.0,4.0,6.0,Customer Success,L3,"Vancouver, BC",11.8,3,Developing,Low,Significant Gap
E0521,R006,People Analytics Manager,10.3,0.0,8.8,47.0,5.0,9.0,Customer Success,L3,"Vancouver, BC",11.8,3,Developing,Low,Significant Gap
E0521,R007,HRIS & People Data Specialist,10.9,0.0,9.2,32.0,5.0,8.0,Customer Success,L3,"Vancouver, BC",11.8,3,Developing,Low,Significant Gap
E0521,R008,Talent Management Analytics Specialist,8.3,0.0,7.1,33.0,4.0,8.0,Customer Success,L3,"Vancouver, BC",11.8,3,Developing,Low,Significant Gap
E0522,R001,People Analytics Specialist,27.4,20.0,26.3,31.0,4.0,8.0,Engineering,L3,"Vancouver, BC",7.1,2,Solid,Low,Significant Gap
E0522,R002,Senior People Analytics Analyst,36.7,0.0,31.2,32.0,6.0,6.0,Engineering,L3,"Vancouver, BC",7.1,2,Solid,Low,Significant Gap
E0522,R003,Talent Intelligence Analyst,20.5,0.0,17.4,31.0,5.0,8.0,Engineering,L3,"Vancouver, BC",7.1,2,Solid,Low,Significant Gap
E0522,R004,Workforce Planning Analyst,16.7,0.0,14.2,31.0,4.0,7.0,Engineering,L3,"Vancouver, BC",7.1,2,Solid,Low,Significant Gap
E0522,R005,HR Data Analyst,32.5,25.0,31.4,21.0,3.0,6.0,Engineering,L3,"Vancouver, BC",7.1,2,Solid,Low,Significant Gap
E0522,R006,People Analytics Manager,20.3,0.0,17.3,42.0,5.0,8.0,Engineering,L3,"Vancouver, BC",7.1,2,Solid,Low,Significant Gap
E0522,R007,HRIS & People Data Specialist,29.0,0.0,24.6,27.0,5.0,6.0,Engineering,L3,"Vancouver, BC",7.1,2,Solid,Low,Significant Gap
E0522,R008,Talent Management Analytics Specialist,4.2,0.0,3.5,35.0,4.0,9.0,Engineering,L3,"Vancouver, BC",7.1,2,Solid,Low,Significant Gap
E0523,R001,People Analytics Specialist,12.5,0.0,10.6,35.0,5.0,10.0,Legal & Compliance,L3,"Montreal, QC",3.2,4,Developing,Medium,Significant Gap
E0523,R002,Senior People Analytics Analyst,6.1,0.0,5.2,45.0,6.0,10.0,Legal & Compliance,L3,"Montreal, QC",3.2,4,Developing,Medium,Significant Gap
E0523,R003,Talent Intelligence Analyst,0.0,0.0,0.0,39.0,5.0,11.0,Legal & Compliance,L3,"Montreal, QC",3.2,4,Developing,Medium,Significant Gap
E0523,R004,Workforce Planning Analyst,8.3,0.0,7.1,34.0,4.0,8.0,Legal & Compliance,L3,"Montreal, QC",3.2,4,Developing,Medium,Significant Gap
E0523,R005,HR Data Analyst,25.4,0.0,21.6,21.0,4.0,6.0,Legal & Compliance,L3,"Montreal, QC",3.2,4,Developing,Medium,Significant Gap
E0523,R006,People Analytics Manager,10.7,0.0,9.1,46.0,5.0,9.0,Legal & Compliance,L3,"Montreal, QC",3.2,4,Developing,Medium,Significant Gap
E0523,R007,HRIS & People Data Specialist,20.7,0.0,17.6,29.0,5.0,7.0,Legal & Compliance,L3,"Montreal, QC",3.2,4,Developing,Medium,Significant Gap
E0523,R008,Talent Management Analytics Specialist,0.0,0.0,0.0,37.0,4.0,10.0,Legal & Compliance,L3,"Montreal, QC",3.2,4,Developing,Medium,Significant Gap
E0524,R001,People Analytics Specialist,6.2,0.0,5.3,38.0,5.0,10.0,Operations,L3,"Toronto, ON",8.1,4,Solid,Low,Significant Gap
E0524,R002,Senior People Analytics Analyst,5.0,0.0,4.2,45.0,6.0,10.0,Operations,L3,"Toronto, ON",8.1,4,Solid,Low,Significant Gap
E0524,R003,Talent Intelligence Analyst,0.0,0.0,0.0,39.0,5.0,11.0,Operations,L3,"Toronto, ON",8.1,4,Solid,Low,Significant Gap
E0524,R004,Workforce Planning Analyst,20.5,0.0,17.4,30.0,4.0,6.0,Operations,L3,"Toronto, ON",8.1,4,Solid,Low,Significant Gap
E0524,R005,HR Data Analyst,10.0,0.0,8.5,25.0,4.0,6.0,Operations,L3,"Toronto, ON",8.1,4,Solid,Low,Significant Gap
E0524,R006,People Analytics Manager,9.3,0.0,7.9,47.0,5.0,9.0,Operations,L3,"Toronto, ON",8.1,4,Solid,Low,Significant Gap
E0524,R007,HRIS & People Data Specialist,5.8,0.0,4.9,34.0,5.0,8.0,Operations,L3,"Toronto, ON",8.1,4,Solid,Low,Significant Gap
E0524,R008,Talent Management Analytics Specialist,2.1,0.0,1.8,36.0,4.0,9.0,Operations,L3,"Toronto, ON",8.1,4,Solid,Low,Significant Gap
E0525,R001,People Analytics Specialist,36.0,40.0,36.6,27.0,3.0,6.0,Human Resources,L4,"Ottawa, ON",3.5,2,Solid,High,Significant Gap
E0525,R002,Senior People Analytics Analyst,34.2,33.3,34.0,32.0,4.0,8.0,Human Resources,L4,"Ottawa, ON",3.5,2,Solid,High,Significant Gap
E0525,R003,Talent Intelligence Analyst,17.9,0.0,15.3,32.0,5.0,8.0,Human Resources,L4,"Ottawa, ON",3.5,2,Solid,High,Significant Gap
E0525,R004,Workforce Planning Analyst,25.0,0.0,21.2,27.0,4.0,7.0,Human Resources,L4,"Ottawa, ON",3.5,2,Solid,High,Significant Gap
E0525,R005,HR Data Analyst,33.8,50.0,36.2,22.0,2.0,6.0,Human Resources,L4,"Ottawa, ON",3.5,2,Solid,High,Significant Gap
E0525,R006,People Analytics Manager,46.2,40.0,45.3,29.0,3.0,6.0,Human Resources,L4,"Ottawa, ON",3.5,2,Solid,High,Significant Gap
E0525,R007,HRIS & People Data Specialist,28.1,0.0,23.9,25.0,5.0,5.0,Human Resources,L4,"Ottawa, ON",3.5,2,Solid,High,Significant Gap
E0525,R008,Talent Management Analytics Specialist,21.4,0.0,18.2,28.0,4.0,6.0,Human Resources,L4,"Ottawa, ON",3.5,2,Solid,High,Significant Gap
E0526,R001,People Analytics Specialist,17.9,20.0,18.2,34.0,4.0,10.0,Engineering,L3,"Vancouver, BC",6.0,3,Solid,Low,Significant Gap
E0526,R002,Senior People Analytics Analyst,21.7,16.7,20.9,37.0,5.0,9.0,Engineering,L3,"Vancouver, BC",6.0,3,Solid,Low,Significant Gap
E0526,R003,Talent Intelligence Analyst,6.4,0.0,5.4,35.0,5.0,9.0,Engineering,L3,"Vancouver, BC",6.0,3,Solid,Low,Significant Gap
E0526,R004,Workforce Planning Analyst,14.6,0.0,12.4,31.0,4.0,8.0,Engineering,L3,"Vancouver, BC",6.0,3,Solid,Low,Significant Gap
E0526,R005,HR Data Analyst,28.3,25.0,27.8,20.0,3.0,6.0,Engineering,L3,"Vancouver, BC",6.0,3,Solid,Low,Significant Gap
E0526,R006,People Analytics Manager,13.1,0.0,11.1,46.0,5.0,10.0,Engineering,L3,"Vancouver, BC",6.0,3,Solid,Low,Significant Gap
E0526,R007,HRIS & People Data Specialist,21.7,20.0,21.5,30.0,4.0,8.0,Engineering,L3,"Vancouver, BC",6.0,3,Solid,Low,Significant Gap
E0526,R008,Talent Management Analytics Specialist,4.2,0.0,3.5,35.0,4.0,9.0,Engineering,L3,"Vancouver, BC",6.0,3,Solid,Low,Significant Gap
E0527,R001,People Analytics Specialist,23.5,0.0,20.0,30.0,5.0,7.0,Human Resources,L2,"Toronto, ON",4.2,3,Solid,Medium,Significant Gap
E0527,R002,Senior People Analytics Analyst,23.3,0.0,19.8,36.0,6.0,7.0,Human Resources,L2,"Toronto, ON",4.2,3,Solid,Medium,Significant Gap
E0527,R003,Talent Intelligence Analyst,18.6,0.0,15.8,32.0,5.0,8.0,Human Resources,L2,"Toronto, ON",4.2,3,Solid,Medium,Significant Gap
E0527,R004,Workforce Planning Analyst,14.6,0.0,12.4,32.0,4.0,7.0,Human Resources,L2,"Toronto, ON",4.2,3,Solid,Medium,Significant Gap
E0527,R005,HR Data Analyst,14.2,0.0,12.0,24.0,4.0,6.0,Human Resources,L2,"Toronto, ON",4.2,3,Solid,Medium,Significant Gap
E0527,R006,People Analytics Manager,14.8,0.0,12.6,44.0,5.0,8.0,Human Resources,L2,"Toronto, ON",4.2,3,Solid,Medium,Significant Gap
E0527,R007,HRIS & People Data Specialist,11.0,0.0,9.4,32.0,5.0,7.0,Human Resources,L2,"Toronto, ON",4.2,3,Solid,Medium,Significant Gap
E0527,R008,Talent Management Analytics Specialist,24.3,0.0,20.7,28.0,4.0,6.0,Human Resources,L2,"Toronto, ON",4.2,3,Solid,Medium,Significant Gap
E0528,R001,People Analytics Specialist,25.6,20.0,24.8,32.0,4.0,8.0,Engineering,L3,"Toronto, ON",3.7,3,Developing,Medium,Significant Gap
E0528,R002,Senior People Analytics Analyst,33.7,16.7,31.2,32.0,5.0,6.0,Engineering,L3,"Toronto, ON",3.7,3,Developing,Medium,Significant Gap
E0528,R003,Talent Intelligence Analyst,11.5,0.0,9.8,33.0,5.0,9.0,Engineering,L3,"Toronto, ON",3.7,3,Developing,Medium,Significant Gap
E0528,R004,Workforce Planning Analyst,17.5,0.0,14.9,30.0,4.0,7.0,Engineering,L3,"Toronto, ON",3.7,3,Developing,Medium,Significant Gap
E0528,R005,HR Data Analyst,27.1,25.0,26.8,22.0,3.0,5.0,Engineering,L3,"Toronto, ON",3.7,3,Developing,Medium,Significant Gap
E0528,R006,People Analytics Manager,28.6,0.0,24.3,38.0,5.0,6.0,Engineering,L3,"Toronto, ON",3.7,3,Developing,Medium,Significant Gap
E0528,R007,HRIS & People Data Specialist,38.4,20.0,35.6,23.0,4.0,4.0,Engineering,L3,"Toronto, ON",3.7,3,Developing,Medium,Significant Gap
E0528,R008,Talent Management Analytics Specialist,11.8,0.0,10.0,32.0,4.0,8.0,Engineering,L3,"Toronto, ON",3.7,3,Developing,Medium,Significant Gap
E0529,R001,People Analytics Specialist,13.7,0.0,11.6,35.0,5.0,9.0,Engineering,L3,"Calgary, AB",8.7,3,Solid,Medium,Significant Gap
E0529,R002,Senior People Analytics Analyst,26.1,0.0,22.2,35.0,6.0,7.0,Engineering,L3,"Calgary, AB",8.7,3,Solid,Medium,Significant Gap
E0529,R003,Talent Intelligence Analyst,21.8,0.0,18.5,29.0,5.0,7.0,Engineering,L3,"Calgary, AB",8.7,3,Solid,Medium,Significant Gap
E0529,R004,Workforce Planning Analyst,13.9,0.0,11.8,32.0,4.0,7.0,Engineering,L3,"Calgary, AB",8.7,3,Solid,Medium,Significant Gap
E0529,R005,HR Data Analyst,21.7,0.0,18.4,21.0,4.0,5.0,Engineering,L3,"Calgary, AB",8.7,3,Solid,Medium,Significant Gap
E0529,R006,People Analytics Manager,11.0,0.0,9.4,46.0,5.0,9.0,Engineering,L3,"Calgary, AB",8.7,3,Solid,Medium,Significant Gap
E0529,R007,HRIS & People Data Specialist,23.9,0.0,20.3,28.0,5.0,6.0,Engineering,L3,"Calgary, AB",8.7,3,Solid,Medium,Significant Gap
E0529,R008,Talent Management Analytics Specialist,8.3,0.0,7.1,33.0,4.0,8.0,Engineering,L3,"Calgary, AB",8.7,3,Solid,Medium,Significant Gap
E0530,R001,People Analytics Specialist,26.5,0.0,22.5,31.0,5.0,7.0,Engineering,L2,"Toronto, ON",4.4,3,Solid,Low,Significant Gap
E0530,R002,Senior People Analytics Analyst,28.1,0.0,23.8,34.0,6.0,5.0,Engineering,L2,"Toronto, ON",4.4,3,Solid,Low,Significant Gap
E0530,R003,Talent Intelligence Analyst,19.2,0.0,16.3,30.0,5.0,7.0,Engineering,L2,"Toronto, ON",4.4,3,Solid,Low,Significant Gap
E0530,R004,Workforce Planning Analyst,14.6,0.0,12.4,32.0,4.0,6.0,Engineering,L2,"Toronto, ON",4.4,3,Solid,Low,Significant Gap
E0530,R005,HR Data Analyst,29.2,0.0,24.8,21.0,4.0,5.0,Engineering,L2,"Toronto, ON",4.4,3,Solid,Low,Significant Gap
E0530,R006,People Analytics Manager,17.4,0.0,14.8,43.0,5.0,7.0,Engineering,L2,"Toronto, ON",4.4,3,Solid,Low,Significant Gap
E0530,R007,HRIS & People Data Specialist,23.2,0.0,19.7,29.0,5.0,6.0,Engineering,L2,"Toronto, ON",4.4,3,Solid,Low,Significant Gap
E0530,R008,Talent Management Analytics Specialist,2.1,0.0,1.8,36.0,4.0,9.0,Engineering,L2,"Toronto, ON",4.4,3,Solid,Low,Significant Gap
E0531,R001,People Analytics Specialist,13.1,0.0,11.1,35.0,5.0,9.0,Engineering,L3,"Toronto, ON",0.3,3,High,Medium,Significant Gap
E0531,R002,Senior People Analytics Analyst,15.0,0.0,12.8,41.0,6.0,9.0,Engineering,L3,"Toronto, ON",0.3,3,High,Medium,Significant Gap
E0531,R003,Talent Intelligence Analyst,24.4,0.0,20.7,28.0,5.0,7.0,Engineering,L3,"Toronto, ON",0.3,3,High,Medium,Significant Gap
E0531,R004,Workforce Planning Analyst,8.3,0.0,7.1,34.0,4.0,8.0,Engineering,L3,"Toronto, ON",0.3,3,High,Medium,Significant Gap
E0531,R005,HR Data Analyst,12.5,0.0,10.6,25.0,4.0,7.0,Engineering,L3,"Toronto, ON",0.3,3,High,Medium,Significant Gap
E0531,R006,People Analytics Manager,4.1,0.0,3.5,50.0,5.0,11.0,Engineering,L3,"Toronto, ON",0.3,3,High,Medium,Significant Gap
E0531,R007,HRIS & People Data Specialist,15.2,0.0,12.9,31.0,5.0,7.0,Engineering,L3,"Toronto, ON",0.3,3,High,Medium,Significant Gap
E0531,R008,Talent Management Analytics Specialist,4.2,0.0,3.5,35.0,4.0,9.0,Engineering,L3,"Toronto, ON",0.3,3,High,Medium,Significant Gap
E0532,R001,People Analytics Specialist,17.6,0.0,14.9,34.0,5.0,8.0,Human Resources,L2,"Vancouver, BC",2.4,3,Solid,Low,Significant Gap
E0532,R002,Senior People Analytics Analyst,9.8,0.0,8.4,43.0,6.0,9.0,Human Resources,L2,"Vancouver, BC",2.4,3,Solid,Low,Significant Gap
E0532,R003,Talent Intelligence Analyst,18.6,0.0,15.8,32.0,5.0,8.0,Human Resources,L2,"Vancouver, BC",2.4,3,Solid,Low,Significant Gap
E0532,R004,Workforce Planning Analyst,22.1,0.0,18.8,29.0,4.0,5.0,Human Resources,L2,"Vancouver, BC",2.4,3,Solid,Low,Significant Gap
E0532,R005,HR Data Analyst,2.5,0.0,2.1,28.0,4.0,8.0,Human Resources,L2,"Vancouver, BC",2.4,3,Solid,Low,Significant Gap
E0532,R006,People Analytics Manager,20.3,0.0,17.3,41.0,5.0,7.0,Human Resources,L2,"Vancouver, BC",2.4,3,Solid,Low,Significant Gap
E0532,R007,HRIS & People Data Specialist,2.9,0.0,2.5,35.0,5.0,9.0,Human Resources,L2,"Vancouver, BC",2.4,3,Solid,Low,Significant Gap
E0532,R008,Talent Management Analytics Specialist,25.7,0.0,21.8,28.0,4.0,6.0,Human Resources,L2,"Vancouver, BC",2.4,3,Solid,Low,Significant Gap
E0533,R001,People Analytics Specialist,25.0,0.0,21.2,31.0,5.0,7.0,Marketing,L3,"Vancouver, BC",4.9,3,Solid,Low,Significant Gap
E0533,R002,Senior People Analytics Analyst,14.5,0.0,12.3,42.0,6.0,9.0,Marketing,L3,"Vancouver, BC",4.9,3,Solid,Low,Significant Gap
E0533,R003,Talent Intelligence Analyst,17.9,0.0,15.3,31.0,5.0,7.0,Marketing,L3,"Vancouver, BC",4.9,3,Solid,Low,Significant Gap
E0533,R004,Workforce Planning Analyst,15.3,0.0,13.0,32.0,4.0,7.0,Marketing,L3,"Vancouver, BC",4.9,3,Solid,Low,Significant Gap
E0533,R005,HR Data Analyst,7.1,0.0,6.0,26.0,4.0,7.0,Marketing,L3,"Vancouver, BC",4.9,3,Solid,Low,Significant Gap
E0533,R006,People Analytics Manager,6.2,0.0,5.3,49.0,5.0,10.0,Marketing,L3,"Vancouver, BC",4.9,3,Solid,Low,Significant Gap
E0533,R007,HRIS & People Data Specialist,6.2,0.0,5.2,34.0,5.0,8.0,Marketing,L3,"Vancouver, BC",4.9,3,Solid,Low,Significant Gap
E0533,R008,Talent Management Analytics Specialist,16.7,0.0,14.2,30.0,4.0,7.0,Marketing,L3,"Vancouver, BC",4.9,3,Solid,Low,Significant Gap
E0534,R001,People Analytics Specialist,21.4,0.0,18.2,32.0,5.0,8.0,Sales,L3,"Montreal, QC",5.6,3,Developing,Medium,Significant Gap
E0534,R002,Senior People Analytics Analyst,17.8,0.0,15.2,39.0,6.0,8.0,Sales,L3,"Montreal, QC",5.6,3,Developing,Medium,Significant Gap
E0534,R003,Talent Intelligence Analyst,17.2,0.0,14.6,32.0,5.0,8.0,Sales,L3,"Montreal, QC",5.6,3,Developing,Medium,Significant Gap
E0534,R004,Workforce Planning Analyst,33.2,0.0,28.2,24.0,4.0,4.0,Sales,L3,"Montreal, QC",5.6,3,Developing,Medium,Significant Gap
E0534,R005,HR Data Analyst,15.0,0.0,12.8,24.0,4.0,7.0,Sales,L3,"Montreal, QC",5.6,3,Developing,Medium,Significant Gap
E0534,R006,People Analytics Manager,22.8,0.0,19.3,40.0,5.0,7.0,Sales,L3,"Montreal, QC",5.6,3,Developing,Medium,Significant Gap
E0534,R007,HRIS & People Data Specialist,13.0,0.0,11.1,31.0,5.0,8.0,Sales,L3,"Montreal, QC",5.6,3,Developing,Medium,Significant Gap
E0534,R008,Talent Management Analytics Specialist,14.6,0.0,12.4,31.0,4.0,8.0,Sales,L3,"Montreal, QC",5.6,3,Developing,Medium,Significant Gap
E0535,R001,People Analytics Specialist,21.4,20.0,21.2,32.0,4.0,9.0,Sales,L4,"Toronto, ON",5.3,4,Solid,High,Significant Gap
E0535,R002,Senior People Analytics Analyst,24.7,16.7,23.5,36.0,5.0,9.0,Sales,L4,"Toronto, ON",5.3,4,Solid,High,Significant Gap
E0535,R003,Talent Intelligence Analyst,15.4,0.0,13.1,33.0,5.0,9.0,Sales,L4,"Toronto, ON",5.3,4,Solid,High,Significant Gap
E0535,R004,Workforce Planning Analyst,29.2,0.0,24.8,25.0,4.0,6.0,Sales,L4,"Toronto, ON",5.3,4,Solid,High,Significant Gap
E0535,R005,HR Data Analyst,10.0,0.0,8.5,24.0,4.0,7.0,Sales,L4,"Toronto, ON",5.3,4,Solid,High,Significant Gap
E0535,R006,People Analytics Manager,35.5,20.0,33.2,34.0,4.0,7.0,Sales,L4,"Toronto, ON",5.3,4,Solid,High,Significant Gap
E0535,R007,HRIS & People Data Specialist,5.8,0.0,4.9,33.0,5.0,8.0,Sales,L4,"Toronto, ON",5.3,4,Solid,High,Significant Gap
E0535,R008,Talent Management Analytics Specialist,19.4,0.0,16.5,28.0,4.0,7.0,Sales,L4,"Toronto, ON",5.3,4,Solid,High,Significant Gap
E0536,R001,People Analytics Specialist,14.3,0.0,12.1,34.0,5.0,10.0,Operations,L2,"Toronto, ON",1.7,4,High,Low,Significant Gap
E0536,R002,Senior People Analytics Analyst,3.3,0.0,2.8,46.0,6.0,11.0,Operations,L2,"Toronto, ON",1.7,4,High,Low,Significant Gap
E0536,R003,Talent Intelligence Analyst,0.0,0.0,0.0,39.0,5.0,11.0,Operations,L2,"Toronto, ON",1.7,4,High,Low,Significant Gap
E0536,R004,Workforce Planning Analyst,21.9,0.0,18.6,29.0,4.0,6.0,Operations,L2,"Toronto, ON",1.7,4,High,Low,Significant Gap
E0536,R005,HR Data Analyst,25.0,25.0,25.0,21.0,3.0,7.0,Operations,L2,"Toronto, ON",1.7,4,High,Low,Significant Gap
E0536,R006,People Analytics Manager,7.6,0.0,6.4,48.0,5.0,10.0,Operations,L2,"Toronto, ON",1.7,4,High,Low,Significant Gap
E0536,R007,HRIS & People Data Specialist,15.9,20.0,16.6,31.0,4.0,8.0,Operations,L2,"Toronto, ON",1.7,4,High,Low,Significant Gap
E0536,R008,Talent Management Analytics Specialist,0.0,0.0,0.0,37.0,4.0,10.0,Operations,L2,"Toronto, ON",1.7,4,High,Low,Significant Gap
E0537,R001,People Analytics Specialist,35.7,40.0,36.4,28.0,3.0,7.0,Engineering,L4,"Toronto, ON",3.5,3,Solid,High,Significant Gap
E0537,R002,Senior People Analytics Analyst,38.0,0.0,32.3,30.0,6.0,5.0,Engineering,L4,"Toronto, ON",3.5,3,Solid,High,Significant Gap
E0537,R003,Talent Intelligence Analyst,24.4,0.0,20.7,28.0,5.0,6.0,Engineering,L4,"Toronto, ON",3.5,3,Solid,High,Significant Gap
E0537,R004,Workforce Planning Analyst,14.6,0.0,12.4,32.0,4.0,7.0,Engineering,L4,"Toronto, ON",3.5,3,Solid,High,Significant Gap
E0537,R005,HR Data Analyst,39.6,25.0,37.4,18.0,3.0,5.0,Engineering,L4,"Toronto, ON",3.5,3,Solid,High,Significant Gap
E0537,R006,People Analytics Manager,36.9,0.0,31.4,33.0,5.0,5.0,Engineering,L4,"Toronto, ON",3.5,3,Solid,High,Significant Gap
E0537,R007,HRIS & People Data Specialist,37.0,20.0,34.4,24.0,4.0,5.0,Engineering,L4,"Toronto, ON",3.5,3,Solid,High,Significant Gap
E0537,R008,Talent Management Analytics Specialist,6.2,0.0,5.3,34.0,4.0,8.0,Engineering,L4,"Toronto, ON",3.5,3,Solid,High,Significant Gap
E0538,R001,People Analytics Specialist,22.0,0.0,18.7,31.0,5.0,8.0,Sales,L3,"Montreal, QC",5.4,4,Solid,Medium,Significant Gap
E0538,R002,Senior People Analytics Analyst,13.2,0.0,11.2,42.0,6.0,9.0,Sales,L3,"Montreal, QC",5.4,4,Solid,Medium,Significant Gap
E0538,R003,Talent Intelligence Analyst,12.8,0.0,10.9,34.0,5.0,9.0,Sales,L3,"Montreal, QC",5.4,4,Solid,Medium,Significant Gap
E0538,R004,Workforce Planning Analyst,22.2,0.0,18.9,28.0,4.0,6.0,Sales,L3,"Montreal, QC",5.4,4,Solid,Medium,Significant Gap
E0538,R005,HR Data Analyst,13.8,0.0,11.7,24.0,4.0,7.0,Sales,L3,"Montreal, QC",5.4,4,Solid,Medium,Significant Gap
E0538,R006,People Analytics Manager,14.1,0.0,12.0,45.0,5.0,8.0,Sales,L3,"Montreal, QC",5.4,4,Solid,Medium,Significant Gap
E0538,R007,HRIS & People Data Specialist,9.1,0.0,7.7,32.0,5.0,7.0,Sales,L3,"Montreal, QC",5.4,4,Solid,Medium,Significant Gap
E0538,R008,Talent Management Analytics Specialist,11.8,0.0,10.0,32.0,4.0,8.0,Sales,L3,"Montreal, QC",5.4,4,Solid,Medium,Significant Gap
E0539,R001,People Analytics Specialist,25.6,20.0,24.8,30.0,4.0,8.0,Legal & Compliance,L4,"Montreal, QC",0.8,3,Developing,Medium,Significant Gap
E0539,R002,Senior People Analytics Analyst,21.7,16.7,20.9,37.0,5.0,9.0,Legal & Compliance,L4,"Montreal, QC",0.8,3,Developing,Medium,Significant Gap
E0539,R003,Talent Intelligence Analyst,12.8,0.0,10.9,34.0,5.0,9.0,Legal & Compliance,L4,"Montreal, QC",0.8,3,Developing,Medium,Significant Gap
E0539,R004,Workforce Planning Analyst,27.1,0.0,23.0,26.0,4.0,6.0,Legal & Compliance,L4,"Montreal, QC",0.8,3,Developing,Medium,Significant Gap
E0539,R005,HR Data Analyst,16.7,0.0,14.2,23.0,4.0,6.0,Legal & Compliance,L4,"Montreal, QC",0.8,3,Developing,Medium,Significant Gap
E0539,R006,People Analytics Manager,29.7,20.0,28.2,37.0,4.0,7.0,Legal & Compliance,L4,"Montreal, QC",0.8,3,Developing,Medium,Significant Gap
E0539,R007,HRIS & People Data Specialist,10.9,0.0,9.2,32.0,5.0,7.0,Legal & Compliance,L4,"Montreal, QC",0.8,3,Developing,Medium,Significant Gap
E0539,R008,Talent Management Analytics Specialist,6.2,0.0,5.3,34.0,4.0,8.0,Legal & Compliance,L4,"Montreal, QC",0.8,3,Developing,Medium,Significant Gap
E0540,R001,People Analytics Specialist,9.8,0.0,8.3,37.0,5.0,10.0,Engineering,L1,"Toronto, ON",5.5,3,High,High,Significant Gap
E0540,R002,Senior People Analytics Analyst,32.3,0.0,27.4,32.0,6.0,6.0,Engineering,L1,"Toronto, ON",5.5,3,High,High,Significant Gap
E0540,R003,Talent Intelligence Analyst,22.1,0.0,18.8,29.0,5.0,7.0,Engineering,L1,"Toronto, ON",5.5,3,High,High,Significant Gap
E0540,R004,Workforce Planning Analyst,12.5,0.0,10.6,32.0,4.0,8.0,Engineering,L1,"Toronto, ON",5.5,3,High,High,Significant Gap
E0540,R005,HR Data Analyst,9.2,0.0,7.8,26.0,4.0,7.0,Engineering,L1,"Toronto, ON",5.5,3,High,High,Significant Gap
E0540,R006,People Analytics Manager,19.7,0.0,16.7,42.0,5.0,7.0,Engineering,L1,"Toronto, ON",5.5,3,High,High,Significant Gap
E0540,R007,HRIS & People Data Specialist,23.9,0.0,20.3,27.0,5.0,5.0,Engineering,L1,"Toronto, ON",5.5,3,High,High,Significant Gap
E0540,R008,Talent Management Analytics Specialist,9.0,0.0,7.7,33.0,4.0,8.0,Engineering,L1,"Toronto, ON",5.5,3,High,High,Significant Gap
E0541,R001,People Analytics Specialist,14.0,0.0,11.9,35.0,5.0,8.0,Sales,L1,"Toronto, ON",2.6,2,Developing,Low,Significant Gap
E0541,R002,Senior People Analytics Analyst,10.3,0.0,8.8,43.0,6.0,9.0,Sales,L1,"Toronto, ON",2.6,2,Developing,Low,Significant Gap
E0541,R003,Talent Intelligence Analyst,7.7,0.0,6.5,36.0,5.0,9.0,Sales,L1,"Toronto, ON",2.6,2,Developing,Low,Significant Gap
E0541,R004,Workforce Planning Analyst,13.2,0.0,11.2,32.0,4.0,6.0,Sales,L1,"Toronto, ON",2.6,2,Developing,Low,Significant Gap
E0541,R005,HR Data Analyst,10.0,0.0,8.5,26.0,4.0,7.0,Sales,L1,"Toronto, ON",2.6,2,Developing,Low,Significant Gap
E0541,R006,People Analytics Manager,15.5,0.0,13.2,44.0,5.0,8.0,Sales,L1,"Toronto, ON",2.6,2,Developing,Low,Significant Gap
E0541,R007,HRIS & People Data Specialist,13.8,0.0,11.7,30.0,5.0,7.0,Sales,L1,"Toronto, ON",2.6,2,Developing,Low,Significant Gap
E0541,R008,Talent Management Analytics Specialist,12.5,0.0,10.6,32.0,4.0,8.0,Sales,L1,"Toronto, ON",2.6,2,Developing,Low,Significant Gap
E0542,R001,People Analytics Specialist,19.3,0.0,16.4,33.0,5.0,8.0,Finance,L2,"Vancouver, BC",6.7,3,Solid,Medium,Significant Gap
E0542,R002,Senior People Analytics Analyst,12.5,0.0,10.6,42.0,6.0,10.0,Finance,L2,"Vancouver, BC",6.7,3,Solid,Medium,Significant Gap
E0542,R003,Talent Intelligence Analyst,0.0,0.0,0.0,39.0,5.0,11.0,Finance,L2,"Vancouver, BC",6.7,3,Solid,Medium,Significant Gap
E0542,R004,Workforce Planning Analyst,31.2,0.0,26.6,27.0,4.0,5.0,Finance,L2,"Vancouver, BC",6.7,3,Solid,Medium,Significant Gap
E0542,R005,HR Data Analyst,17.9,0.0,15.2,23.0,4.0,5.0,Finance,L2,"Vancouver, BC",6.7,3,Solid,Medium,Significant Gap
E0542,R006,People Analytics Manager,5.2,0.0,4.4,49.0,5.0,11.0,Finance,L2,"Vancouver, BC",6.7,3,Solid,Medium,Significant Gap
E0542,R007,HRIS & People Data Specialist,12.0,0.0,10.2,33.0,5.0,8.0,Finance,L2,"Vancouver, BC",6.7,3,Solid,Medium,Significant Gap
E0542,R008,Talent Management Analytics Specialist,2.1,0.0,1.8,36.0,4.0,9.0,Finance,L2,"Vancouver, BC",6.7,3,Solid,Medium,Significant Gap
E0543,R001,People Analytics Specialist,22.3,0.0,19.0,32.0,5.0,8.0,Marketing,L2,Remote - Canada,6.6,4,Solid,Medium,Significant Gap
E0543,R002,Senior People Analytics Analyst,22.8,16.7,21.9,38.0,5.0,8.0,Marketing,L2,Remote - Canada,6.6,4,Solid,Medium,Significant Gap
E0543,R003,Talent Intelligence Analyst,33.5,0.0,28.5,25.0,5.0,5.0,Marketing,L2,Remote - Canada,6.6,4,Solid,Medium,Significant Gap
E0543,R004,Workforce Planning Analyst,23.6,0.0,20.1,28.0,4.0,6.0,Marketing,L2,Remote - Canada,6.6,4,Solid,Medium,Significant Gap
E0543,R005,HR Data Analyst,1.7,0.0,1.4,28.0,4.0,8.0,Marketing,L2,Remote - Canada,6.6,4,Solid,Medium,Significant Gap
E0543,R006,People Analytics Manager,14.5,0.0,12.3,45.0,5.0,9.0,Marketing,L2,Remote - Canada,6.6,4,Solid,Medium,Significant Gap
E0543,R007,HRIS & People Data Specialist,4.3,0.0,3.7,34.0,5.0,9.0,Marketing,L2,Remote - Canada,6.6,4,Solid,Medium,Significant Gap
E0543,R008,Talent Management Analytics Specialist,25.3,0.0,21.5,27.0,4.0,6.0,Marketing,L2,Remote - Canada,6.6,4,Solid,Medium,Significant Gap
E0544,R001,People Analytics Specialist,28.0,0.0,23.8,29.0,5.0,7.0,Sales,L3,"Vancouver, BC",0.4,3,Solid,High,Significant Gap
E0544,R002,Senior People Analytics Analyst,16.5,0.0,14.0,41.0,6.0,9.0,Sales,L3,"Vancouver, BC",0.4,3,Solid,High,Significant Gap
E0544,R003,Talent Intelligence Analyst,12.8,0.0,10.9,34.0,5.0,9.0,Sales,L3,"Vancouver, BC",0.4,3,Solid,High,Significant Gap
E0544,R004,Workforce Planning Analyst,21.5,0.0,18.3,29.0,4.0,6.0,Sales,L3,"Vancouver, BC",0.4,3,Solid,High,Significant Gap
E0544,R005,HR Data Analyst,16.2,0.0,13.8,24.0,4.0,7.0,Sales,L3,"Vancouver, BC",0.4,3,Solid,High,Significant Gap
E0544,R006,People Analytics Manager,10.3,0.0,8.8,47.0,5.0,10.0,Sales,L3,"Vancouver, BC",0.4,3,Solid,High,Significant Gap
E0544,R007,HRIS & People Data Specialist,14.1,0.0,12.0,31.0,5.0,8.0,Sales,L3,"Vancouver, BC",0.4,3,Solid,High,Significant Gap
E0544,R008,Talent Management Analytics Specialist,14.6,0.0,12.4,31.0,4.0,8.0,Sales,L3,"Vancouver, BC",0.4,3,Solid,High,Significant Gap
E0545,R001,People Analytics Specialist,16.4,0.0,13.9,34.0,5.0,8.0,Customer Success,L6,"Vancouver, BC",5.2,3,Solid,Medium,Significant Gap
E0545,R002,Senior People Analytics Analyst,19.3,0.0,16.4,38.0,6.0,8.0,Customer Success,L6,"Vancouver, BC",5.2,3,Solid,Medium,Significant Gap
E0545,R003,Talent Intelligence Analyst,18.6,0.0,15.8,32.0,5.0,8.0,Customer Success,L6,"Vancouver, BC",5.2,3,Solid,Medium,Significant Gap
E0545,R004,Workforce Planning Analyst,25.8,0.0,22.0,27.0,4.0,6.0,Customer Success,L6,"Vancouver, BC",5.2,3,Solid,Medium,Significant Gap
E0545,R005,HR Data Analyst,3.3,0.0,2.8,27.0,4.0,8.0,Customer Success,L6,"Vancouver, BC",5.2,3,Solid,Medium,Significant Gap
E0545,R006,People Analytics Manager,30.7,0.0,26.1,36.0,5.0,6.0,Customer Success,L6,"Vancouver, BC",5.2,3,Solid,Medium,Significant Gap
E0545,R007,HRIS & People Data Specialist,5.8,0.0,4.9,33.0,5.0,8.0,Customer Success,L6,"Vancouver, BC",5.2,3,Solid,Medium,Significant Gap
E0545,R008,Talent Management Analytics Specialist,8.3,0.0,7.1,33.0,4.0,8.0,Customer Success,L6,"Vancouver, BC",5.2,3,Solid,Medium,Significant Gap
E0546,R001,People Analytics Specialist,22.9,0.0,19.5,31.0,5.0,8.0,Legal & Compliance,L5,"Toronto, ON",6.5,3,Solid,High,Significant Gap
E0546,R002,Senior People Analytics Analyst,27.1,16.7,25.5,35.0,5.0,8.0,Legal & Compliance,L5,"Toronto, ON",6.5,3,Solid,High,Significant Gap
E0546,R003,Talent Intelligence Analyst,15.4,0.0,13.1,33.0,5.0,9.0,Legal & Compliance,L5,"Toronto, ON",6.5,3,Solid,High,Significant Gap
E0546,R004,Workforce Planning Analyst,31.2,0.0,26.6,24.0,4.0,6.0,Legal & Compliance,L5,"Toronto, ON",6.5,3,Solid,High,Significant Gap
E0546,R005,HR Data Analyst,17.9,0.0,15.2,23.0,4.0,6.0,Legal & Compliance,L5,"Toronto, ON",6.5,3,Solid,High,Significant Gap
E0546,R006,People Analytics Manager,36.6,0.0,31.1,33.0,5.0,6.0,Legal & Compliance,L5,"Toronto, ON",6.5,3,Solid,High,Significant Gap
E0546,R007,HRIS & People Data Specialist,17.0,0.0,14.5,29.0,5.0,6.0,Legal & Compliance,L5,"Toronto, ON",6.5,3,Solid,High,Significant Gap
E0546,R008,Talent Management Analytics Specialist,8.3,0.0,7.1,33.0,4.0,9.0,Legal & Compliance,L5,"Toronto, ON",6.5,3,Solid,High,Significant Gap
E0547,R001,People Analytics Specialist,55.1,20.0,49.8,17.0,4.0,3.0,Human Resources,L4,"Vancouver, BC",7.0,2,High,Medium,Significant Gap
E0547,R002,Senior People Analytics Analyst,40.2,16.7,36.6,28.0,5.0,6.0,Human Resources,L4,"Vancouver, BC",7.0,2,High,Medium,Significant Gap
E0547,R003,Talent Intelligence Analyst,17.9,0.0,15.3,32.0,5.0,8.0,Human Resources,L4,"Vancouver, BC",7.0,2,High,Medium,Significant Gap
E0547,R004,Workforce Planning Analyst,43.1,0.0,36.6,20.0,4.0,4.0,Human Resources,L4,"Vancouver, BC",7.0,2,High,Medium,Significant Gap
E0547,R005,HR Data Analyst,48.3,25.0,44.8,13.0,3.0,3.0,Human Resources,L4,"Vancouver, BC",7.0,2,High,Medium,Significant Gap
E0547,R006,People Analytics Manager,43.1,20.0,39.6,30.0,4.0,6.0,Human Resources,L4,"Vancouver, BC",7.0,2,High,Medium,Significant Gap
E0547,R007,HRIS & People Data Specialist,38.7,0.0,32.9,22.0,5.0,5.0,Human Resources,L4,"Vancouver, BC",7.0,2,High,Medium,Significant Gap
E0547,R008,Talent Management Analytics Specialist,34.6,0.0,29.4,23.0,4.0,4.0,Human Resources,L4,"Vancouver, BC",7.0,2,High,Medium,Significant Gap
E0548,R001,People Analytics Specialist,16.1,0.0,13.7,34.0,5.0,8.0,Operations,L2,"Ottawa, ON",4.9,2,Solid,High,Significant Gap
E0548,R002,Senior People Analytics Analyst,10.8,0.0,9.2,42.0,6.0,9.0,Operations,L2,"Ottawa, ON",4.9,2,Solid,High,Significant Gap
E0548,R003,Talent Intelligence Analyst,0.0,0.0,0.0,39.0,5.0,11.0,Operations,L2,"Ottawa, ON",4.9,2,Solid,High,Significant Gap
E0548,R004,Workforce Planning Analyst,18.8,0.0,15.9,30.0,4.0,6.0,Operations,L2,"Ottawa, ON",4.9,2,Solid,High,Significant Gap
E0548,R005,HR Data Analyst,22.5,0.0,19.1,21.0,4.0,5.0,Operations,L2,"Ottawa, ON",4.9,2,Solid,High,Significant Gap
E0548,R006,People Analytics Manager,13.1,0.0,11.1,45.0,5.0,9.0,Operations,L2,"Ottawa, ON",4.9,2,Solid,High,Significant Gap
E0548,R007,HRIS & People Data Specialist,15.2,0.0,12.9,31.0,5.0,7.0,Operations,L2,"Ottawa, ON",4.9,2,Solid,High,Significant Gap
E0548,R008,Talent Management Analytics Specialist,4.2,0.0,3.5,35.0,4.0,9.0,Operations,L2,"Ottawa, ON",4.9,2,Solid,High,Significant Gap
E0549,R001,People Analytics Specialist,33.0,20.0,31.1,28.0,4.0,8.0,Operations,L4,Remote - Canada,6.4,3,Developing,Medium,Significant Gap
E0549,R002,Senior People Analytics Analyst,29.7,16.7,27.7,33.0,5.0,8.0,Operations,L4,Remote - Canada,6.4,3,Developing,Medium,Significant Gap
E0549,R003,Talent Intelligence Analyst,15.4,0.0,13.1,33.0,5.0,9.0,Operations,L4,Remote - Canada,6.4,3,Developing,Medium,Significant Gap
E0549,R004,Workforce Planning Analyst,39.6,0.0,33.6,22.0,4.0,5.0,Operations,L4,Remote - Canada,6.4,3,Developing,Medium,Significant Gap
E0549,R005,HR Data Analyst,24.6,0.0,20.9,21.0,4.0,6.0,Operations,L4,Remote - Canada,6.4,3,Developing,Medium,Significant Gap
E0549,R006,People Analytics Manager,42.4,20.0,39.1,30.0,4.0,6.0,Operations,L4,Remote - Canada,6.4,3,Developing,Medium,Significant Gap
E0549,R007,HRIS & People Data Specialist,25.7,0.0,21.9,26.0,5.0,6.0,Operations,L4,Remote - Canada,6.4,3,Developing,Medium,Significant Gap
E0549,R008,Talent Management Analytics Specialist,12.5,0.0,10.6,31.0,4.0,8.0,Operations,L4,Remote - Canada,6.4,3,Developing,Medium,Significant Gap
E0550,R001,People Analytics Specialist,28.0,20.0,26.8,28.0,4.0,7.0,Customer Success,L2,"Toronto, ON",5.1,3,Developing,Medium,Significant Gap
E0550,R002,Senior People Analytics Analyst,20.0,0.0,17.0,37.0,6.0,8.0,Customer Success,L2,"Toronto, ON",5.1,3,Developing,Medium,Significant Gap
E0550,R003,Talent Intelligence Analyst,13.2,0.0,11.2,34.0,5.0,8.0,Customer Success,L2,"Toronto, ON",5.1,3,Developing,Medium,Significant Gap
E0550,R004,Workforce Planning Analyst,25.0,0.0,21.2,27.0,4.0,6.0,Customer Success,L2,"Toronto, ON",5.1,3,Developing,Medium,Significant Gap
E0550,R005,HR Data Analyst,17.5,0.0,14.9,23.0,4.0,7.0,Customer Success,L2,"Toronto, ON",5.1,3,Developing,Medium,Significant Gap
E0550,R006,People Analytics Manager,22.4,0.0,19.1,40.0,5.0,8.0,Customer Success,L2,"Toronto, ON",5.1,3,Developing,Medium,Significant Gap
E0550,R007,HRIS & People Data Specialist,15.9,0.0,13.6,29.0,5.0,7.0,Customer Success,L2,"Toronto, ON",5.1,3,Developing,Medium,Significant Gap
E0550,R008,Talent Management Analytics Specialist,4.2,0.0,3.5,35.0,4.0,9.0,Customer Success,L2,"Toronto, ON",5.1,3,Developing,Medium,Significant Gap
E0551,R001,People Analytics Specialist,8.6,0.0,7.3,36.0,5.0,9.0,Customer Success,L1,"Montreal, QC",3.4,4,Solid,High,Significant Gap
E0551,R002,Senior People Analytics Analyst,5.3,0.0,4.5,45.0,6.0,10.0,Customer Success,L1,"Montreal, QC",3.4,4,Solid,High,Significant Gap
E0551,R003,Talent Intelligence Analyst,2.6,0.0,2.2,38.0,5.0,10.0,Customer Success,L1,"Montreal, QC",3.4,4,Solid,High,Significant Gap
E0551,R004,Workforce Planning Analyst,6.9,0.0,5.9,35.0,4.0,8.0,Customer Success,L1,"Montreal, QC",3.4,4,Solid,High,Significant Gap
E0551,R005,HR Data Analyst,8.8,0.0,7.4,25.0,4.0,7.0,Customer Success,L1,"Montreal, QC",3.4,4,Solid,High,Significant Gap
E0551,R006,People Analytics Manager,7.9,0.0,6.7,48.0,5.0,9.0,Customer Success,L1,"Montreal, QC",3.4,4,Solid,High,Significant Gap
E0551,R007,HRIS & People Data Specialist,4.7,0.0,4.0,35.0,5.0,8.0,Customer Success,L1,"Montreal, QC",3.4,4,Solid,High,Significant Gap
E0551,R008,Talent Management Analytics Specialist,6.2,0.0,5.3,34.0,4.0,9.0,Customer Success,L1,"Montreal, QC",3.4,4,Solid,High,Significant Gap
E0552,R001,People Analytics Specialist,38.7,40.0,38.9,25.0,3.0,7.0,Finance,L5,"Toronto, ON",6.2,4,Solid,Medium,Significant Gap
E0552,R002,Senior People Analytics Analyst,34.7,16.7,32.0,31.0,5.0,7.0,Finance,L5,"Toronto, ON",6.2,4,Solid,Medium,Significant Gap
E0552,R003,Talent Intelligence Analyst,15.4,0.0,13.1,33.0,5.0,9.0,Finance,L5,"Toronto, ON",6.2,4,Solid,Medium,Significant Gap
E0552,R004,Workforce Planning Analyst,61.8,0.0,52.5,14.0,4.0,2.0,Finance,L5,"Toronto, ON",6.2,4,Solid,Medium,Significant Gap
E0552,R005,HR Data Analyst,22.5,0.0,19.1,20.0,4.0,6.0,Finance,L5,"Toronto, ON",6.2,4,Solid,Medium,Significant Gap
E0552,R006,People Analytics Manager,41.7,0.0,35.5,30.0,5.0,6.0,Finance,L5,"Toronto, ON",6.2,4,Solid,Medium,Significant Gap
E0552,R007,HRIS & People Data Specialist,17.4,0.0,14.8,28.0,5.0,7.0,Finance,L5,"Toronto, ON",6.2,4,Solid,Medium,Significant Gap
E0552,R008,Talent Management Analytics Specialist,14.6,0.0,12.4,30.0,4.0,8.0,Finance,L5,"Toronto, ON",6.2,4,Solid,Medium,Significant Gap
E0553,R001,People Analytics Specialist,27.7,0.0,23.5,29.0,5.0,6.0,Finance,L4,"Toronto, ON",3.3,4,Solid,Medium,Significant Gap
E0553,R002,Senior People Analytics Analyst,25.7,16.7,24.3,36.0,5.0,7.0,Finance,L4,"Toronto, ON",3.3,4,Solid,Medium,Significant Gap
E0553,R003,Talent Intelligence Analyst,12.8,0.0,10.9,34.0,5.0,9.0,Finance,L4,"Toronto, ON",3.3,4,Solid,Medium,Significant Gap
E0553,R004,Workforce Planning Analyst,50.3,0.0,42.8,18.0,4.0,2.0,Finance,L4,"Toronto, ON",3.3,4,Solid,Medium,Significant Gap
E0553,R005,HR Data Analyst,14.6,0.0,12.4,24.0,4.0,6.0,Finance,L4,"Toronto, ON",3.3,4,Solid,Medium,Significant Gap
E0553,R006,People Analytics Manager,30.7,0.0,26.1,36.0,5.0,6.0,Finance,L4,"Toronto, ON",3.3,4,Solid,Medium,Significant Gap
E0553,R007,HRIS & People Data Specialist,14.9,0.0,12.6,29.0,5.0,6.0,Finance,L4,"Toronto, ON",3.3,4,Solid,Medium,Significant Gap
E0553,R008,Talent Management Analytics Specialist,8.3,0.0,7.1,33.0,4.0,9.0,Finance,L4,"Toronto, ON",3.3,4,Solid,Medium,Significant Gap
E0554,R001,People Analytics Specialist,15.5,20.0,16.2,36.0,4.0,10.0,Engineering,L2,"Toronto, ON",8.4,3,Developing,Medium,Significant Gap
E0554,R002,Senior People Analytics Analyst,11.9,0.0,10.2,43.0,6.0,10.0,Engineering,L2,"Toronto, ON",8.4,3,Developing,Medium,Significant Gap
E0554,R003,Talent Intelligence Analyst,9.0,0.0,7.6,34.0,5.0,9.0,Engineering,L2,"Toronto, ON",8.4,3,Developing,Medium,Significant Gap
E0554,R004,Workforce Planning Analyst,0.0,0.0,0.0,38.0,4.0,10.0,Engineering,L2,"Toronto, ON",8.4,3,Developing,Medium,Significant Gap
E0554,R005,HR Data Analyst,30.8,25.0,30.0,21.0,3.0,5.0,Engineering,L2,"Toronto, ON",8.4,3,Developing,Medium,Significant Gap
E0554,R006,People Analytics Manager,12.1,0.0,10.3,46.0,5.0,9.0,Engineering,L2,"Toronto, ON",8.4,3,Developing,Medium,Significant Gap
E0554,R007,HRIS & People Data Specialist,24.3,0.0,20.6,29.0,5.0,6.0,Engineering,L2,"Toronto, ON",8.4,3,Developing,Medium,Significant Gap
E0554,R008,Talent Management Analytics Specialist,2.1,0.0,1.8,36.0,4.0,9.0,Engineering,L2,"Toronto, ON",8.4,3,Developing,Medium,Significant Gap
E0555,R001,People Analytics Specialist,13.4,0.0,11.4,35.0,5.0,9.0,Operations,L2,"Montreal, QC",3.8,4,High,Medium,Significant Gap
E0555,R002,Senior People Analytics Analyst,9.2,0.0,7.8,44.0,6.0,10.0,Operations,L2,"Montreal, QC",3.8,4,High,Medium,Significant Gap
E0555,R003,Talent Intelligence Analyst,22.1,0.0,18.8,31.0,5.0,8.0,Operations,L2,"Montreal, QC",3.8,4,High,Medium,Significant Gap
E0555,R004,Workforce Planning Analyst,22.6,0.0,19.2,29.0,4.0,6.0,Operations,L2,"Montreal, QC",3.8,4,High,Medium,Significant Gap
E0555,R005,HR Data Analyst,10.0,0.0,8.5,25.0,4.0,6.0,Operations,L2,"Montreal, QC",3.8,4,High,Medium,Significant Gap
E0555,R006,People Analytics Manager,9.7,0.0,8.2,47.0,5.0,9.0,Operations,L2,"Montreal, QC",3.8,4,High,Medium,Significant Gap
E0555,R007,HRIS & People Data Specialist,8.7,0.0,7.4,32.0,5.0,7.0,Operations,L2,"Montreal, QC",3.8,4,High,Medium,Significant Gap
E0555,R008,Talent Management Analytics Specialist,14.6,0.0,12.4,31.0,4.0,7.0,Operations,L2,"Montreal, QC",3.8,4,High,Medium,Significant Gap
E0556,R001,People Analytics Specialist,17.9,20.0,18.2,35.0,4.0,10.0,Engineering,L2,"Toronto, ON",3.4,3,Solid,High,Significant Gap
E0556,R002,Senior People Analytics Analyst,28.9,0.0,24.6,35.0,6.0,7.0,Engineering,L2,"Toronto, ON",3.4,3,Solid,High,Significant Gap
E0556,R003,Talent Intelligence Analyst,14.1,0.0,12.0,32.0,5.0,8.0,Engineering,L2,"Toronto, ON",3.4,3,Solid,High,Significant Gap
E0556,R004,Workforce Planning Analyst,6.2,0.0,5.3,35.0,4.0,9.0,Engineering,L2,"Toronto, ON",3.4,3,Solid,High,Significant Gap
E0556,R005,HR Data Analyst,28.3,25.0,27.8,21.0,3.0,6.0,Engineering,L2,"Toronto, ON",3.4,3,Solid,High,Significant Gap
E0556,R006,People Analytics Manager,21.7,0.0,18.5,41.0,5.0,8.0,Engineering,L2,"Toronto, ON",3.4,3,Solid,High,Significant Gap
E0556,R007,HRIS & People Data Specialist,35.5,0.0,30.2,23.0,5.0,5.0,Engineering,L2,"Toronto, ON",3.4,3,Solid,High,Significant Gap
E0556,R008,Talent Management Analytics Specialist,10.4,0.0,8.9,32.0,4.0,8.0,Engineering,L2,"Toronto, ON",3.4,3,Solid,High,Significant Gap
E0557,R001,People Analytics Specialist,27.7,0.0,23.5,29.0,5.0,8.0,Sales,L2,"Vancouver, BC",2.3,3,Solid,Medium,Significant Gap
E0557,R002,Senior People Analytics Analyst,20.7,0.0,17.6,36.0,6.0,7.0,Sales,L2,"Vancouver, BC",2.3,3,Solid,Medium,Significant Gap
E0557,R003,Talent Intelligence Analyst,5.1,0.0,4.4,37.0,5.0,10.0,Sales,L2,"Vancouver, BC",2.3,3,Solid,Medium,Significant Gap
E0557,R004,Workforce Planning Analyst,28.5,0.0,24.2,26.0,4.0,6.0,Sales,L2,"Vancouver, BC",2.3,3,Solid,Medium,Significant Gap
E0557,R005,HR Data Analyst,20.0,0.0,17.0,22.0,4.0,7.0,Sales,L2,"Vancouver, BC",2.3,3,Solid,Medium,Significant Gap
E0557,R006,People Analytics Manager,20.7,0.0,17.6,41.0,5.0,8.0,Sales,L2,"Vancouver, BC",2.3,3,Solid,Medium,Significant Gap
E0557,R007,HRIS & People Data Specialist,15.9,0.0,13.6,30.0,5.0,7.0,Sales,L2,"Vancouver, BC",2.3,3,Solid,Medium,Significant Gap
E0557,R008,Talent Management Analytics Specialist,0.0,0.0,0.0,37.0,4.0,10.0,Sales,L2,"Vancouver, BC",2.3,3,Solid,Medium,Significant Gap
E0558,R001,People Analytics Specialist,29.8,20.0,28.3,29.0,4.0,7.0,Sales,L6,"Montreal, QC",6.6,3,Solid,Medium,Significant Gap
E0558,R002,Senior People Analytics Analyst,28.0,16.7,26.3,34.0,5.0,8.0,Sales,L6,"Montreal, QC",6.6,3,Solid,Medium,Significant Gap
E0558,R003,Talent Intelligence Analyst,15.4,0.0,13.1,33.0,5.0,9.0,Sales,L6,"Montreal, QC",6.6,3,Solid,Medium,Significant Gap
E0558,R004,Workforce Planning Analyst,32.6,0.0,27.7,24.0,4.0,5.0,Sales,L6,"Montreal, QC",6.6,3,Solid,Medium,Significant Gap
E0558,R005,HR Data Analyst,16.7,0.0,14.2,24.0,4.0,6.0,Sales,L6,"Montreal, QC",6.6,3,Solid,Medium,Significant Gap
E0558,R006,People Analytics Manager,35.5,20.0,33.2,34.0,4.0,7.0,Sales,L6,"Montreal, QC",6.6,3,Solid,Medium,Significant Gap
E0558,R007,HRIS & People Data Specialist,16.7,0.0,14.2,30.0,5.0,7.0,Sales,L6,"Montreal, QC",6.6,3,Solid,Medium,Significant Gap
E0558,R008,Talent Management Analytics Specialist,11.1,0.0,9.4,32.0,4.0,8.0,Sales,L6,"Montreal, QC",6.6,3,Solid,Medium,Significant Gap
E0559,R001,People Analytics Specialist,21.4,20.0,21.2,32.0,4.0,9.0,Sales,L4,"Montreal, QC",8.4,5,Developing,High,Significant Gap
E0559,R002,Senior People Analytics Analyst,23.0,16.7,22.0,37.0,5.0,9.0,Sales,L4,"Montreal, QC",8.4,5,Developing,High,Significant Gap
E0559,R003,Talent Intelligence Analyst,15.4,0.0,13.1,33.0,5.0,9.0,Sales,L4,"Montreal, QC",8.4,5,Developing,High,Significant Gap
E0559,R004,Workforce Planning Analyst,27.1,0.0,23.0,26.0,4.0,6.0,Sales,L4,"Montreal, QC",8.4,5,Developing,High,Significant Gap
E0559,R005,HR Data Analyst,6.7,0.0,5.7,26.0,4.0,7.0,Sales,L4,"Montreal, QC",8.4,5,Developing,High,Significant Gap
E0559,R006,People Analytics Manager,27.9,0.0,23.7,38.0,5.0,8.0,Sales,L4,"Montreal, QC",8.4,5,Developing,High,Significant Gap
E0559,R007,HRIS & People Data Specialist,4.3,0.0,3.7,34.0,5.0,9.0,Sales,L4,"Montreal, QC",8.4,5,Developing,High,Significant Gap
E0559,R008,Talent Management Analytics Specialist,13.2,0.0,11.2,31.0,4.0,7.0,Sales,L4,"Montreal, QC",8.4,5,Developing,High,Significant Gap
E0560,R001,People Analytics Specialist,28.0,20.0,26.8,31.0,4.0,8.0,Engineering,L3,"Vancouver, BC",3.2,5,Solid,Low,Significant Gap
E0560,R002,Senior People Analytics Analyst,40.9,16.7,37.3,29.0,5.0,5.0,Engineering,L3,"Vancouver, BC",3.2,5,Solid,Low,Significant Gap
E0560,R003,Talent Intelligence Analyst,25.0,0.0,21.2,28.0,5.0,7.0,Engineering,L3,"Vancouver, BC",3.2,5,Solid,Low,Significant Gap
E0560,R004,Workforce Planning Analyst,8.3,0.0,7.1,34.0,4.0,8.0,Engineering,L3,"Vancouver, BC",3.2,5,Solid,Low,Significant Gap
E0560,R005,HR Data Analyst,34.2,25.0,32.8,20.0,3.0,5.0,Engineering,L3,"Vancouver, BC",3.2,5,Solid,Low,Significant Gap
E0560,R006,People Analytics Manager,22.8,0.0,19.3,41.0,5.0,7.0,Engineering,L3,"Vancouver, BC",3.2,5,Solid,Low,Significant Gap
E0560,R007,HRIS & People Data Specialist,44.9,20.0,41.2,21.0,4.0,4.0,Engineering,L3,"Vancouver, BC",3.2,5,Solid,Low,Significant Gap
E0560,R008,Talent Management Analytics Specialist,18.1,0.0,15.3,30.0,4.0,7.0,Engineering,L3,"Vancouver, BC",3.2,5,Solid,Low,Significant Gap
E0561,R001,People Analytics Specialist,13.1,20.0,14.1,37.0,4.0,10.0,Engineering,L3,"Calgary, AB",6.1,5,Developing,Medium,Significant Gap
E0561,R002,Senior People Analytics Analyst,23.1,16.7,22.1,38.0,5.0,7.0,Engineering,L3,"Calgary, AB",6.1,5,Developing,Medium,Significant Gap
E0561,R003,Talent Intelligence Analyst,17.9,0.0,15.3,31.0,5.0,7.0,Engineering,L3,"Calgary, AB",6.1,5,Developing,Medium,Significant Gap
E0561,R004,Workforce Planning Analyst,4.2,0.0,3.5,36.0,4.0,8.0,Engineering,L3,"Calgary, AB",6.1,5,Developing,Medium,Significant Gap
E0561,R005,HR Data Analyst,23.3,25.0,23.6,22.0,3.0,6.0,Engineering,L3,"Calgary, AB",6.1,5,Developing,Medium,Significant Gap
E0561,R006,People Analytics Manager,12.8,0.0,10.8,46.0,5.0,8.0,Engineering,L3,"Calgary, AB",6.1,5,Developing,Medium,Significant Gap
E0561,R007,HRIS & People Data Specialist,17.8,20.0,18.1,31.0,4.0,7.0,Engineering,L3,"Calgary, AB",6.1,5,Developing,Medium,Significant Gap
E0561,R008,Talent Management Analytics Specialist,8.3,0.0,7.1,33.0,4.0,8.0,Engineering,L3,"Calgary, AB",6.1,5,Developing,Medium,Significant Gap
E0562,R001,People Analytics Specialist,50.0,40.0,48.5,21.0,3.0,5.0,Human Resources,L4,"Calgary, AB",5.1,3,Developing,Medium,Significant Gap
E0562,R002,Senior People Analytics Analyst,31.8,0.0,27.1,32.0,6.0,7.0,Human Resources,L4,"Calgary, AB",5.1,3,Developing,Medium,Significant Gap
E0562,R003,Talent Intelligence Analyst,29.2,0.0,24.8,28.0,5.0,7.0,Human Resources,L4,"Calgary, AB",5.1,3,Developing,Medium,Significant Gap
E0562,R004,Workforce Planning Analyst,40.6,0.0,34.5,21.0,4.0,4.0,Human Resources,L4,"Calgary, AB",5.1,3,Developing,Medium,Significant Gap
E0562,R005,HR Data Analyst,47.9,25.0,44.5,14.0,3.0,3.0,Human Resources,L4,"Calgary, AB",5.1,3,Developing,Medium,Significant Gap
E0562,R006,People Analytics Manager,49.7,0.0,42.2,26.0,5.0,4.0,Human Resources,L4,"Calgary, AB",5.1,3,Developing,Medium,Significant Gap
E0562,R007,HRIS & People Data Specialist,36.4,0.0,31.0,23.0,5.0,5.0,Human Resources,L4,"Calgary, AB",5.1,3,Developing,Medium,Significant Gap
E0562,R008,Talent Management Analytics Specialist,44.1,0.0,37.5,20.0,4.0,4.0,Human Resources,L4,"Calgary, AB",5.1,3,Developing,Medium,Significant Gap
E0563,R001,People Analytics Specialist,12.5,0.0,10.6,35.0,5.0,10.0,Sales,L1,"Calgary, AB",3.3,3,Solid,Low,Significant Gap
E0563,R002,Senior People Analytics Analyst,12.5,0.0,10.6,42.0,6.0,10.0,Sales,L1,"Calgary, AB",3.3,3,Solid,Low,Significant Gap
E0563,R003,Talent Intelligence Analyst,7.7,0.0,6.5,36.0,5.0,10.0,Sales,L1,"Calgary, AB",3.3,3,Solid,Low,Significant Gap
E0563,R004,Workforce Planning Analyst,18.8,0.0,15.9,29.0,4.0,7.0,Sales,L1,"Calgary, AB",3.3,3,Solid,Low,Significant Gap
E0563,R005,HR Data Analyst,10.8,0.0,9.2,24.0,4.0,7.0,Sales,L1,"Calgary, AB",3.3,3,Solid,Low,Significant Gap
E0563,R006,People Analytics Manager,12.4,0.0,10.6,46.0,5.0,10.0,Sales,L1,"Calgary, AB",3.3,3,Solid,Low,Significant Gap
E0563,R007,HRIS & People Data Specialist,4.3,0.0,3.7,34.0,5.0,9.0,Sales,L1,"Calgary, AB",3.3,3,Solid,Low,Significant Gap
E0563,R008,Talent Management Analytics Specialist,16.0,0.0,13.6,30.0,4.0,7.0,Sales,L1,"Calgary, AB",3.3,3,Solid,Low,Significant Gap
E0564,R001,People Analytics Specialist,28.0,20.0,26.8,30.0,4.0,8.0,Finance,L3,"Vancouver, BC",3.0,3,Solid,Low,Significant Gap
E0564,R002,Senior People Analytics Analyst,17.5,0.0,14.9,40.0,6.0,8.0,Finance,L3,"Vancouver, BC",3.0,3,Solid,Low,Significant Gap
E0564,R003,Talent Intelligence Analyst,0.0,0.0,0.0,39.0,5.0,11.0,Finance,L3,"Vancouver, BC",3.0,3,Solid,Low,Significant Gap
E0564,R004,Workforce Planning Analyst,24.7,0.0,21.0,28.0,4.0,5.0,Finance,L3,"Vancouver, BC",3.0,3,Solid,Low,Significant Gap
E0564,R005,HR Data Analyst,35.0,25.0,33.5,18.0,3.0,5.0,Finance,L3,"Vancouver, BC",3.0,3,Solid,Low,Significant Gap
E0564,R006,People Analytics Manager,12.4,0.0,10.6,46.0,5.0,9.0,Finance,L3,"Vancouver, BC",3.0,3,Solid,Low,Significant Gap
E0564,R007,HRIS & People Data Specialist,15.6,0.0,13.2,32.0,5.0,8.0,Finance,L3,"Vancouver, BC",3.0,3,Solid,Low,Significant Gap
E0564,R008,Talent Management Analytics Specialist,4.2,0.0,3.5,35.0,4.0,9.0,Finance,L3,"Vancouver, BC",3.0,3,Solid,Low,Significant Gap
E0565,R001,People Analytics Specialist,15.8,0.0,13.4,35.0,5.0,9.0,Sales,L2,"Calgary, AB",2.9,3,Solid,Medium,Significant Gap
E0565,R002,Senior People Analytics Analyst,19.1,0.0,16.2,38.0,6.0,6.0,Sales,L2,"Calgary, AB",2.9,3,Solid,Medium,Significant Gap
E0565,R003,Talent Intelligence Analyst,12.8,0.0,10.9,34.0,5.0,8.0,Sales,L2,"Calgary, AB",2.9,3,Solid,Medium,Significant Gap
E0565,R004,Workforce Planning Analyst,18.1,0.0,15.3,31.0,4.0,6.0,Sales,L2,"Calgary, AB",2.9,3,Solid,Medium,Significant Gap
E0565,R005,HR Data Analyst,8.3,0.0,7.1,26.0,4.0,7.0,Sales,L2,"Calgary, AB",2.9,3,Solid,Medium,Significant Gap
E0565,R006,People Analytics Manager,19.0,0.0,16.1,42.0,5.0,7.0,Sales,L2,"Calgary, AB",2.9,3,Solid,Medium,Significant Gap
E0565,R007,HRIS & People Data Specialist,17.4,0.0,14.8,29.0,5.0,6.0,Sales,L2,"Calgary, AB",2.9,3,Solid,Medium,Significant Gap
E0565,R008,Talent Management Analytics Specialist,9.7,0.0,8.3,33.0,4.0,7.0,Sales,L2,"Calgary, AB",2.9,3,Solid,Medium,Significant Gap
E0566,R001,People Analytics Specialist,29.8,20.0,28.3,29.0,4.0,6.0,Marketing,L3,"Toronto, ON",0.3,3,Developing,Medium,Significant Gap
E0566,R002,Senior People Analytics Analyst,21.2,0.0,18.0,38.0,6.0,7.0,Marketing,L3,"Toronto, ON",0.3,3,Developing,Medium,Significant Gap
E0566,R003,Talent Intelligence Analyst,15.4,0.0,13.1,33.0,5.0,8.0,Marketing,L3,"Toronto, ON",0.3,3,Developing,Medium,Significant Gap
E0566,R004,Workforce Planning Analyst,20.1,0.0,17.1,30.0,4.0,5.0,Marketing,L3,"Toronto, ON",0.3,3,Developing,Medium,Significant Gap
E0566,R005,HR Data Analyst,10.8,0.0,9.2,24.0,4.0,6.0,Marketing,L3,"Toronto, ON",0.3,3,Developing,Medium,Significant Gap
E0566,R006,People Analytics Manager,7.9,0.0,6.7,48.0,5.0,9.0,Marketing,L3,"Toronto, ON",0.3,3,Developing,Medium,Significant Gap
E0566,R007,HRIS & People Data Specialist,14.5,0.0,12.3,31.0,5.0,7.0,Marketing,L3,"Toronto, ON",0.3,3,Developing,Medium,Significant Gap
E0566,R008,Talent Management Analytics Specialist,20.8,0.0,17.7,28.0,4.0,7.0,Marketing,L3,"Toronto, ON",0.3,3,Developing,Medium,Significant Gap
E0567,R001,People Analytics Specialist,24.1,20.0,23.5,32.0,4.0,9.0,Engineering,L1,"Toronto, ON",4.6,4,Solid,Medium,Significant Gap
E0567,R002,Senior People Analytics Analyst,30.8,0.0,26.2,32.0,6.0,7.0,Engineering,L1,"Toronto, ON",4.6,4,Solid,Medium,Significant Gap
E0567,R003,Talent Intelligence Analyst,11.5,0.0,9.8,33.0,5.0,9.0,Engineering,L1,"Toronto, ON",4.6,4,Solid,Medium,Significant Gap
E0567,R004,Workforce Planning Analyst,20.8,0.0,17.7,29.0,4.0,7.0,Engineering,L1,"Toronto, ON",4.6,4,Solid,Medium,Significant Gap
E0567,R005,HR Data Analyst,42.5,25.0,39.9,17.0,3.0,5.0,Engineering,L1,"Toronto, ON",4.6,4,Solid,Medium,Significant Gap
E0567,R006,People Analytics Manager,26.9,0.0,22.9,38.0,5.0,7.0,Engineering,L1,"Toronto, ON",4.6,4,Solid,Medium,Significant Gap
E0567,R007,HRIS & People Data Specialist,39.9,0.0,33.9,23.0,5.0,5.0,Engineering,L1,"Toronto, ON",4.6,4,Solid,Medium,Significant Gap
E0567,R008,Talent Management Analytics Specialist,0.0,0.0,0.0,37.0,4.0,10.0,Engineering,L1,"Toronto, ON",4.6,4,Solid,Medium,Significant Gap
E0568,R001,People Analytics Specialist,9.5,0.0,8.1,37.0,5.0,10.0,Engineering,L3,"Montreal, QC",5.9,3,Solid,High,Significant Gap
E0568,R002,Senior People Analytics Analyst,16.4,0.0,13.9,40.0,6.0,8.0,Engineering,L3,"Montreal, QC",5.9,3,Solid,High,Significant Gap
E0568,R003,Talent Intelligence Analyst,20.6,0.0,17.5,31.0,5.0,6.0,Engineering,L3,"Montreal, QC",5.9,3,Solid,High,Significant Gap
E0568,R004,Workforce Planning Analyst,2.1,0.0,1.8,37.0,4.0,9.0,Engineering,L3,"Montreal, QC",5.9,3,Solid,High,Significant Gap
E0568,R005,HR Data Analyst,16.2,0.0,13.8,24.0,4.0,6.0,Engineering,L3,"Montreal, QC",5.9,3,Solid,High,Significant Gap
E0568,R006,People Analytics Manager,3.8,0.0,3.2,50.0,5.0,10.0,Engineering,L3,"Montreal, QC",5.9,3,Solid,High,Significant Gap
E0568,R007,HRIS & People Data Specialist,23.2,0.0,19.7,29.0,5.0,6.0,Engineering,L3,"Montreal, QC",5.9,3,Solid,High,Significant Gap
E0568,R008,Talent Management Analytics Specialist,4.2,0.0,3.5,35.0,4.0,8.0,Engineering,L3,"Montreal, QC",5.9,3,Solid,High,Significant Gap
E0569,R001,People Analytics Specialist,28.0,0.0,23.8,30.0,5.0,7.0,Operations,L4,"Toronto, ON",3.1,3,Solid,Medium,Significant Gap
E0569,R002,Senior People Analytics Analyst,28.3,16.7,26.6,34.0,5.0,7.0,Operations,L4,"Toronto, ON",3.1,3,Solid,Medium,Significant Gap
E0569,R003,Talent Intelligence Analyst,15.4,0.0,13.1,33.0,5.0,9.0,Operations,L4,"Toronto, ON",3.1,3,Solid,Medium,Significant Gap
E0569,R004,Workforce Planning Analyst,48.4,0.0,41.1,19.0,4.0,3.0,Operations,L4,"Toronto, ON",3.1,3,Solid,Medium,Significant Gap
E0569,R005,HR Data Analyst,17.5,0.0,14.9,23.0,4.0,5.0,Operations,L4,"Toronto, ON",3.1,3,Solid,Medium,Significant Gap
E0569,R006,People Analytics Manager,41.0,20.0,37.9,31.0,4.0,4.0,Operations,L4,"Toronto, ON",3.1,3,Solid,Medium,Significant Gap
E0569,R007,HRIS & People Data Specialist,21.0,0.0,17.9,28.0,5.0,5.0,Operations,L4,"Toronto, ON",3.1,3,Solid,Medium,Significant Gap
E0569,R008,Talent Management Analytics Specialist,16.0,0.0,13.6,30.0,4.0,7.0,Operations,L4,"Toronto, ON",3.1,3,Solid,Medium,Significant Gap
E0570,R001,People Analytics Specialist,17.3,0.0,14.7,33.0,5.0,8.0,Customer Success,L3,"Vancouver, BC",3.9,2,Solid,Low,Significant Gap
E0570,R002,Senior People Analytics Analyst,14.8,0.0,12.6,41.0,6.0,9.0,Customer Success,L3,"Vancouver, BC",3.9,2,Solid,Low,Significant Gap
E0570,R003,Talent Intelligence Analyst,12.8,0.0,10.9,34.0,5.0,9.0,Customer Success,L3,"Vancouver, BC",3.9,2,Solid,Low,Significant Gap
E0570,R004,Workforce Planning Analyst,20.1,0.0,17.1,29.0,4.0,6.0,Customer Success,L3,"Vancouver, BC",3.9,2,Solid,Low,Significant Gap
E0570,R005,HR Data Analyst,5.0,0.0,4.2,27.0,4.0,8.0,Customer Success,L3,"Vancouver, BC",3.9,2,Solid,Low,Significant Gap
E0570,R006,People Analytics Manager,16.2,0.0,13.8,44.0,5.0,8.0,Customer Success,L3,"Vancouver, BC",3.9,2,Solid,Low,Significant Gap
E0570,R007,HRIS & People Data Specialist,5.8,0.0,4.9,33.0,5.0,8.0,Customer Success,L3,"Vancouver, BC",3.9,2,Solid,Low,Significant Gap
E0570,R008,Talent Management Analytics Specialist,6.2,0.0,5.3,34.0,4.0,9.0,Customer Success,L3,"Vancouver, BC",3.9,2,Solid,Low,Significant Gap
E0571,R001,People Analytics Specialist,23.2,0.0,19.7,31.0,5.0,7.0,Marketing,L1,"Toronto, ON",5.9,5,Solid,Medium,Significant Gap
E0571,R002,Senior People Analytics Analyst,17.7,0.0,15.0,39.0,6.0,8.0,Marketing,L1,"Toronto, ON",5.9,5,Solid,Medium,Significant Gap
E0571,R003,Talent Intelligence Analyst,7.7,0.0,6.5,36.0,5.0,10.0,Marketing,L1,"Toronto, ON",5.9,5,Solid,Medium,Significant Gap
E0571,R004,Workforce Planning Analyst,29.2,0.0,24.8,26.0,4.0,5.0,Marketing,L1,"Toronto, ON",5.9,5,Solid,Medium,Significant Gap
E0571,R005,HR Data Analyst,17.9,0.0,15.2,22.0,4.0,5.0,Marketing,L1,"Toronto, ON",5.9,5,Solid,Medium,Significant Gap
E0571,R006,People Analytics Manager,14.1,0.0,12.0,45.0,5.0,9.0,Marketing,L1,"Toronto, ON",5.9,5,Solid,Medium,Significant Gap
E0571,R007,HRIS & People Data Specialist,6.2,0.0,5.2,35.0,5.0,8.0,Marketing,L1,"Toronto, ON",5.9,5,Solid,Medium,Significant Gap
E0571,R008,Talent Management Analytics Specialist,4.2,0.0,3.5,35.0,4.0,9.0,Marketing,L1,"Toronto, ON",5.9,5,Solid,Medium,Significant Gap
E0572,R001,People Analytics Specialist,30.7,0.0,26.1,27.0,5.0,6.0,Customer Success,L4,"Vancouver, BC",3.7,3,Solid,Medium,Significant Gap
E0572,R002,Senior People Analytics Analyst,26.0,16.7,24.6,35.0,5.0,8.0,Customer Success,L4,"Vancouver, BC",3.7,3,Solid,Medium,Significant Gap
E0572,R003,Talent Intelligence Analyst,15.4,0.0,13.1,33.0,5.0,9.0,Customer Success,L4,"Vancouver, BC",3.7,3,Solid,Medium,Significant Gap
E0572,R004,Workforce Planning Analyst,32.6,0.0,27.7,24.0,4.0,5.0,Customer Success,L4,"Vancouver, BC",3.7,3,Solid,Medium,Significant Gap
E0572,R005,HR Data Analyst,16.7,0.0,14.2,24.0,4.0,6.0,Customer Success,L4,"Vancouver, BC",3.7,3,Solid,Medium,Significant Gap
E0572,R006,People Analytics Manager,36.6,0.0,31.1,33.0,5.0,6.0,Customer Success,L4,"Vancouver, BC",3.7,3,Solid,Medium,Significant Gap
E0572,R007,HRIS & People Data Specialist,19.6,0.0,16.6,28.0,5.0,6.0,Customer Success,L4,"Vancouver, BC",3.7,3,Solid,Medium,Significant Gap
E0572,R008,Talent Management Analytics Specialist,8.3,0.0,7.1,33.0,4.0,9.0,Customer Success,L4,"Vancouver, BC",3.7,3,Solid,Medium,Significant Gap
E0573,R001,People Analytics Specialist,10.7,20.0,12.1,38.0,4.0,11.0,Engineering,L2,"Calgary, AB",3.9,4,Developing,High,Significant Gap
E0573,R002,Senior People Analytics Analyst,24.2,0.0,20.5,36.0,6.0,8.0,Engineering,L2,"Calgary, AB",3.9,4,Developing,High,Significant Gap
E0573,R003,Talent Intelligence Analyst,15.4,0.0,13.1,33.0,5.0,9.0,Engineering,L2,"Calgary, AB",3.9,4,Developing,High,Significant Gap
E0573,R004,Workforce Planning Analyst,4.2,0.0,3.5,36.0,4.0,9.0,Engineering,L2,"Calgary, AB",3.9,4,Developing,High,Significant Gap
E0573,R005,HR Data Analyst,16.7,25.0,17.9,25.0,3.0,7.0,Engineering,L2,"Calgary, AB",3.9,4,Developing,High,Significant Gap
E0573,R006,People Analytics Manager,12.8,0.0,10.8,46.0,5.0,9.0,Engineering,L2,"Calgary, AB",3.9,4,Developing,High,Significant Gap
E0573,R007,HRIS & People Data Specialist,19.9,0.0,16.9,30.0,5.0,7.0,Engineering,L2,"Calgary, AB",3.9,4,Developing,High,Significant Gap
E0573,R008,Talent Management Analytics Specialist,2.1,0.0,1.8,36.0,4.0,9.0,Engineering,L2,"Calgary, AB",3.9,4,Developing,High,Significant Gap
E0574,R001,People Analytics Specialist,31.5,20.0,29.8,29.0,4.0,6.0,Sales,L2,"Ottawa, ON",5.0,4,High,Medium,Significant Gap
E0574,R002,Senior People Analytics Analyst,22.3,16.7,21.5,38.0,5.0,7.0,Sales,L2,"Ottawa, ON",5.0,4,High,Medium,Significant Gap
E0574,R003,Talent Intelligence Analyst,10.3,0.0,8.7,35.0,5.0,9.0,Sales,L2,"Ottawa, ON",5.0,4,High,Medium,Significant Gap
E0574,R004,Workforce Planning Analyst,16.0,0.0,13.6,31.0,4.0,6.0,Sales,L2,"Ottawa, ON",5.0,4,High,Medium,Significant Gap
E0574,R005,HR Data Analyst,27.5,25.0,27.1,22.0,3.0,6.0,Sales,L2,"Ottawa, ON",5.0,4,High,Medium,Significant Gap
E0574,R006,People Analytics Manager,17.2,0.0,14.7,44.0,5.0,8.0,Sales,L2,"Ottawa, ON",5.0,4,High,Medium,Significant Gap
E0574,R007,HRIS & People Data Specialist,22.5,20.0,22.1,29.0,4.0,7.0,Sales,L2,"Ottawa, ON",5.0,4,High,Medium,Significant Gap
E0574,R008,Talent Management Analytics Specialist,9.7,0.0,8.3,33.0,4.0,8.0,Sales,L2,"Ottawa, ON",5.0,4,High,Medium,Significant Gap
E0575,R001,People Analytics Specialist,34.8,20.0,32.6,27.0,4.0,6.0,Operations,L4,"Vancouver, BC",7.9,4,Developing,Low,Significant Gap
E0575,R002,Senior People Analytics Analyst,29.7,0.0,25.2,33.0,6.0,6.0,Operations,L4,"Vancouver, BC",7.9,4,Developing,Low,Significant Gap
E0575,R003,Talent Intelligence Analyst,15.4,0.0,13.1,33.0,5.0,9.0,Operations,L4,"Vancouver, BC",7.9,4,Developing,Low,Significant Gap
E0575,R004,Workforce Planning Analyst,36.1,0.0,30.7,23.0,4.0,4.0,Operations,L4,"Vancouver, BC",7.9,4,Developing,Low,Significant Gap
E0575,R005,HR Data Analyst,29.6,0.0,25.1,19.0,4.0,4.0,Operations,L4,"Vancouver, BC",7.9,4,Developing,Low,Significant Gap
E0575,R006,People Analytics Manager,35.4,0.0,30.1,34.0,5.0,5.0,Operations,L4,"Vancouver, BC",7.9,4,Developing,Low,Significant Gap
E0575,R007,HRIS & People Data Specialist,27.5,0.0,23.4,26.0,5.0,4.0,Operations,L4,"Vancouver, BC",7.9,4,Developing,Low,Significant Gap
E0575,R008,Talent Management Analytics Specialist,14.6,0.0,12.4,30.0,4.0,8.0,Operations,L4,"Vancouver, BC",7.9,4,Developing,Low,Significant Gap
E0576,R001,People Analytics Specialist,15.2,0.0,12.9,34.0,5.0,9.0,Sales,L3,"Calgary, AB",10.3,2,Solid,High,Significant Gap
E0576,R002,Senior People Analytics Analyst,12.5,0.0,10.6,42.0,6.0,9.0,Sales,L3,"Calgary, AB",10.3,2,Solid,High,Significant Gap
E0576,R003,Talent Intelligence Analyst,16.3,0.0,13.9,33.0,5.0,9.0,Sales,L3,"Calgary, AB",10.3,2,Solid,High,Significant Gap
E0576,R004,Workforce Planning Analyst,24.4,0.0,20.8,27.0,4.0,5.0,Sales,L3,"Calgary, AB",10.3,2,Solid,High,Significant Gap
E0576,R005,HR Data Analyst,15.8,0.0,13.5,22.0,4.0,6.0,Sales,L3,"Calgary, AB",10.3,2,Solid,High,Significant Gap
E0576,R006,People Analytics Manager,20.7,0.0,17.6,41.0,5.0,7.0,Sales,L3,"Calgary, AB",10.3,2,Solid,High,Significant Gap
E0576,R007,HRIS & People Data Specialist,11.6,0.0,9.9,30.0,5.0,7.0,Sales,L3,"Calgary, AB",10.3,2,Solid,High,Significant Gap
E0576,R008,Talent Management Analytics Specialist,21.9,0.0,18.6,28.0,4.0,7.0,Sales,L3,"Calgary, AB",10.3,2,Solid,High,Significant Gap
E0577,R001,People Analytics Specialist,24.4,20.0,23.7,31.0,4.0,7.0,Marketing,L6,"Vancouver, BC",7.5,3,Solid,Medium,Significant Gap
E0577,R002,Senior People Analytics Analyst,25.0,16.7,23.8,36.0,5.0,8.0,Marketing,L6,"Vancouver, BC",7.5,3,Solid,Medium,Significant Gap
E0577,R003,Talent Intelligence Analyst,16.7,0.0,14.2,32.0,5.0,8.0,Marketing,L6,"Vancouver, BC",7.5,3,Solid,Medium,Significant Gap
E0577,R004,Workforce Planning Analyst,25.7,0.0,21.8,27.0,4.0,5.0,Marketing,L6,"Vancouver, BC",7.5,3,Solid,Medium,Significant Gap
E0577,R005,HR Data Analyst,6.2,0.0,5.3,27.0,4.0,7.0,Marketing,L6,"Vancouver, BC",7.5,3,Solid,Medium,Significant Gap
E0577,R006,People Analytics Manager,27.9,20.0,26.7,38.0,4.0,8.0,Marketing,L6,"Vancouver, BC",7.5,3,Solid,Medium,Significant Gap
E0577,R007,HRIS & People Data Specialist,7.6,0.0,6.5,33.0,5.0,8.0,Marketing,L6,"Vancouver, BC",7.5,3,Solid,Medium,Significant Gap
E0577,R008,Talent Management Analytics Specialist,6.2,0.0,5.3,34.0,4.0,9.0,Marketing,L6,"Vancouver, BC",7.5,3,Solid,Medium,Significant Gap
E0578,R001,People Analytics Specialist,23.2,20.0,22.7,32.0,4.0,9.0,Engineering,L3,"Toronto, ON",6.5,2,Solid,Low,Significant Gap
E0578,R002,Senior People Analytics Analyst,36.9,16.7,33.9,31.0,5.0,6.0,Engineering,L3,"Toronto, ON",6.5,2,Solid,Low,Significant Gap
E0578,R003,Talent Intelligence Analyst,21.2,0.0,18.0,31.0,5.0,7.0,Engineering,L3,"Toronto, ON",6.5,2,Solid,Low,Significant Gap
E0578,R004,Workforce Planning Analyst,18.8,0.0,15.9,30.0,4.0,7.0,Engineering,L3,"Toronto, ON",6.5,2,Solid,Low,Significant Gap
E0578,R005,HR Data Analyst,30.8,25.0,30.0,20.0,3.0,5.0,Engineering,L3,"Toronto, ON",6.5,2,Solid,Low,Significant Gap
E0578,R006,People Analytics Manager,14.5,0.0,12.3,45.0,5.0,9.0,Engineering,L3,"Toronto, ON",6.5,2,Solid,Low,Significant Gap
E0578,R007,HRIS & People Data Specialist,28.3,20.0,27.0,28.0,4.0,7.0,Engineering,L3,"Toronto, ON",6.5,2,Solid,Low,Significant Gap
E0578,R008,Talent Management Analytics Specialist,11.5,0.0,9.7,33.0,4.0,8.0,Engineering,L3,"Toronto, ON",6.5,2,Solid,Low,Significant Gap
E0579,R001,People Analytics Specialist,22.6,20.0,22.2,32.0,4.0,9.0,Sales,L3,"Ottawa, ON",4.2,3,High,Medium,Significant Gap
E0579,R002,Senior People Analytics Analyst,22.5,0.0,19.1,37.0,6.0,8.0,Sales,L3,"Ottawa, ON",4.2,3,High,Medium,Significant Gap
E0579,R003,Talent Intelligence Analyst,5.1,0.0,4.4,37.0,5.0,10.0,Sales,L3,"Ottawa, ON",4.2,3,High,Medium,Significant Gap
E0579,R004,Workforce Planning Analyst,25.0,0.0,21.2,28.0,4.0,6.0,Sales,L3,"Ottawa, ON",4.2,3,High,Medium,Significant Gap
E0579,R005,HR Data Analyst,11.7,0.0,9.9,25.0,4.0,7.0,Sales,L3,"Ottawa, ON",4.2,3,High,Medium,Significant Gap
E0579,R006,People Analytics Manager,15.2,0.0,12.9,44.0,5.0,9.0,Sales,L3,"Ottawa, ON",4.2,3,High,Medium,Significant Gap
E0579,R007,HRIS & People Data Specialist,11.6,0.0,9.9,32.0,5.0,8.0,Sales,L3,"Ottawa, ON",4.2,3,High,Medium,Significant Gap
E0579,R008,Talent Management Analytics Specialist,11.8,0.0,10.0,32.0,4.0,7.0,Sales,L3,"Ottawa, ON",4.2,3,High,Medium,Significant Gap
E0580,R001,People Analytics Specialist,25.6,20.0,24.8,30.0,4.0,7.0,Customer Success,L4,Remote - Canada,10.0,3,High,High,Significant Gap
E0580,R002,Senior People Analytics Analyst,22.2,0.0,18.8,37.0,6.0,9.0,Customer Success,L4,Remote - Canada,10.0,3,High,High,Significant Gap
E0580,R003,Talent Intelligence Analyst,15.4,0.0,13.1,33.0,5.0,9.0,Customer Success,L4,Remote - Canada,10.0,3,High,High,Significant Gap
E0580,R004,Workforce Planning Analyst,25.0,0.0,21.2,27.0,4.0,6.0,Customer Success,L4,Remote - Canada,10.0,3,High,High,Significant Gap
E0580,R005,HR Data Analyst,13.3,0.0,11.3,24.0,4.0,6.0,Customer Success,L4,Remote - Canada,10.0,3,High,High,Significant Gap
E0580,R006,People Analytics Manager,33.1,0.0,28.1,35.0,5.0,7.0,Customer Success,L4,Remote - Canada,10.0,3,High,High,Significant Gap
E0580,R007,HRIS & People Data Specialist,15.2,0.0,12.9,29.0,5.0,7.0,Customer Success,L4,Remote - Canada,10.0,3,High,High,Significant Gap
E0580,R008,Talent Management Analytics Specialist,10.4,0.0,8.9,32.0,4.0,8.0,Customer Success,L4,Remote - Canada,10.0,3,High,High,Significant Gap
E0581,R001,People Analytics Specialist,28.0,0.0,23.8,30.0,5.0,6.0,Human Resources,L2,"Vancouver, BC",0.3,3,Solid,Medium,Significant Gap
E0581,R002,Senior People Analytics Analyst,22.2,0.0,18.8,37.0,6.0,6.0,Human Resources,L2,"Vancouver, BC",0.3,3,Solid,Medium,Significant Gap
E0581,R003,Talent Intelligence Analyst,5.1,0.0,4.4,37.0,5.0,9.0,Human Resources,L2,"Vancouver, BC",0.3,3,Solid,Medium,Significant Gap
E0581,R004,Workforce Planning Analyst,30.1,0.0,25.6,26.0,4.0,4.0,Human Resources,L2,"Vancouver, BC",0.3,3,Solid,Medium,Significant Gap
E0581,R005,HR Data Analyst,29.2,0.0,24.8,21.0,4.0,5.0,Human Resources,L2,"Vancouver, BC",0.3,3,Solid,Medium,Significant Gap
E0581,R006,People Analytics Manager,24.8,0.0,21.1,39.0,5.0,6.0,Human Resources,L2,"Vancouver, BC",0.3,3,Solid,Medium,Significant Gap
E0581,R007,HRIS & People Data Specialist,27.7,0.0,23.5,27.0,5.0,5.0,Human Resources,L2,"Vancouver, BC",0.3,3,Solid,Medium,Significant Gap
E0581,R008,Talent Management Analytics Specialist,26.2,0.0,22.3,27.0,4.0,6.0,Human Resources,L2,"Vancouver, BC",0.3,3,Solid,Medium,Significant Gap
E0582,R001,People Analytics Specialist,32.1,40.0,33.3,29.0,3.0,8.0,Engineering,L4,"Toronto, ON",1.2,5,Solid,High,Significant Gap
E0582,R002,Senior People Analytics Analyst,41.1,16.7,37.4,29.0,5.0,6.0,Engineering,L4,"Toronto, ON",1.2,5,Solid,High,Significant Gap
E0582,R003,Talent Intelligence Analyst,30.8,0.0,26.2,27.0,5.0,7.0,Engineering,L4,"Toronto, ON",1.2,5,Solid,High,Significant Gap
E0582,R004,Workforce Planning Analyst,27.1,0.0,23.0,26.0,4.0,6.0,Engineering,L4,"Toronto, ON",1.2,5,Solid,High,Significant Gap
E0582,R005,HR Data Analyst,23.3,25.0,23.6,23.0,3.0,6.0,Engineering,L4,"Toronto, ON",1.2,5,Solid,High,Significant Gap
E0582,R006,People Analytics Manager,38.3,0.0,32.5,33.0,5.0,6.0,Engineering,L4,"Toronto, ON",1.2,5,Solid,High,Significant Gap
E0582,R007,HRIS & People Data Specialist,20.7,20.0,20.6,29.0,4.0,7.0,Engineering,L4,"Toronto, ON",1.2,5,Solid,High,Significant Gap
E0582,R008,Talent Management Analytics Specialist,6.2,0.0,5.3,34.0,4.0,9.0,Engineering,L4,"Toronto, ON",1.2,5,Solid,High,Significant Gap
E0583,R001,People Analytics Specialist,42.6,20.0,39.2,22.0,4.0,5.0,Human Resources,L2,"Vancouver, BC",1.6,2,Developing,High,Significant Gap
E0583,R002,Senior People Analytics Analyst,29.0,16.7,27.1,34.0,5.0,7.0,Human Resources,L2,"Vancouver, BC",1.6,2,Developing,High,Significant Gap
E0583,R003,Talent Intelligence Analyst,10.3,0.0,8.7,35.0,5.0,9.0,Human Resources,L2,"Vancouver, BC",1.6,2,Developing,High,Significant Gap
E0583,R004,Workforce Planning Analyst,29.9,0.0,25.4,26.0,4.0,5.0,Human Resources,L2,"Vancouver, BC",1.6,2,Developing,High,Significant Gap
E0583,R005,HR Data Analyst,37.5,25.0,35.6,17.0,3.0,5.0,Human Resources,L2,"Vancouver, BC",1.6,2,Developing,High,Significant Gap
E0583,R006,People Analytics Manager,27.2,20.0,26.2,38.0,4.0,7.0,Human Resources,L2,"Vancouver, BC",1.6,2,Developing,High,Significant Gap
E0583,R007,HRIS & People Data Specialist,36.2,20.0,33.8,22.0,4.0,5.0,Human Resources,L2,"Vancouver, BC",1.6,2,Developing,High,Significant Gap
E0583,R008,Talent Management Analytics Specialist,20.8,0.0,17.7,29.0,4.0,7.0,Human Resources,L2,"Vancouver, BC",1.6,2,Developing,High,Significant Gap
E0584,R001,People Analytics Specialist,30.7,20.0,29.1,30.0,4.0,8.0,Engineering,L4,"Toronto, ON",1.9,3,Developing,High,Significant Gap
E0584,R002,Senior People Analytics Analyst,34.6,16.7,31.9,32.0,5.0,7.0,Engineering,L4,"Toronto, ON",1.9,3,Developing,High,Significant Gap
E0584,R003,Talent Intelligence Analyst,24.4,0.0,20.7,28.0,5.0,7.0,Engineering,L4,"Toronto, ON",1.9,3,Developing,High,Significant Gap
E0584,R004,Workforce Planning Analyst,22.9,0.0,19.5,28.0,4.0,7.0,Engineering,L4,"Toronto, ON",1.9,3,Developing,High,Significant Gap
E0584,R005,HR Data Analyst,29.2,25.0,28.5,22.0,3.0,6.0,Engineering,L4,"Toronto, ON",1.9,3,Developing,High,Significant Gap
E0584,R006,People Analytics Manager,41.7,20.0,38.5,31.0,4.0,5.0,Engineering,L4,"Toronto, ON",1.9,3,Developing,High,Significant Gap
E0584,R007,HRIS & People Data Specialist,31.9,20.0,30.1,25.0,4.0,5.0,Engineering,L4,"Toronto, ON",1.9,3,Developing,High,Significant Gap
E0584,R008,Talent Management Analytics Specialist,6.2,0.0,5.3,34.0,4.0,9.0,Engineering,L4,"Toronto, ON",1.9,3,Developing,High,Significant Gap
E0585,R001,People Analytics Specialist,25.0,0.0,21.2,30.0,5.0,8.0,Legal & Compliance,L4,Remote - Canada,5.7,4,Solid,Medium,Significant Gap
E0585,R002,Senior People Analytics Analyst,22.6,0.0,19.2,37.0,6.0,8.0,Legal & Compliance,L4,Remote - Canada,5.7,4,Solid,Medium,Significant Gap
E0585,R003,Talent Intelligence Analyst,12.8,0.0,10.9,34.0,5.0,9.0,Legal & Compliance,L4,Remote - Canada,5.7,4,Solid,Medium,Significant Gap
E0585,R004,Workforce Planning Analyst,26.4,0.0,22.4,26.0,4.0,6.0,Legal & Compliance,L4,Remote - Canada,5.7,4,Solid,Medium,Significant Gap
E0585,R005,HR Data Analyst,25.4,0.0,21.6,21.0,4.0,6.0,Legal & Compliance,L4,Remote - Canada,5.7,4,Solid,Medium,Significant Gap
E0585,R006,People Analytics Manager,29.0,0.0,24.6,37.0,5.0,6.0,Legal & Compliance,L4,Remote - Canada,5.7,4,Solid,Medium,Significant Gap
E0585,R007,HRIS & People Data Specialist,22.1,0.0,18.8,28.0,5.0,6.0,Legal & Compliance,L4,Remote - Canada,5.7,4,Solid,Medium,Significant Gap
E0585,R008,Talent Management Analytics Specialist,6.2,0.0,5.3,34.0,4.0,9.0,Legal & Compliance,L4,Remote - Canada,5.7,4,Solid,Medium,Significant Gap
E0586,R001,People Analytics Specialist,24.7,20.0,24.0,31.0,4.0,8.0,Finance,L2,"Toronto, ON",4.8,3,Solid,Medium,Significant Gap
E0586,R002,Senior People Analytics Analyst,12.5,0.0,10.6,41.0,6.0,9.0,Finance,L2,"Toronto, ON",4.8,3,Solid,Medium,Significant Gap
E0586,R003,Talent Intelligence Analyst,7.7,0.0,6.5,36.0,5.0,10.0,Finance,L2,"Toronto, ON",4.8,3,Solid,Medium,Significant Gap
E0586,R004,Workforce Planning Analyst,22.6,0.0,19.2,29.0,4.0,5.0,Finance,L2,"Toronto, ON",4.8,3,Solid,Medium,Significant Gap
E0586,R005,HR Data Analyst,18.3,0.0,15.6,22.0,4.0,6.0,Finance,L2,"Toronto, ON",4.8,3,Solid,Medium,Significant Gap
E0586,R006,People Analytics Manager,11.0,0.0,9.4,46.0,5.0,10.0,Finance,L2,"Toronto, ON",4.8,3,Solid,Medium,Significant Gap
E0586,R007,HRIS & People Data Specialist,8.7,0.0,7.4,34.0,5.0,9.0,Finance,L2,"Toronto, ON",4.8,3,Solid,Medium,Significant Gap
E0586,R008,Talent Management Analytics Specialist,12.5,0.0,10.6,32.0,4.0,8.0,Finance,L2,"Toronto, ON",4.8,3,Solid,Medium,Significant Gap
E0587,R001,People Analytics Specialist,17.9,0.0,15.2,32.0,5.0,8.0,Customer Success,L2,"Montreal, QC",6.2,2,Developing,Medium,Significant Gap
E0587,R002,Senior People Analytics Analyst,10.7,0.0,9.1,43.0,6.0,9.0,Customer Success,L2,"Montreal, QC",6.2,2,Developing,Medium,Significant Gap
E0587,R003,Talent Intelligence Analyst,10.3,0.0,8.7,35.0,5.0,9.0,Customer Success,L2,"Montreal, QC",6.2,2,Developing,Medium,Significant Gap
E0587,R004,Workforce Planning Analyst,18.1,0.0,15.3,30.0,4.0,6.0,Customer Success,L2,"Montreal, QC",6.2,2,Developing,Medium,Significant Gap
E0587,R005,HR Data Analyst,7.5,0.0,6.4,26.0,4.0,8.0,Customer Success,L2,"Montreal, QC",6.2,2,Developing,Medium,Significant Gap
E0587,R006,People Analytics Manager,13.8,0.0,11.7,45.0,5.0,8.0,Customer Success,L2,"Montreal, QC",6.2,2,Developing,Medium,Significant Gap
E0587,R007,HRIS & People Data Specialist,5.8,0.0,4.9,33.0,5.0,8.0,Customer Success,L2,"Montreal, QC",6.2,2,Developing,Medium,Significant Gap
E0587,R008,Talent Management Analytics Specialist,4.2,0.0,3.5,35.0,4.0,9.0,Customer Success,L2,"Montreal, QC",6.2,2,Developing,Medium,Significant Gap
E0588,R001,People Analytics Specialist,28.0,20.0,26.8,29.0,4.0,8.0,Sales,L4,"Toronto, ON",0.3,5,Solid,High,Significant Gap
E0588,R002,Senior People Analytics Analyst,22.2,0.0,18.8,37.0,6.0,9.0,Sales,L4,"Toronto, ON",0.3,5,Solid,High,Significant Gap
E0588,R003,Talent Intelligence Analyst,15.4,0.0,13.1,33.0,5.0,9.0,Sales,L4,"Toronto, ON",0.3,5,Solid,High,Significant Gap
E0588,R004,Workforce Planning Analyst,29.2,0.0,24.8,25.0,4.0,6.0,Sales,L4,"Toronto, ON",0.3,5,Solid,High,Significant Gap
E0588,R005,HR Data Analyst,15.0,0.0,12.8,24.0,4.0,7.0,Sales,L4,"Toronto, ON",0.3,5,Solid,High,Significant Gap
E0588,R006,People Analytics Manager,33.1,0.0,28.1,35.0,5.0,7.0,Sales,L4,"Toronto, ON",0.3,5,Solid,High,Significant Gap
E0588,R007,HRIS & People Data Specialist,13.8,0.0,11.7,30.0,5.0,7.0,Sales,L4,"Toronto, ON",0.3,5,Solid,High,Significant Gap
E0588,R008,Talent Management Analytics Specialist,14.6,0.0,12.4,31.0,4.0,8.0,Sales,L4,"Toronto, ON",0.3,5,Solid,High,Significant Gap
E0589,R001,People Analytics Specialist,28.0,20.0,26.8,31.0,4.0,8.0,Engineering,L5,"Toronto, ON",6.2,4,Developing,Medium,Significant Gap
E0589,R002,Senior People Analytics Analyst,34.8,16.7,32.1,32.0,5.0,6.0,Engineering,L5,"Toronto, ON",6.2,4,Developing,Medium,Significant Gap
E0589,R003,Talent Intelligence Analyst,30.8,0.0,26.2,26.0,5.0,6.0,Engineering,L5,"Toronto, ON",6.2,4,Developing,Medium,Significant Gap
E0589,R004,Workforce Planning Analyst,20.1,0.0,17.1,29.0,4.0,7.0,Engineering,L5,"Toronto, ON",6.2,4,Developing,Medium,Significant Gap
E0589,R005,HR Data Analyst,24.2,25.0,24.3,23.0,3.0,6.0,Engineering,L5,"Toronto, ON",6.2,4,Developing,Medium,Significant Gap
E0589,R006,People Analytics Manager,30.7,0.0,26.1,37.0,5.0,7.0,Engineering,L5,"Toronto, ON",6.2,4,Developing,Medium,Significant Gap
E0589,R007,HRIS & People Data Specialist,23.6,0.0,20.0,28.0,5.0,6.0,Engineering,L5,"Toronto, ON",6.2,4,Developing,Medium,Significant Gap
E0589,R008,Talent Management Analytics Specialist,10.4,0.0,8.9,32.0,4.0,8.0,Engineering,L5,"Toronto, ON",6.2,4,Developing,Medium,Significant Gap
E0590,R001,People Analytics Specialist,30.1,0.0,25.6,28.0,5.0,5.0,Human Resources,L1,"Toronto, ON",8.7,3,High,High,Significant Gap
E0590,R002,Senior People Analytics Analyst,16.0,0.0,13.6,41.0,6.0,8.0,Human Resources,L1,"Toronto, ON",8.7,3,High,High,Significant Gap
E0590,R003,Talent Intelligence Analyst,15.4,0.0,13.1,33.0,5.0,8.0,Human Resources,L1,"Toronto, ON",8.7,3,High,High,Significant Gap
E0590,R004,Workforce Planning Analyst,11.5,0.0,9.8,33.0,4.0,7.0,Human Resources,L1,"Toronto, ON",8.7,3,High,High,Significant Gap
E0590,R005,HR Data Analyst,15.4,0.0,13.1,24.0,4.0,5.0,Human Resources,L1,"Toronto, ON",8.7,3,High,High,Significant Gap
E0590,R006,People Analytics Manager,16.4,0.0,14.0,44.0,5.0,7.0,Human Resources,L1,"Toronto, ON",8.7,3,High,High,Significant Gap
E0590,R007,HRIS & People Data Specialist,16.7,0.0,14.2,30.0,5.0,6.0,Human Resources,L1,"Toronto, ON",8.7,3,High,High,Significant Gap
E0590,R008,Talent Management Analytics Specialist,26.9,0.0,22.9,26.0,4.0,5.0,Human Resources,L1,"Toronto, ON",8.7,3,High,High,Significant Gap
E0591,R001,People Analytics Specialist,20.5,0.0,17.5,32.0,5.0,7.0,Marketing,L2,Remote - Canada,11.8,3,High,Low,Significant Gap
E0591,R002,Senior People Analytics Analyst,12.5,0.0,10.6,42.0,6.0,8.0,Marketing,L2,Remote - Canada,11.8,3,High,Low,Significant Gap
E0591,R003,Talent Intelligence Analyst,7.7,0.0,6.5,35.0,5.0,9.0,Marketing,L2,Remote - Canada,11.8,3,High,Low,Significant Gap
E0591,R004,Workforce Planning Analyst,13.9,0.0,11.8,32.0,4.0,6.0,Marketing,L2,Remote - Canada,11.8,3,High,Low,Significant Gap
E0591,R005,HR Data Analyst,19.6,0.0,16.6,23.0,4.0,6.0,Marketing,L2,Remote - Canada,11.8,3,High,Low,Significant Gap
E0591,R006,People Analytics Manager,5.9,0.0,5.0,49.0,5.0,10.0,Marketing,L2,Remote - Canada,11.8,3,High,Low,Significant Gap
E0591,R007,HRIS & People Data Specialist,21.4,0.0,18.2,29.0,5.0,6.0,Marketing,L2,Remote - Canada,11.8,3,High,Low,Significant Gap
E0591,R008,Talent Management Analytics Specialist,4.2,0.0,3.5,35.0,4.0,9.0,Marketing,L2,Remote - Canada,11.8,3,High,Low,Significant Gap
E0592,R001,People Analytics Specialist,16.1,20.0,16.7,34.0,4.0,10.0,Finance,L2,"Calgary, AB",1.5,3,Developing,Medium,Significant Gap
E0592,R002,Senior People Analytics Analyst,15.0,0.0,12.8,39.0,6.0,9.0,Finance,L2,"Calgary, AB",1.5,3,Developing,Medium,Significant Gap
E0592,R003,Talent Intelligence Analyst,0.0,0.0,0.0,39.0,5.0,11.0,Finance,L2,"Calgary, AB",1.5,3,Developing,Medium,Significant Gap
E0592,R004,Workforce Planning Analyst,32.3,0.0,27.4,25.0,4.0,5.0,Finance,L2,"Calgary, AB",1.5,3,Developing,Medium,Significant Gap
E0592,R005,HR Data Analyst,17.5,0.0,14.9,23.0,4.0,7.0,Finance,L2,"Calgary, AB",1.5,3,Developing,Medium,Significant Gap
E0592,R006,People Analytics Manager,18.6,0.0,15.8,42.0,5.0,9.0,Finance,L2,"Calgary, AB",1.5,3,Developing,Medium,Significant Gap
E0592,R007,HRIS & People Data Specialist,14.5,0.0,12.3,31.0,5.0,7.0,Finance,L2,"Calgary, AB",1.5,3,Developing,Medium,Significant Gap
E0592,R008,Talent Management Analytics Specialist,0.0,0.0,0.0,37.0,4.0,10.0,Finance,L2,"Calgary, AB",1.5,3,Developing,Medium,Significant Gap
E0593,R001,People Analytics Specialist,26.2,0.0,22.3,30.0,5.0,7.0,Sales,L4,"Calgary, AB",4.2,3,High,Medium,Significant Gap
E0593,R002,Senior People Analytics Analyst,21.8,0.0,18.6,37.0,6.0,8.0,Sales,L4,"Calgary, AB",4.2,3,High,Medium,Significant Gap
E0593,R003,Talent Intelligence Analyst,15.4,0.0,13.1,33.0,5.0,9.0,Sales,L4,"Calgary, AB",4.2,3,High,Medium,Significant Gap
E0593,R004,Workforce Planning Analyst,29.9,0.0,25.4,25.0,4.0,5.0,Sales,L4,"Calgary, AB",4.2,3,High,Medium,Significant Gap
E0593,R005,HR Data Analyst,20.8,0.0,17.7,21.0,4.0,5.0,Sales,L4,"Calgary, AB",4.2,3,High,Medium,Significant Gap
E0593,R006,People Analytics Manager,29.3,0.0,24.9,37.0,5.0,7.0,Sales,L4,"Calgary, AB",4.2,3,High,Medium,Significant Gap
E0593,R007,HRIS & People Data Specialist,13.8,0.0,11.7,31.0,5.0,7.0,Sales,L4,"Calgary, AB",4.2,3,High,Medium,Significant Gap
E0593,R008,Talent Management Analytics Specialist,22.9,0.0,19.5,27.0,4.0,7.0,Sales,L4,"Calgary, AB",4.2,3,High,Medium,Significant Gap
E0594,R001,People Analytics Specialist,28.0,0.0,23.8,29.0,5.0,7.0,Operations,L5,"Calgary, AB",1.0,3,Developing,Medium,Significant Gap
E0594,R002,Senior People Analytics Analyst,24.3,16.7,23.2,36.0,5.0,8.0,Operations,L5,"Calgary, AB",1.0,3,Developing,Medium,Significant Gap
E0594,R003,Talent Intelligence Analyst,15.4,0.0,13.1,33.0,5.0,9.0,Operations,L5,"Calgary, AB",1.0,3,Developing,Medium,Significant Gap
E0594,R004,Workforce Planning Analyst,34.0,0.0,28.9,23.0,4.0,5.0,Operations,L5,"Calgary, AB",1.0,3,Developing,Medium,Significant Gap
E0594,R005,HR Data Analyst,23.3,0.0,19.8,20.0,4.0,5.0,Operations,L5,"Calgary, AB",1.0,3,Developing,Medium,Significant Gap
E0594,R006,People Analytics Manager,35.2,20.0,32.9,34.0,4.0,6.0,Operations,L5,"Calgary, AB",1.0,3,Developing,Medium,Significant Gap
E0594,R007,HRIS & People Data Specialist,15.2,0.0,12.9,30.0,5.0,6.0,Operations,L5,"Calgary, AB",1.0,3,Developing,Medium,Significant Gap
E0594,R008,Talent Management Analytics Specialist,14.6,0.0,12.4,30.0,4.0,8.0,Operations,L5,"Calgary, AB",1.0,3,Developing,Medium,Significant Gap
E0595,R001,People Analytics Specialist,13.4,0.0,11.4,35.0,5.0,9.0,Operations,L3,"Montreal, QC",7.0,3,Developing,Medium,Significant Gap
E0595,R002,Senior People Analytics Analyst,1.7,0.0,1.4,47.0,6.0,11.0,Operations,L3,"Montreal, QC",7.0,3,Developing,Medium,Significant Gap
E0595,R003,Talent Intelligence Analyst,9.2,0.0,7.8,35.0,5.0,10.0,Operations,L3,"Montreal, QC",7.0,3,Developing,Medium,Significant Gap
E0595,R004,Workforce Planning Analyst,11.9,0.0,10.2,33.0,4.0,7.0,Operations,L3,"Montreal, QC",7.0,3,Developing,Medium,Significant Gap
E0595,R005,HR Data Analyst,22.9,0.0,19.5,21.0,4.0,5.0,Operations,L3,"Montreal, QC",7.0,3,Developing,Medium,Significant Gap
E0595,R006,People Analytics Manager,10.3,0.0,8.8,46.0,5.0,9.0,Operations,L3,"Montreal, QC",7.0,3,Developing,Medium,Significant Gap
E0595,R007,HRIS & People Data Specialist,17.0,0.0,14.5,30.0,5.0,7.0,Operations,L3,"Montreal, QC",7.0,3,Developing,Medium,Significant Gap
E0595,R008,Talent Management Analytics Specialist,4.2,0.0,3.5,35.0,4.0,9.0,Operations,L3,"Montreal, QC",7.0,3,Developing,Medium,Significant Gap
E0596,R001,People Analytics Specialist,15.5,0.0,13.2,34.0,5.0,9.0,Finance,L3,"Toronto, ON",9.1,4,High,Medium,Significant Gap
E0596,R002,Senior People Analytics Analyst,8.3,0.0,7.1,44.0,6.0,10.0,Finance,L3,"Toronto, ON",9.1,4,High,Medium,Significant Gap
E0596,R003,Talent Intelligence Analyst,0.0,0.0,0.0,39.0,5.0,11.0,Finance,L3,"Toronto, ON",9.1,4,High,Medium,Significant Gap
E0596,R004,Workforce Planning Analyst,26.4,0.0,22.4,28.0,4.0,5.0,Finance,L3,"Toronto, ON",9.1,4,High,Medium,Significant Gap
E0596,R005,HR Data Analyst,16.2,0.0,13.8,24.0,4.0,7.0,Finance,L3,"Toronto, ON",9.1,4,High,Medium,Significant Gap
E0596,R006,People Analytics Manager,7.6,0.0,6.4,48.0,5.0,10.0,Finance,L3,"Toronto, ON",9.1,4,High,Medium,Significant Gap
E0596,R007,HRIS & People Data Specialist,12.7,0.0,10.8,32.0,5.0,8.0,Finance,L3,"Toronto, ON",9.1,4,High,Medium,Significant Gap
E0596,R008,Talent Management Analytics Specialist,0.0,0.0,0.0,37.0,4.0,10.0,Finance,L3,"Toronto, ON",9.1,4,High,Medium,Significant Gap
E0597,R001,People Analytics Specialist,9.5,0.0,8.1,38.0,5.0,10.0,Engineering,L1,"Toronto, ON",0.3,3,High,High,Significant Gap
E0597,R002,Senior People Analytics Analyst,9.4,0.0,8.0,44.0,6.0,10.0,Engineering,L1,"Toronto, ON",0.3,3,High,High,Significant Gap
E0597,R003,Talent Intelligence Analyst,11.5,0.0,9.8,33.0,5.0,9.0,Engineering,L1,"Toronto, ON",0.3,3,High,High,Significant Gap
E0597,R004,Workforce Planning Analyst,0.0,0.0,0.0,38.0,4.0,10.0,Engineering,L1,"Toronto, ON",0.3,3,High,High,Significant Gap
E0597,R005,HR Data Analyst,25.4,0.0,21.6,21.0,4.0,5.0,Engineering,L1,"Toronto, ON",0.3,3,High,High,Significant Gap
E0597,R006,People Analytics Manager,11.5,0.0,9.8,46.0,5.0,9.0,Engineering,L1,"Toronto, ON",0.3,3,High,High,Significant Gap
E0597,R007,HRIS & People Data Specialist,19.2,0.0,16.3,30.0,5.0,6.0,Engineering,L1,"Toronto, ON",0.3,3,High,High,Significant Gap
E0597,R008,Talent Management Analytics Specialist,6.2,0.0,5.3,34.0,4.0,9.0,Engineering,L1,"Toronto, ON",0.3,3,High,High,Significant Gap
E0598,R001,People Analytics Specialist,30.1,20.0,28.6,29.0,4.0,7.0,Operations,L5,"Toronto, ON",0.3,4,Solid,Medium,Significant Gap
E0598,R002,Senior People Analytics Analyst,26.8,0.0,22.8,34.0,6.0,8.0,Operations,L5,"Toronto, ON",0.3,4,Solid,Medium,Significant Gap
E0598,R003,Talent Intelligence Analyst,15.4,0.0,13.1,33.0,5.0,9.0,Operations,L5,"Toronto, ON",0.3,4,Solid,Medium,Significant Gap
E0598,R004,Workforce Planning Analyst,36.5,0.0,31.0,23.0,4.0,4.0,Operations,L5,"Toronto, ON",0.3,4,Solid,Medium,Significant Gap
E0598,R005,HR Data Analyst,16.2,0.0,13.8,24.0,4.0,6.0,Operations,L5,"Toronto, ON",0.3,4,Solid,Medium,Significant Gap
E0598,R006,People Analytics Manager,36.6,20.0,34.1,33.0,4.0,6.0,Operations,L5,"Toronto, ON",0.3,4,Solid,Medium,Significant Gap
E0598,R007,HRIS & People Data Specialist,17.8,0.0,15.1,29.0,5.0,6.0,Operations,L5,"Toronto, ON",0.3,4,Solid,Medium,Significant Gap
E0598,R008,Talent Management Analytics Specialist,6.2,0.0,5.3,34.0,4.0,9.0,Operations,L5,"Toronto, ON",0.3,4,Solid,Medium,Significant Gap
E0599,R001,People Analytics Specialist,33.3,40.0,34.3,29.0,3.0,8.0,Engineering,L5,"Calgary, AB",10.2,4,Solid,Medium,Significant Gap
E0599,R002,Senior People Analytics Analyst,43.8,16.7,39.8,27.0,5.0,6.0,Engineering,L5,"Calgary, AB",10.2,4,Solid,Medium,Significant Gap
E0599,R003,Talent Intelligence Analyst,19.2,0.0,16.3,30.0,5.0,8.0,Engineering,L5,"Calgary, AB",10.2,4,Solid,Medium,Significant Gap
E0599,R004,Workforce Planning Analyst,25.0,0.0,21.2,27.0,4.0,7.0,Engineering,L5,"Calgary, AB",10.2,4,Solid,Medium,Significant Gap
E0599,R005,HR Data Analyst,34.2,25.0,32.8,20.0,3.0,5.0,Engineering,L5,"Calgary, AB",10.2,4,Solid,Medium,Significant Gap
E0599,R006,People Analytics Manager,44.1,20.0,40.5,30.0,4.0,6.0,Engineering,L5,"Calgary, AB",10.2,4,Solid,Medium,Significant Gap
E0599,R007,HRIS & People Data Specialist,39.1,0.0,33.3,23.0,5.0,5.0,Engineering,L5,"Calgary, AB",10.2,4,Solid,Medium,Significant Gap
E0599,R008,Talent Management Analytics Specialist,10.4,0.0,8.9,32.0,4.0,8.0,Engineering,L5,"Calgary, AB",10.2,4,Solid,Medium,Significant Gap
E0600,R001,People Analytics Specialist,30.7,20.0,29.1,28.0,4.0,7.0,Human Resources,L2,"Toronto, ON",4.8,3,Solid,High,Significant Gap
E0600,R002,Senior People Analytics Analyst,21.7,0.0,18.4,37.0,6.0,7.0,Human Resources,L2,"Toronto, ON",4.8,3,Solid,High,Significant Gap
E0600,R003,Talent Intelligence Analyst,2.6,0.0,2.2,38.0,5.0,10.0,Human Resources,L2,"Toronto, ON",4.8,3,Solid,High,Significant Gap
E0600,R004,Workforce Planning Analyst,31.4,0.0,26.7,25.0,4.0,4.0,Human Resources,L2,"Toronto, ON",4.8,3,Solid,High,Significant Gap
E0600,R005,HR Data Analyst,36.7,25.0,34.9,18.0,3.0,5.0,Human Resources,L2,"Toronto, ON",4.8,3,Solid,High,Significant Gap
E0600,R006,People Analytics Manager,24.8,0.0,21.1,39.0,5.0,6.0,Human Resources,L2,"Toronto, ON",4.8,3,Solid,High,Significant Gap
E0600,R007,HRIS & People Data Specialist,25.2,0.0,21.4,27.0,5.0,6.0,Human Resources,L2,"Toronto, ON",4.8,3,Solid,High,Significant Gap
E0600,R008,Talent Management Analytics Specialist,13.3,0.0,11.3,32.0,4.0,8.0,Human Resources,L2,"Toronto, ON",4.8,3,Solid,High,Significant Gap
