EmployeeID,Skill,ProficiencyLevel,MonthsSinceLastUse,EvidenceType
E0001,Excel,2,29,Certification
E0001,Data Quality,3,48,Manager validation
E0001,Stakeholder Management,4,34,Self-assessment
E0001,Generative AI,2,34,Manager validation
E0001,Data Visualization,2,25,Self-assessment
E0001,Communication,3,16,Self-assessment
E0001,Power BI,1,3,Manager validation
E0002,Change Management,4,47,Self-assessment
E0002,Excel,2,35,Manager validation
E0002,Business Acumen,4,10,Self-assessment
E0002,Data Quality,3,44,Manager validation
E0002,Stakeholder Management,5,27,Self-assessment
E0002,Data Governance,4,15,Self-assessment
E0002,Communication,1,42,Project evidence
E0002,Data Storytelling,4,4,Project evidence
E0002,Project Management,2,45,Self-assessment
E0002,People Analytics,1,34,Manager validation
E0002,Workforce Planning,2,13,Manager validation
E0003,Excel,3,3,Certification
E0003,Business Acumen,2,46,Self-assessment
E0003,Performance Analytics,2,37,Self-assessment
E0003,Stakeholder Management,3,19,Self-assessment
E0003,Communication,1,16,Project evidence
E0003,Data Storytelling,2,12,Self-assessment
E0003,Power BI,2,35,Self-assessment
E0004,Change Management,4,40,Manager validation
E0004,Excel,1,34,Certification
E0004,Business Acumen,4,48,Self-assessment
E0004,Performance Analytics,1,13,Manager validation
E0004,Data Quality,2,11,Project evidence
E0004,Stakeholder Management,5,14,Manager validation
E0004,Data Storytelling,2,40,Manager validation
E0004,Project Management,2,39,Self-assessment
E0004,Data Modeling,1,48,Certification
E0004,Power Query,3,19,Manager validation
E0005,Change Management,4,37,Self-assessment
E0005,Excel,1,26,Self-assessment
E0005,Business Acumen,4,4,Manager validation
E0005,Power BI,2,24,Project evidence
E0005,Stakeholder Management,4,29,Manager validation
E0005,Data Visualization,2,33,Project evidence
E0005,Statistics,2,14,Manager validation
E0005,Data Storytelling,3,46,Self-assessment
E0005,Forecasting,2,36,Certification
E0005,Project Management,2,31,Project evidence
E0006,SQL,3,23,Manager validation
E0006,Excel,2,39,Self-assessment
E0006,Data Quality,2,11,Manager validation
E0006,NLP,2,44,Self-assessment
E0006,Stakeholder Management,1,31,Self-assessment
E0006,Machine Learning,4,18,Manager validation
E0006,Data Governance,1,37,Manager validation
E0006,Generative AI,5,38,Project evidence
E0006,Power BI,3,25,Certification
E0007,HR Data Management,1,35,Self-assessment
E0007,Business Acumen,1,34,Self-assessment
E0007,Power BI,3,8,Manager validation
E0007,Data Quality,3,47,Certification
E0007,HRIS,3,9,Manager validation
E0007,Recruiting Analytics,3,26,Self-assessment
E0007,Learning Analytics,2,19,Certification
E0007,People Analytics,1,33,Manager validation
E0007,Data Visualization,4,36,Manager validation
E0007,Statistics,1,26,Project evidence
E0007,Project Management,2,11,Self-assessment
E0007,Python,1,29,Manager validation
E0007,Power Query,2,41,Project evidence
E0008,Power BI,1,44,Manager validation
E0008,Performance Analytics,1,46,Self-assessment
E0008,Data Quality,3,12,Self-assessment
E0008,Stakeholder Management,3,4,Manager validation
E0008,Communication,1,36,Project evidence
E0008,Data Storytelling,1,10,Self-assessment
E0008,Project Management,1,3,Self-assessment
E0009,Excel,2,28,Project evidence
E0009,Power BI,2,3,Self-assessment
E0009,Business Acumen,1,12,Manager validation
E0009,Data Quality,3,21,Certification
E0009,Communication,3,31,Project evidence
E0009,Data Storytelling,1,11,Manager validation
E0009,Project Management,3,4,Self-assessment
E0009,Data Modeling,2,26,Self-assessment
E0009,DAX,2,3,Project evidence
E0010,Excel,1,16,Certification
E0010,Data Quality,3,9,Self-assessment
E0010,Data Modeling,3,30,Self-assessment
E0010,NLP,1,38,Project evidence
E0010,Machine Learning,2,44,Self-assessment
E0010,Generative AI,2,37,Manager validation
E0010,Communication,3,32,Project evidence
E0010,Python,3,7,Manager validation
E0011,Change Management,3,10,Manager validation
E0011,Scenario Modeling,2,12,Manager validation
E0011,Power BI,1,26,Self-assessment
E0011,Business Acumen,4,27,Manager validation
E0011,Stakeholder Management,3,21,Self-assessment
E0011,Communication,2,43,Manager validation
E0011,Data Storytelling,4,45,Project evidence
E0011,Forecasting,2,13,Manager validation
E0011,Project Management,2,36,Manager validation
E0012,SQL,2,5,Self-assessment
E0012,Change Management,3,17,Self-assessment
E0012,Business Acumen,4,20,Manager validation
E0012,Data Quality,1,7,Self-assessment
E0012,Employee Engagement,3,12,Self-assessment
E0012,HRIS,4,36,Certification
E0012,Recruiting Analytics,4,16,Self-assessment
E0012,Stakeholder Management,5,6,Certification
E0012,Learning Analytics,1,43,Project evidence
E0012,Talent Analytics,5,44,Project evidence
E0012,Statistics,2,40,Self-assessment
E0012,Data Storytelling,4,29,Self-assessment
E0012,Project Management,3,40,Self-assessment
E0013,SQL,3,11,Certification
E0013,Excel,3,30,Self-assessment
E0013,NLP,2,32,Manager validation
E0013,Machine Learning,3,18,Manager validation
E0013,Data Governance,1,27,Manager validation
E0013,Generative AI,3,29,Project evidence
E0013,Communication,1,14,Certification
E0013,Project Management,1,3,Project evidence
E0014,Excel,1,48,Project evidence
E0014,Business Acumen,2,5,Project evidence
E0014,Stakeholder Management,2,31,Project evidence
E0014,Statistics,1,31,Manager validation
E0014,Forecasting,2,10,Manager validation
E0014,Power BI,2,47,Project evidence
E0014,Skills Gap Analysis,2,47,Manager validation
E0014,People Analytics,3,7,Manager validation
E0015,Excel,2,4,Self-assessment
E0015,Scenario Modeling,2,26,Self-assessment
E0015,Data Quality,2,37,Certification
E0015,Stakeholder Management,4,32,Project evidence
E0015,Data Visualization,1,24,Project evidence
E0015,Forecasting,2,17,Certification
E0016,SQL,4,5,Project evidence
E0016,Excel,1,23,Project evidence
E0016,Data Modeling,3,47,Certification
E0016,Stakeholder Management,2,24,Certification
E0016,Machine Learning,5,14,Certification
E0016,Generative AI,3,16,Project evidence
E0016,Project Management,1,41,Project evidence
E0016,Python,4,32,Project evidence
E0017,Excel,3,35,Project evidence
E0017,Power BI,2,30,Certification
E0017,Performance Analytics,3,7,Self-assessment
E0017,Data Quality,1,46,Project evidence
E0017,Employee Engagement,3,20,Certification
E0017,HRIS,2,40,Manager validation
E0017,Workforce Planning,2,16,Self-assessment
E0017,People Analytics,2,41,Project evidence
E0017,Statistics,2,4,Manager validation
E0017,Data Visualization,3,23,Manager validation
E0017,Project Management,2,6,Manager validation
E0018,Excel,2,12,Self-assessment
E0018,Business Acumen,2,8,Project evidence
E0018,Data Quality,3,22,Self-assessment
E0018,Stakeholder Management,2,23,Manager validation
E0018,Communication,2,19,Manager validation
E0018,Forecasting,1,9,Manager validation
E0018,Power BI,3,22,Manager validation
E0018,SQL,1,39,Manager validation
E0018,Python,2,45,Project evidence
E0019,Excel,2,24,Self-assessment
E0019,Business Acumen,2,4,Project evidence
E0019,Performance Analytics,1,18,Manager validation
E0019,Data Quality,2,24,Self-assessment
E0019,Stakeholder Management,3,7,Manager validation
E0019,Data Storytelling,4,44,Manager validation
E0020,SQL,1,47,Certification
E0020,HR Data Management,3,6,Project evidence
E0020,Excel,2,34,Project evidence
E0020,Business Acumen,1,41,Self-assessment
E0020,Employee Engagement,1,32,Self-assessment
E0020,Recruiting Analytics,4,48,Manager validation
E0020,Learning Analytics,4,27,Self-assessment
E0020,People Analytics,4,38,Manager validation
E0020,Data Visualization,2,27,Project evidence
E0020,Statistics,2,29,Manager validation
E0020,Project Management,2,19,Manager validation
E0021,Change Management,5,22,Self-assessment
E0021,Excel,2,16,Self-assessment
E0021,Scenario Modeling,3,40,Self-assessment
E0021,Power BI,2,9,Project evidence
E0021,Business Acumen,3,46,Manager validation
E0021,Stakeholder Management,2,23,Self-assessment
E0021,Communication,3,39,Project evidence
E0021,Data Storytelling,5,25,Manager validation
E0021,Forecasting,3,9,Self-assessment
E0021,Project Management,1,15,Self-assessment
E0022,Excel,2,15,Self-assessment
E0022,Business Acumen,2,20,Project evidence
E0022,Power BI,1,44,Self-assessment
E0022,Performance Analytics,2,3,Certification
E0022,Stakeholder Management,1,45,Self-assessment
E0022,Communication,2,46,Self-assessment
E0022,Project Management,2,41,Manager validation
E0023,HR Data Management,3,23,Self-assessment
E0023,Excel,1,20,Self-assessment
E0023,Business Acumen,2,13,Self-assessment
E0023,Performance Analytics,3,29,Self-assessment
E0023,Employee Engagement,5,30,Project evidence
E0023,HRIS,2,5,Self-assessment
E0023,Stakeholder Management,3,12,Project evidence
E0023,Data Storytelling,2,19,Certification
E0023,Data Visualization,3,14,Self-assessment
E0023,Talent Management,3,29,Manager validation
E0023,Power BI,2,27,Project evidence
E0023,Python,2,21,Self-assessment
E0023,Power Query,3,14,Manager validation
E0023,Talent Intelligence,3,3,Project evidence
E0023,Workforce Planning,3,35,Self-assessment
E0024,Excel,2,48,Project evidence
E0024,Scenario Modeling,3,36,Manager validation
E0024,Data Quality,1,25,Self-assessment
E0024,Stakeholder Management,1,31,Manager validation
E0024,Communication,3,37,Certification
E0024,Project Management,3,36,Certification
E0024,Data Modeling,2,43,Self-assessment
E0024,DAX,1,32,Manager validation
E0025,SQL,3,40,Certification
E0025,Data Quality,2,33,Project evidence
E0025,Data Modeling,2,28,Manager validation
E0025,Stakeholder Management,3,3,Certification
E0025,Machine Learning,2,35,Self-assessment
E0025,Data Governance,2,12,Self-assessment
E0025,Generative AI,3,7,Self-assessment
E0025,Project Management,1,10,Self-assessment
E0025,Power BI,1,35,Project evidence
E0026,Scenario Modeling,1,13,Manager validation
E0026,Business Acumen,3,6,Manager validation
E0026,Data Quality,2,9,Manager validation
E0026,Statistics,1,30,Self-assessment
E0026,Communication,1,32,Self-assessment
E0026,Forecasting,1,34,Self-assessment
E0026,Power BI,3,22,Project evidence
E0027,Excel,2,22,Manager validation
E0027,Business Acumen,1,3,Project evidence
E0027,Power BI,3,8,Manager validation
E0027,Employee Engagement,2,6,Manager validation
E0027,Stakeholder Management,3,10,Self-assessment
E0027,Data Storytelling,3,25,Self-assessment
E0027,Project Management,1,30,Manager validation
E0028,Excel,2,11,Manager validation
E0028,Scenario Modeling,2,24,Self-assessment
E0028,Business Acumen,3,39,Manager validation
E0028,Data Quality,2,30,Self-assessment
E0028,Forecasting,2,10,Project evidence
E0028,Project Management,1,14,Manager validation
E0029,SQL,2,26,Manager validation
E0029,Excel,2,8,Self-assessment
E0029,NLP,4,19,Self-assessment
E0029,Stakeholder Management,2,6,Project evidence
E0029,Data Governance,2,32,Project evidence
E0029,Generative AI,3,17,Self-assessment
E0029,Project Management,2,24,Project evidence
E0029,Python,3,30,Self-assessment
E0029,Power Query,1,15,Self-assessment
E0029,DAX,3,15,Self-assessment
E0030,Excel,2,17,Self-assessment
E0030,Business Acumen,2,48,Project evidence
E0030,Performance Analytics,2,26,Self-assessment
E0030,Project Management,2,20,Self-assessment
E0030,Communication,1,21,Manager validation
E0030,Power BI,3,22,Project evidence
E0030,SQL,1,15,Manager validation
E0030,Python,1,11,Project evidence
E0031,Excel,1,32,Manager validation
E0031,Scenario Modeling,1,25,Self-assessment
E0031,Data Quality,2,24,Manager validation
E0031,Data Visualization,3,14,Project evidence
E0031,Communication,2,13,Self-assessment
E0031,Forecasting,3,27,Self-assessment
E0031,Workforce Planning,3,27,Project evidence
E0031,People Analytics,1,28,Self-assessment
E0032,Excel,2,44,Project evidence
E0032,Business Acumen,2,16,Self-assessment
E0032,Data Quality,2,38,Certification
E0032,Stakeholder Management,1,38,Self-assessment
E0032,Communication,1,38,Project evidence
E0032,Data Storytelling,2,6,Manager validation
E0032,Project Management,3,38,Manager validation
E0033,Change Management,5,42,Project evidence
E0033,Excel,2,8,Certification
E0033,Business Acumen,3,13,Self-assessment
E0033,Data Quality,3,13,Certification
E0033,Stakeholder Management,4,20,Certification
E0033,Data Governance,1,42,Project evidence
E0033,Communication,1,22,Self-assessment
E0033,Data Storytelling,3,42,Self-assessment
E0033,Project Management,1,32,Self-assessment
E0034,Excel,3,5,Project evidence
E0034,Business Acumen,2,7,Self-assessment
E0034,Data Quality,1,4,Project evidence
E0034,Stakeholder Management,2,12,Manager validation
E0034,Communication,2,11,Self-assessment
E0034,Data Storytelling,2,3,Project evidence
E0035,SQL,1,36,Manager validation
E0035,HR Data Management,4,10,Self-assessment
E0035,Business Acumen,3,24,Self-assessment
E0035,Performance Analytics,3,40,Manager validation
E0035,Data Quality,3,11,Manager validation
E0035,Recruiting Analytics,3,15,Self-assessment
E0035,Stakeholder Management,2,40,Self-assessment
E0035,Talent Analytics,3,42,Self-assessment
E0035,Statistics,1,45,Self-assessment
E0035,Data Visualization,2,26,Manager validation
E0035,Talent Management,3,5,Self-assessment
E0035,DAX,1,21,Self-assessment
E0035,Power Query,3,28,Self-assessment
E0036,SQL,1,34,Self-assessment
E0036,Excel,3,31,Manager validation
E0036,Performance Analytics,2,40,Manager validation
E0036,Data Quality,2,48,Self-assessment
E0036,Employee Engagement,2,3,Certification
E0036,Stakeholder Management,2,15,Self-assessment
E0036,Data Storytelling,1,30,Manager validation
E0036,People Analytics,2,25,Project evidence
E0036,Talent Analytics,3,9,Self-assessment
E0036,Statistics,2,12,Project evidence
E0036,Talent Management,4,7,Certification
E0037,Excel,2,45,Manager validation
E0037,Business Acumen,2,3,Self-assessment
E0037,Data Quality,3,44,Certification
E0037,Stakeholder Management,2,3,Self-assessment
E0037,Communication,3,5,Self-assessment
E0037,Power BI,1,42,Self-assessment
E0037,Workforce Planning,3,8,Certification
E0037,Talent Intelligence,2,5,Self-assessment
E0038,Business Acumen,2,4,Certification
E0038,Data Quality,4,39,Certification
E0038,Data Modeling,4,43,Self-assessment
E0038,NLP,4,22,Project evidence
E0038,Data Governance,1,18,Self-assessment
E0038,Machine Learning,2,38,Self-assessment
E0038,Project Management,2,22,Project evidence
E0038,Python,5,32,Project evidence
E0038,SQL,4,36,Self-assessment
E0038,Statistics,3,28,Project evidence
E0039,Scenario Modeling,2,11,Manager validation
E0039,Data Quality,1,18,Manager validation
E0039,Stakeholder Management,2,16,Project evidence
E0039,Data Visualization,1,47,Manager validation
E0039,Communication,1,34,Manager validation
E0039,Statistics,2,25,Certification
E0039,Forecasting,2,41,Manager validation
E0040,Change Management,4,23,Manager validation
E0040,Excel,1,16,Self-assessment
E0040,Business Acumen,3,13,Manager validation
E0040,Data Modeling,3,43,Project evidence
E0040,NLP,3,22,Self-assessment
E0040,Stakeholder Management,2,44,Manager validation
E0040,Machine Learning,5,11,Self-assessment
E0040,Data Governance,1,32,Manager validation
E0040,Data Storytelling,4,17,Project evidence
E0040,Python,4,43,Certification
E0040,SQL,3,21,Self-assessment
E0041,SQL,3,15,Self-assessment
E0041,Excel,3,48,Manager validation
E0041,Data Modeling,5,26,Self-assessment
E0041,Machine Learning,5,20,Manager validation
E0041,Generative AI,5,44,Self-assessment
E0041,Communication,2,18,Self-assessment
E0041,Project Management,1,46,Self-assessment
E0041,Python,4,40,Self-assessment
E0041,Statistics,3,22,Project evidence
E0041,Power BI,2,25,Manager validation
E0041,People Analytics,1,48,Manager validation
E0041,Workforce Planning,3,38,Manager validation
E0042,Excel,2,34,Self-assessment
E0042,Scenario Modeling,2,45,Certification
E0042,Business Acumen,1,5,Self-assessment
E0042,Data Quality,1,39,Certification
E0042,Stakeholder Management,2,42,Self-assessment
E0042,Communication,3,37,Certification
E0042,Forecasting,2,6,Self-assessment
E0043,SQL,3,47,Self-assessment
E0043,Change Management,3,11,Manager validation
E0043,Excel,1,48,Project evidence
E0043,Business Acumen,4,47,Self-assessment
E0043,NLP,4,22,Self-assessment
E0043,Stakeholder Management,3,12,Manager validation
E0043,Machine Learning,3,9,Self-assessment
E0043,Generative AI,3,10,Manager validation
E0043,Communication,2,34,Certification
E0043,Data Storytelling,3,38,Manager validation
E0043,Python,4,48,Project evidence
E0043,DAX,4,44,Manager validation
E0043,Internal Mobility,2,43,Self-assessment
E0043,Skills Gap Analysis,4,6,Certification
E0044,Excel,1,3,Manager validation
E0044,Performance Analytics,2,43,Certification
E0044,Stakeholder Management,2,41,Self-assessment
E0044,Communication,1,24,Certification
E0044,Data Storytelling,1,6,Self-assessment
E0044,Project Management,2,46,Manager validation
E0045,Excel,1,27,Manager validation
E0045,Data Quality,3,47,Certification
E0045,Data Modeling,2,26,Manager validation
E0045,NLP,3,25,Manager validation
E0045,Data Governance,2,16,Manager validation
E0045,Generative AI,4,41,Project evidence
E0045,Communication,3,42,Project evidence
E0045,Python,3,41,Manager validation
E0046,Change Management,5,3,Certification
E0046,Business Acumen,4,39,Self-assessment
E0046,Data Quality,3,21,Manager validation
E0046,Data Modeling,5,10,Manager validation
E0046,NLP,2,7,Self-assessment
E0046,Stakeholder Management,2,38,Manager validation
E0046,Data Governance,1,6,Certification
E0046,Generative AI,2,15,Manager validation
E0046,Communication,1,47,Project evidence
E0046,Data Storytelling,3,16,Manager validation
E0046,Python,4,4,Project evidence
E0047,SQL,3,30,Project evidence
E0047,HR Data Management,3,37,Certification
E0047,Change Management,4,10,Manager validation
E0047,Business Acumen,4,6,Project evidence
E0047,Power BI,3,5,Manager validation
E0047,Performance Analytics,2,18,Self-assessment
E0047,Employee Engagement,3,4,Certification
E0047,Recruiting Analytics,3,14,Manager validation
E0047,Stakeholder Management,3,48,Project evidence
E0047,Data Storytelling,4,21,Self-assessment
E0047,Talent Management,2,26,Certification
E0047,Project Management,3,24,Certification
E0048,Excel,2,35,Project evidence
E0048,Data Quality,2,25,Project evidence
E0048,Stakeholder Management,3,20,Project evidence
E0048,Communication,3,48,Certification
E0048,Forecasting,3,26,Self-assessment
E0048,Project Management,1,24,Self-assessment
E0049,Excel,2,22,Project evidence
E0049,Business Acumen,2,33,Certification
E0049,Project Management,3,28,Self-assessment
E0049,Stakeholder Management,4,10,Manager validation
E0049,Data Storytelling,1,39,Certification
E0049,Power BI,3,15,Self-assessment
E0050,Excel,2,15,Certification
E0050,Power BI,1,37,Self-assessment
E0050,Performance Analytics,3,33,Self-assessment
E0050,Employee Engagement,2,16,Self-assessment
E0050,HRIS,1,20,Self-assessment
E0050,Workforce Planning,3,11,Self-assessment
E0050,Talent Analytics,3,18,Self-assessment
E0050,Data Visualization,3,39,Manager validation
E0050,Communication,3,13,Self-assessment
E0050,Data Storytelling,3,42,Manager validation
E0050,Project Management,2,41,Project evidence
E0051,HR Data Management,3,45,Manager validation
E0051,Change Management,5,38,Project evidence
E0051,Excel,2,45,Self-assessment
E0051,Power BI,4,18,Self-assessment
E0051,Business Acumen,3,3,Project evidence
E0051,HRIS,2,26,Project evidence
E0051,Recruiting Analytics,3,34,Project evidence
E0051,Stakeholder Management,4,9,Project evidence
E0051,Workforce Planning,3,37,Manager validation
E0051,People Analytics,5,42,Project evidence
E0051,Statistics,3,13,Certification
E0051,Communication,2,17,Project evidence
E0051,Data Storytelling,4,11,Manager validation
E0051,Project Management,3,14,Certification
E0051,Python,3,26,Manager validation
E0052,Excel,1,32,Project evidence
E0052,Business Acumen,3,10,Certification
E0052,Project Management,3,43,Manager validation
E0052,Data Quality,3,32,Self-assessment
E0052,Communication,2,19,Self-assessment
E0052,Power BI,1,33,Project evidence
E0053,Power BI,2,24,Manager validation
E0053,Excel,2,43,Self-assessment
E0053,Stakeholder Management,3,7,Self-assessment
E0053,Business Acumen,1,38,Manager validation
E0053,People Analytics,2,33,Self-assessment
E0053,Skills Gap Analysis,3,32,Project evidence
E0054,Change Management,4,27,Manager validation
E0054,Excel,2,5,Manager validation
E0054,Business Acumen,5,33,Manager validation
E0054,Data Quality,4,14,Project evidence
E0054,Stakeholder Management,2,9,Certification
E0054,Communication,2,21,Self-assessment
E0054,Data Storytelling,5,3,Project evidence
E0054,Power BI,3,24,Manager validation
E0055,SQL,4,17,Project evidence
E0055,Excel,2,39,Manager validation
E0055,Data Quality,1,13,Manager validation
E0055,NLP,2,26,Self-assessment
E0055,Data Governance,1,25,Self-assessment
E0055,Generative AI,2,17,Manager validation
E0055,Project Management,2,42,Project evidence
E0055,Python,3,36,Project evidence
E0055,DAX,1,34,Self-assessment
E0055,Data Modeling,3,25,Self-assessment
E0056,Change Management,3,27,Project evidence
E0056,Excel,2,6,Manager validation
E0056,Business Acumen,5,30,Manager validation
E0056,Power BI,2,26,Certification
E0056,Performance Analytics,2,46,Manager validation
E0056,Stakeholder Management,2,11,Manager validation
E0056,Data Storytelling,3,38,Self-assessment
E0056,Project Management,1,32,Project evidence
E0056,DAX,3,39,Project evidence
E0056,Power Query,2,37,Self-assessment
E0057,SQL,2,12,Self-assessment
E0057,Change Management,5,10,Self-assessment
E0057,Excel,2,7,Manager validation
E0057,Business Acumen,5,29,Manager validation
E0057,Employee Engagement,3,36,Certification
E0057,HRIS,3,8,Self-assessment
E0057,Stakeholder Management,4,16,Self-assessment
E0057,Recruiting Analytics,2,20,Manager validation
E0057,Talent Analytics,3,8,Manager validation
E0057,People Analytics,3,44,Self-assessment
E0057,Communication,3,13,Manager validation
E0057,Data Visualization,2,18,Self-assessment
E0057,Statistics,2,33,Manager validation
E0057,Data Storytelling,4,33,Self-assessment
E0057,Power BI,3,19,Project evidence
E0057,Python,2,33,Manager validation
E0058,Excel,2,8,Project evidence
E0058,Data Quality,2,32,Self-assessment
E0058,Stakeholder Management,2,24,Project evidence
E0058,Data Governance,1,7,Manager validation
E0058,Communication,2,39,Self-assessment
E0058,Project Management,2,26,Self-assessment
E0058,Power BI,2,4,Self-assessment
E0058,SQL,1,18,Self-assessment
E0058,Workforce Planning,2,38,Project evidence
E0058,Internal Mobility,3,3,Manager validation
E0059,Business Acumen,1,4,Project evidence
E0059,Data Quality,3,25,Certification
E0059,Stakeholder Management,3,43,Manager validation
E0059,Communication,2,46,Manager validation
E0059,Data Storytelling,4,15,Project evidence
E0059,Power BI,2,32,Manager validation
E0060,Change Management,5,25,Manager validation
E0060,Excel,3,31,Project evidence
E0060,Business Acumen,4,29,Project evidence
E0060,Data Quality,3,43,Manager validation
E0060,NLP,4,25,Certification
E0060,Stakeholder Management,3,27,Project evidence
E0060,Machine Learning,3,5,Project evidence
E0060,Data Governance,3,41,Project evidence
E0060,Generative AI,4,29,Project evidence
E0060,Data Storytelling,4,10,Certification
E0060,Project Management,1,10,Certification
E0060,Python,3,3,Certification
E0060,Skills Gap Analysis,1,4,Self-assessment
E0060,Internal Mobility,3,44,Manager validation
E0061,HR Data Management,3,46,Project evidence
E0061,Change Management,4,13,Certification
E0061,Excel,1,6,Certification
E0061,Business Acumen,4,25,Project evidence
E0061,Data Quality,2,30,Project evidence
E0061,Recruiting Analytics,3,28,Self-assessment
E0061,Stakeholder Management,4,41,Self-assessment
E0061,Data Storytelling,4,38,Manager validation
E0061,People Analytics,2,43,Project evidence
E0061,Talent Analytics,1,37,Self-assessment
E0061,Data Visualization,2,40,Certification
E0061,Talent Management,4,25,Manager validation
E0061,Power BI,2,31,Manager validation
E0062,Excel,2,4,Self-assessment
E0062,Scenario Modeling,2,37,Manager validation
E0062,Business Acumen,1,6,Manager validation
E0062,Data Quality,2,6,Self-assessment
E0062,Communication,2,39,Certification
E0062,Forecasting,2,28,Project evidence
E0063,Excel,1,12,Certification
E0063,Business Acumen,3,35,Self-assessment
E0063,NLP,3,17,Certification
E0063,Stakeholder Management,2,14,Manager validation
E0063,Machine Learning,1,7,Certification
E0063,Data Governance,2,37,Project evidence
E0063,Generative AI,3,26,Project evidence
E0063,Python,3,43,Manager validation
E0064,Excel,1,21,Manager validation
E0064,Scenario Modeling,1,33,Self-assessment
E0064,Business Acumen,2,42,Self-assessment
E0064,Data Quality,3,34,Self-assessment
E0064,Communication,2,6,Project evidence
E0064,Project Management,2,5,Certification
E0065,Business Acumen,3,13,Certification
E0065,Data Quality,3,20,Certification
E0065,Data Modeling,4,44,Manager validation
E0065,NLP,4,46,Self-assessment
E0065,Machine Learning,3,39,Manager validation
E0065,Data Governance,2,12,Certification
E0065,Project Management,1,24,Manager validation
E0065,Python,2,4,Self-assessment
E0066,Excel,2,18,Self-assessment
E0066,HRIS,3,15,Self-assessment
E0066,Stakeholder Management,2,31,Project evidence
E0066,Learning Analytics,2,27,Self-assessment
E0066,Workforce Planning,2,39,Manager validation
E0066,Talent Analytics,2,15,Manager validation
E0066,People Analytics,2,10,Certification
E0066,Communication,2,5,Certification
E0066,Data Visualization,1,17,Manager validation
E0066,Data Storytelling,2,37,Certification
E0066,Power BI,3,16,Self-assessment
E0067,Data Quality,3,14,Certification
E0067,NLP,1,26,Certification
E0067,Stakeholder Management,3,33,Project evidence
E0067,Machine Learning,4,31,Self-assessment
E0067,Data Governance,1,29,Self-assessment
E0067,Generative AI,4,39,Self-assessment
E0067,Communication,1,42,Self-assessment
E0067,Python,5,21,Project evidence
E0067,Statistics,2,10,Project evidence
E0067,Power Query,1,45,Manager validation
E0068,Excel,1,36,Self-assessment
E0068,Data Quality,2,12,Manager validation
E0068,Employee Engagement,3,14,Manager validation
E0068,Communication,1,44,Project evidence
E0068,Data Storytelling,3,5,Project evidence
E0068,Power BI,2,26,Self-assessment
E0068,Internal Mobility,2,23,Self-assessment
E0068,Workforce Planning,1,32,Manager validation
E0069,Excel,1,36,Certification
E0069,Scenario Modeling,2,9,Self-assessment
E0069,Power BI,1,47,Project evidence
E0069,Data Quality,2,17,Project evidence
E0069,Data Visualization,1,39,Self-assessment
E0069,Statistics,1,7,Manager validation
E0069,Project Management,3,39,Self-assessment
E0070,SQL,3,13,Certification
E0070,Business Acumen,5,38,Project evidence
E0070,Data Quality,2,29,Project evidence
E0070,Data Modeling,3,23,Self-assessment
E0070,NLP,4,15,Manager validation
E0070,Data Governance,3,5,Self-assessment
E0070,Generative AI,2,32,Certification
E0070,Project Management,2,8,Manager validation
E0071,SQL,2,23,Manager validation
E0071,Excel,2,34,Self-assessment
E0071,Business Acumen,2,47,Self-assessment
E0071,Performance Analytics,3,26,Project evidence
E0071,Data Quality,3,24,Self-assessment
E0071,Employee Engagement,4,40,Self-assessment
E0071,Recruiting Analytics,1,35,Self-assessment
E0071,Talent Analytics,2,24,Project evidence
E0071,Statistics,1,42,Manager validation
E0071,Talent Management,4,32,Certification
E0071,Power BI,2,9,Self-assessment
E0072,Business Acumen,2,6,Self-assessment
E0072,Data Quality,1,38,Self-assessment
E0072,Stakeholder Management,2,28,Self-assessment
E0072,Data Storytelling,2,32,Project evidence
E0072,Power BI,3,43,Manager validation
E0073,Excel,1,42,Manager validation
E0073,Business Acumen,2,3,Project evidence
E0073,Data Quality,3,5,Self-assessment
E0073,Communication,2,28,Certification
E0073,Project Management,3,36,Self-assessment
E0074,SQL,1,47,Certification
E0074,Change Management,4,42,Certification
E0074,Excel,2,5,Project evidence
E0074,Business Acumen,3,3,Project evidence
E0074,Performance Analytics,2,11,Self-assessment
E0074,Employee Engagement,3,18,Manager validation
E0074,Recruiting Analytics,2,39,Self-assessment
E0074,Stakeholder Management,4,6,Project evidence
E0074,Workforce Planning,3,26,Manager validation
E0074,Data Storytelling,3,48,Project evidence
E0074,Data Visualization,1,10,Manager validation
E0074,Communication,2,11,Certification
E0074,Talent Management,1,31,Project evidence
E0074,Power BI,4,18,Manager validation
E0075,SQL,4,14,Certification
E0075,Excel,3,21,Self-assessment
E0075,Business Acumen,1,13,Self-assessment
E0075,NLP,3,4,Manager validation
E0075,Data Governance,2,23,Project evidence
E0075,Generative AI,3,29,Self-assessment
E0075,Communication,2,36,Project evidence
E0075,Python,4,30,Manager validation
E0075,Power BI,1,23,Self-assessment
E0075,Data Modeling,3,27,Self-assessment
E0076,SQL,3,18,Manager validation
E0076,Change Management,2,37,Self-assessment
E0076,Excel,2,31,Manager validation
E0076,Business Acumen,3,40,Project evidence
E0076,Data Quality,2,34,Project evidence
E0076,NLP,5,45,Self-assessment
E0076,Stakeholder Management,4,11,Project evidence
E0076,Data Governance,2,37,Project evidence
E0076,Machine Learning,3,5,Project evidence
E0076,Generative AI,1,36,Manager validation
E0076,Data Storytelling,4,35,Self-assessment
E0076,Python,2,40,Project evidence
E0076,Power BI,3,43,Manager validation
E0077,Data Quality,2,10,Manager validation
E0077,NLP,3,34,Manager validation
E0077,Stakeholder Management,2,23,Project evidence
E0077,Machine Learning,3,18,Self-assessment
E0077,Data Governance,2,42,Manager validation
E0077,Generative AI,3,4,Self-assessment
E0077,Project Management,4,29,Manager validation
E0077,Python,4,11,Manager validation
E0078,Excel,2,6,Manager validation
E0078,Business Acumen,2,4,Project evidence
E0078,Project Management,2,33,Project evidence
E0078,Data Quality,4,3,Manager validation
E0078,Power BI,2,4,Self-assessment
E0079,Excel,1,28,Self-assessment
E0079,Business Acumen,1,32,Project evidence
E0079,Data Quality,2,20,Project evidence
E0079,Data Modeling,2,28,Manager validation
E0079,NLP,4,45,Project evidence
E0079,Data Governance,2,17,Self-assessment
E0079,Machine Learning,3,7,Manager validation
E0079,Python,3,36,Manager validation
E0079,Power BI,2,45,Self-assessment
E0080,Change Management,4,41,Certification
E0080,Excel,1,20,Self-assessment
E0080,Business Acumen,3,45,Manager validation
E0080,Data Quality,1,43,Project evidence
E0080,Employee Engagement,2,26,Certification
E0080,Stakeholder Management,4,44,Project evidence
E0080,Communication,1,18,Self-assessment
E0080,Data Storytelling,3,21,Project evidence
E0080,Talent Intelligence,2,48,Manager validation
E0080,Workforce Planning,2,24,Project evidence
E0081,Excel,1,14,Manager validation
E0081,Power BI,2,41,Self-assessment
E0081,Business Acumen,2,13,Certification
E0081,Employee Engagement,1,42,Project evidence
E0081,Stakeholder Management,2,35,Self-assessment
E0081,Data Storytelling,2,10,Project evidence
E0081,Project Management,2,18,Project evidence
E0082,SQL,3,29,Manager validation
E0082,Excel,1,24,Self-assessment
E0082,Business Acumen,1,28,Self-assessment
E0082,NLP,5,29,Manager validation
E0082,Stakeholder Management,2,7,Self-assessment
E0082,Machine Learning,4,18,Self-assessment
E0082,Generative AI,4,34,Self-assessment
E0082,Python,3,42,Manager validation
E0082,Data Modeling,4,43,Manager validation
E0082,Power Query,2,29,Manager validation
E0083,SQL,5,33,Project evidence
E0083,Excel,2,32,Project evidence
E0083,Business Acumen,2,4,Self-assessment
E0083,Data Modeling,5,41,Self-assessment
E0083,Data Governance,1,35,Project evidence
E0083,Machine Learning,3,47,Project evidence
E0083,Communication,1,36,Self-assessment
E0083,Python,4,38,Self-assessment
E0084,Excel,3,21,Project evidence
E0084,Business Acumen,2,42,Self-assessment
E0084,Employee Engagement,2,21,Self-assessment
E0084,Stakeholder Management,3,29,Project evidence
E0084,Communication,2,34,Project evidence
E0084,Data Storytelling,2,8,Manager validation
E0085,Excel,3,6,Self-assessment
E0085,Business Acumen,2,34,Self-assessment
E0085,Data Quality,3,21,Project evidence
E0085,Stakeholder Management,2,38,Self-assessment
E0085,Communication,3,22,Manager validation
E0085,Data Storytelling,2,11,Manager validation
E0086,Change Management,4,9,Certification
E0086,Excel,1,25,Manager validation
E0086,Scenario Modeling,3,31,Manager validation
E0086,Business Acumen,5,8,Self-assessment
E0086,Data Quality,2,40,Manager validation
E0086,Stakeholder Management,4,3,Project evidence
E0086,Statistics,2,18,Self-assessment
E0086,Data Storytelling,3,17,Self-assessment
E0086,Forecasting,2,6,Manager validation
E0086,Project Management,1,7,Manager validation
E0086,Workforce Planning,2,33,Self-assessment
E0086,People Analytics,1,13,Manager validation
E0087,Change Management,4,35,Manager validation
E0087,Business Acumen,5,21,Manager validation
E0087,Performance Analytics,2,4,Manager validation
E0087,Data Quality,2,26,Project evidence
E0087,Stakeholder Management,4,27,Self-assessment
E0087,Communication,2,47,Manager validation
E0087,Data Storytelling,4,29,Project evidence
E0087,Power BI,1,19,Manager validation
E0087,Power Query,3,10,Certification
E0088,Change Management,4,34,Manager validation
E0088,Excel,3,47,Self-assessment
E0088,Scenario Modeling,2,12,Manager validation
E0088,Business Acumen,4,33,Project evidence
E0088,Project Management,2,29,Certification
E0088,Data Quality,2,19,Self-assessment
E0088,Stakeholder Management,5,21,Certification
E0088,Data Storytelling,5,21,Manager validation
E0088,Forecasting,1,16,Self-assessment
E0088,Power BI,2,10,Manager validation
E0089,SQL,4,14,Project evidence
E0089,NLP,4,33,Manager validation
E0089,Stakeholder Management,1,10,Manager validation
E0089,Machine Learning,3,3,Self-assessment
E0089,Generative AI,3,30,Manager validation
E0089,Communication,2,37,Self-assessment
E0089,Project Management,2,32,Project evidence
E0089,Python,3,23,Self-assessment
E0090,SQL,3,43,Manager validation
E0090,Excel,2,12,Project evidence
E0090,NLP,4,19,Self-assessment
E0090,Stakeholder Management,3,29,Project evidence
E0090,Machine Learning,4,15,Self-assessment
E0090,Generative AI,3,33,Project evidence
E0090,Communication,3,20,Manager validation
E0090,Python,5,9,Self-assessment
E0091,Excel,2,29,Self-assessment
E0091,Business Acumen,4,23,Manager validation
E0091,Stakeholder Management,2,33,Certification
E0091,Data Governance,1,3,Project evidence
E0091,Communication,3,27,Certification
E0091,Project Management,1,43,Manager validation
E0092,Change Management,5,25,Self-assessment
E0092,Business Acumen,5,34,Certification
E0092,Data Quality,1,47,Self-assessment
E0092,Data Modeling,3,19,Self-assessment
E0092,NLP,4,37,Self-assessment
E0092,Stakeholder Management,5,6,Manager validation
E0092,Data Governance,3,42,Self-assessment
E0092,Generative AI,3,34,Project evidence
E0092,Communication,1,17,Self-assessment
E0092,Data Storytelling,5,43,Self-assessment
E0092,Project Management,1,11,Self-assessment
E0092,Python,2,3,Self-assessment
E0093,Excel,2,45,Project evidence
E0093,Scenario Modeling,3,19,Self-assessment
E0093,Business Acumen,1,35,Project evidence
E0093,Power BI,1,40,Self-assessment
E0093,Forecasting,2,10,Certification
E0093,Project Management,2,43,Self-assessment
E0093,Data Modeling,1,41,Self-assessment
E0093,Power Query,2,38,Self-assessment
E0094,SQL,2,4,Self-assessment
E0094,Excel,3,36,Project evidence
E0094,Business Acumen,2,7,Self-assessment
E0094,Data Modeling,3,8,Project evidence
E0094,NLP,3,30,Self-assessment
E0094,Stakeholder Management,2,32,Self-assessment
E0094,Machine Learning,4,24,Manager validation
E0094,Generative AI,3,37,Self-assessment
E0094,Statistics,2,7,Self-assessment
E0095,Excel,3,24,Project evidence
E0095,Scenario Modeling,1,14,Self-assessment
E0095,Data Quality,3,4,Certification
E0095,Stakeholder Management,1,26,Self-assessment
E0095,Communication,2,45,Project evidence
E0095,Forecasting,1,21,Self-assessment
E0095,Project Management,3,6,Certification
E0096,SQL,5,14,Self-assessment
E0096,Business Acumen,2,4,Certification
E0096,Data Quality,4,42,Self-assessment
E0096,Stakeholder Management,2,33,Project evidence
E0096,Data Governance,3,44,Manager validation
E0096,Machine Learning,4,10,Project evidence
E0096,Generative AI,2,12,Self-assessment
E0096,Python,3,30,Manager validation
E0097,Change Management,4,34,Project evidence
E0097,Excel,3,14,Manager validation
E0097,Business Acumen,2,46,Self-assessment
E0097,Data Quality,1,5,Manager validation
E0097,Stakeholder Management,3,46,Self-assessment
E0097,Data Storytelling,4,8,Self-assessment
E0097,Forecasting,1,47,Manager validation
E0097,Power BI,1,4,Self-assessment
E0097,Internal Mobility,4,7,Self-assessment
E0097,People Analytics,2,27,Project evidence
E0098,Excel,1,8,Project evidence
E0098,Business Acumen,2,36,Self-assessment
E0098,Project Management,3,25,Project evidence
E0098,Performance Analytics,1,36,Self-assessment
E0098,Communication,2,5,Certification
E0098,Power BI,2,16,Project evidence
E0098,Power Query,1,11,Self-assessment
E0098,Statistics,2,14,Manager validation
E0099,Business Acumen,3,24,Manager validation
E0099,Data Quality,2,10,Manager validation
E0099,NLP,4,15,Self-assessment
E0099,Machine Learning,5,17,Project evidence
E0099,Data Governance,1,44,Self-assessment
E0099,Generative AI,2,41,Self-assessment
E0099,Communication,3,38,Certification
E0099,Python,5,12,Manager validation
E0099,Data Modeling,4,48,Self-assessment
E0100,Excel,2,11,Manager validation
E0100,Business Acumen,1,41,Manager validation
E0100,Data Quality,3,41,Self-assessment
E0100,Stakeholder Management,1,48,Manager validation
E0100,Communication,2,30,Manager validation
E0100,Data Storytelling,2,44,Manager validation
E0100,Power BI,2,41,Self-assessment
E0101,Excel,3,14,Project evidence
E0101,Business Acumen,1,41,Project evidence
E0101,Data Quality,2,12,Manager validation
E0101,Stakeholder Management,2,29,Manager validation
E0101,Forecasting,2,6,Manager validation
E0101,Power BI,1,4,Self-assessment
E0102,HR Data Management,2,41,Certification
E0102,Excel,3,3,Self-assessment
E0102,Performance Analytics,3,10,Manager validation
E0102,HRIS,4,18,Project evidence
E0102,Stakeholder Management,2,40,Project evidence
E0102,Data Storytelling,2,6,Project evidence
E0102,People Analytics,5,41,Self-assessment
E0102,Data Visualization,4,14,Manager validation
E0102,Communication,2,37,Project evidence
E0102,Statistics,2,30,Manager validation
E0102,Talent Management,3,14,Self-assessment
E0102,Workforce Planning,4,36,Manager validation
E0102,Internal Mobility,2,36,Manager validation
E0103,Excel,3,41,Project evidence
E0103,Scenario Modeling,2,12,Self-assessment
E0103,Stakeholder Management,3,39,Project evidence
E0103,Forecasting,2,43,Project evidence
E0103,Project Management,2,11,Self-assessment
E0104,Excel,2,21,Certification
E0104,NLP,3,41,Manager validation
E0104,Data Governance,2,26,Self-assessment
E0104,Machine Learning,2,46,Certification
E0104,Generative AI,2,46,Self-assessment
E0104,Communication,1,43,Project evidence
E0104,Project Management,1,38,Self-assessment
E0104,Python,3,35,Manager validation
E0105,Excel,2,41,Self-assessment
E0105,Scenario Modeling,4,28,Project evidence
E0105,Power BI,3,36,Self-assessment
E0105,Data Quality,3,30,Self-assessment
E0105,Stakeholder Management,1,36,Project evidence
E0105,Project Management,1,43,Manager validation
E0105,SQL,1,4,Self-assessment
E0106,Change Management,4,45,Manager validation
E0106,Excel,2,43,Self-assessment
E0106,Power BI,2,14,Manager validation
E0106,Business Acumen,2,8,Manager validation
E0106,Performance Analytics,1,37,Project evidence
E0106,Stakeholder Management,3,35,Manager validation
E0106,Communication,3,36,Project evidence
E0106,Data Storytelling,2,16,Manager validation
E0106,Project Management,2,41,Self-assessment
E0107,Excel,2,38,Self-assessment
E0107,Business Acumen,3,29,Self-assessment
E0107,Data Quality,2,5,Self-assessment
E0107,Stakeholder Management,3,39,Manager validation
E0107,Power BI,1,11,Manager validation
E0108,Excel,1,43,Self-assessment
E0108,Business Acumen,1,46,Self-assessment
E0108,Data Quality,2,44,Manager validation
E0108,Data Governance,2,13,Self-assessment
E0108,Communication,1,31,Self-assessment
E0108,Project Management,2,17,Manager validation
E0109,Excel,1,17,Project evidence
E0109,Scenario Modeling,1,48,Project evidence
E0109,Business Acumen,2,33,Certification
E0109,Data Quality,1,23,Manager validation
E0109,Statistics,2,40,Self-assessment
E0109,Communication,4,26,Manager validation
E0109,Forecasting,4,5,Certification
E0110,Excel,3,26,Project evidence
E0110,Business Acumen,1,7,Self-assessment
E0110,Data Quality,3,26,Manager validation
E0110,Employee Engagement,2,47,Self-assessment
E0110,Data Storytelling,2,17,Self-assessment
E0110,Power BI,4,8,Self-assessment
E0110,Skills Gap Analysis,3,21,Certification
E0110,Workforce Planning,1,27,Manager validation
E0111,Change Management,3,11,Project evidence
E0111,Excel,3,16,Self-assessment
E0111,Scenario Modeling,4,47,Certification
E0111,Business Acumen,4,36,Project evidence
E0111,Data Quality,1,23,Project evidence
E0111,Stakeholder Management,4,18,Manager validation
E0111,Data Visualization,1,23,Self-assessment
E0111,Statistics,2,18,Self-assessment
E0111,Data Storytelling,4,31,Project evidence
E0111,Forecasting,3,47,Manager validation
E0111,Power BI,3,23,Self-assessment
E0111,DAX,2,9,Certification
E0112,Excel,3,29,Self-assessment
E0112,Scenario Modeling,2,35,Project evidence
E0112,Business Acumen,2,31,Project evidence
E0112,Stakeholder Management,2,29,Certification
E0112,Statistics,1,32,Certification
E0112,Forecasting,3,32,Manager validation
E0112,Power BI,2,13,Project evidence
E0113,SQL,5,48,Project evidence
E0113,Data Modeling,4,13,Project evidence
E0113,Stakeholder Management,1,25,Manager validation
E0113,Machine Learning,2,31,Self-assessment
E0113,Data Governance,3,39,Manager validation
E0113,Communication,3,4,Self-assessment
E0113,Project Management,2,33,Self-assessment
E0113,Python,4,12,Project evidence
E0113,DAX,3,40,Self-assessment
E0114,Excel,2,22,Self-assessment
E0114,Scenario Modeling,3,33,Self-assessment
E0114,Business Acumen,3,20,Certification
E0114,Stakeholder Management,4,32,Manager validation
E0114,Forecasting,2,23,Project evidence
E0114,Project Management,3,45,Self-assessment
E0114,Workforce Planning,2,36,Project evidence
E0114,Talent Intelligence,2,31,Project evidence
E0115,Change Management,5,43,Manager validation
E0115,Excel,2,10,Project evidence
E0115,Scenario Modeling,3,6,Self-assessment
E0115,Business Acumen,4,42,Project evidence
E0115,Data Quality,2,32,Manager validation
E0115,Stakeholder Management,3,39,Certification
E0115,Data Visualization,3,22,Manager validation
E0115,Communication,1,24,Self-assessment
E0115,Data Storytelling,5,38,Certification
E0115,Forecasting,2,32,Project evidence
E0115,DAX,2,29,Self-assessment
E0115,Power BI,3,7,Certification
E0116,SQL,2,8,Manager validation
E0116,HR Data Management,4,11,Project evidence
E0116,Business Acumen,3,42,Project evidence
E0116,Power BI,1,46,Self-assessment
E0116,Performance Analytics,1,35,Certification
E0116,Learning Analytics,3,27,Project evidence
E0116,Workforce Planning,4,3,Project evidence
E0116,Talent Analytics,2,28,Certification
E0116,Data Visualization,3,40,Certification
E0116,Communication,2,14,Self-assessment
E0116,Project Management,2,9,Self-assessment
E0117,Excel,2,12,Manager validation
E0117,Business Acumen,1,11,Self-assessment
E0117,Project Management,1,25,Self-assessment
E0117,Stakeholder Management,1,12,Project evidence
E0117,Power BI,2,15,Self-assessment
E0118,Business Acumen,2,25,Certification
E0118,Performance Analytics,2,23,Self-assessment
E0118,Data Quality,3,28,Self-assessment
E0118,Communication,2,37,Certification
E0118,Data Storytelling,2,36,Project evidence
E0118,Power BI,1,29,Certification
E0118,Data Modeling,1,4,Certification
E0119,Scenario Modeling,1,10,Manager validation
E0119,Business Acumen,1,37,Self-assessment
E0119,Power BI,3,14,Manager validation
E0119,Data Quality,3,21,Manager validation
E0119,Stakeholder Management,2,8,Manager validation
E0119,Forecasting,1,23,Manager validation
E0119,Project Management,1,21,Project evidence
E0119,DAX,2,45,Self-assessment
E0120,Excel,1,36,Manager validation
E0120,Scenario Modeling,2,9,Certification
E0120,Power BI,2,3,Certification
E0120,Stakeholder Management,2,20,Certification
E0120,Forecasting,2,39,Manager validation
E0120,Project Management,3,28,Certification
E0120,People Analytics,3,43,Project evidence
E0120,Talent Intelligence,2,22,Project evidence
E0121,Data Quality,1,44,Certification
E0121,Stakeholder Management,1,13,Self-assessment
E0121,Generative AI,1,45,Manager validation
E0121,Statistics,3,40,Project evidence
E0121,Communication,1,18,Manager validation
E0121,Data Visualization,1,17,Manager validation
E0121,Data Storytelling,2,12,Manager validation
E0121,DAX,2,47,Certification
E0121,Python,2,48,Manager validation
E0122,Excel,3,41,Manager validation
E0122,Business Acumen,1,5,Manager validation
E0122,Performance Analytics,3,4,Manager validation
E0122,Stakeholder Management,3,25,Manager validation
E0122,Communication,2,29,Project evidence
E0122,Data Storytelling,2,10,Project evidence
E0122,Project Management,1,28,Manager validation
E0123,Change Management,3,22,Manager validation
E0123,Excel,1,8,Self-assessment
E0123,Scenario Modeling,2,8,Manager validation
E0123,Business Acumen,4,46,Self-assessment
E0123,Data Quality,2,22,Self-assessment
E0123,Stakeholder Management,3,43,Manager validation
E0123,Communication,1,35,Project evidence
E0123,Data Storytelling,4,26,Manager validation
E0123,Forecasting,3,27,Project evidence
E0123,Project Management,2,20,Manager validation
E0123,SQL,2,40,Project evidence
E0123,Data Modeling,1,15,Self-assessment
E0123,Talent Intelligence,1,20,Self-assessment
E0123,Skills Gap Analysis,2,38,Manager validation
E0124,Change Management,2,47,Manager validation
E0124,Excel,3,18,Project evidence
E0124,Business Acumen,4,8,Project evidence
E0124,Power BI,1,14,Project evidence
E0124,Performance Analytics,4,21,Certification
E0124,Stakeholder Management,3,27,Self-assessment
E0124,Data Storytelling,3,41,Self-assessment
E0124,Project Management,2,28,Manager validation
E0125,Change Management,4,26,Self-assessment
E0125,Excel,2,35,Self-assessment
E0125,Business Acumen,4,7,Manager validation
E0125,Performance Analytics,2,41,Self-assessment
E0125,Stakeholder Management,4,42,Certification
E0125,Communication,2,15,Self-assessment
E0125,Data Storytelling,3,18,Manager validation
E0125,DAX,2,30,Manager validation
E0125,Power Query,3,22,Certification
E0126,Change Management,4,20,Certification
E0126,Excel,1,3,Self-assessment
E0126,Business Acumen,3,14,Certification
E0126,Data Quality,2,17,Self-assessment
E0126,Stakeholder Management,4,25,Project evidence
E0126,Data Governance,1,43,Manager validation
E0126,Communication,2,45,Manager validation
E0126,Data Storytelling,4,14,Project evidence
E0127,Change Management,5,48,Project evidence
E0127,Excel,3,30,Manager validation
E0127,Business Acumen,5,44,Manager validation
E0127,Data Quality,2,5,Manager validation
E0127,Employee Engagement,2,24,Manager validation
E0127,Stakeholder Management,4,30,Self-assessment
E0127,Communication,1,46,Self-assessment
E0127,Data Storytelling,3,36,Manager validation
E0128,SQL,1,16,Self-assessment
E0128,HR Data Management,5,41,Project evidence
E0128,Business Acumen,1,36,Self-assessment
E0128,Data Quality,3,35,Manager validation
E0128,Recruiting Analytics,3,9,Self-assessment
E0128,Stakeholder Management,2,42,Project evidence
E0128,HRIS,4,37,Manager validation
E0128,Workforce Planning,2,42,Self-assessment
E0128,Talent Analytics,3,24,Self-assessment
E0128,Statistics,1,4,Self-assessment
E0128,Data Storytelling,3,4,Project evidence
E0128,Data Modeling,2,22,Project evidence
E0128,Python,1,26,Self-assessment
E0129,Change Management,1,48,Manager validation
E0129,Excel,2,8,Project evidence
E0129,Business Acumen,4,36,Certification
E0129,Employee Engagement,2,28,Manager validation
E0129,Stakeholder Management,2,40,Manager validation
E0129,Communication,1,13,Certification
E0129,Data Storytelling,5,41,Manager validation
E0129,Power BI,3,32,Certification
E0130,Excel,1,17,Manager validation
E0130,Data Modeling,3,33,Self-assessment
E0130,NLP,3,43,Self-assessment
E0130,Stakeholder Management,2,40,Project evidence
E0130,Machine Learning,3,15,Self-assessment
E0130,Generative AI,3,15,Manager validation
E0130,Project Management,1,27,Manager validation
E0130,Python,4,9,Manager validation
E0130,SQL,5,31,Manager validation
E0131,SQL,3,31,Self-assessment
E0131,Data Quality,1,46,Self-assessment
E0131,Data Modeling,3,22,Certification
E0131,Data Governance,1,44,Certification
E0131,Machine Learning,4,19,Manager validation
E0131,Communication,2,39,Certification
E0131,Project Management,1,14,Manager validation
E0131,Python,4,15,Project evidence
E0132,Excel,1,15,Self-assessment
E0132,Power BI,1,33,Manager validation
E0132,Communication,3,16,Self-assessment
E0132,Forecasting,2,27,Self-assessment
E0132,Project Management,2,15,Self-assessment
E0133,SQL,3,21,Self-assessment
E0133,Change Management,4,17,Self-assessment
E0133,Business Acumen,3,17,Project evidence
E0133,Data Quality,2,21,Manager validation
E0133,NLP,3,12,Self-assessment
E0133,Stakeholder Management,1,34,Manager validation
E0133,Data Governance,3,39,Self-assessment
E0133,Machine Learning,3,42,Project evidence
E0133,Generative AI,4,7,Manager validation
E0133,Communication,3,18,Manager validation
E0133,Data Storytelling,4,48,Manager validation
E0133,Project Management,1,39,Project evidence
E0133,Internal Mobility,3,4,Manager validation
E0133,People Analytics,2,27,Project evidence
E0134,Excel,2,7,Manager validation
E0134,Business Acumen,1,24,Manager validation
E0134,Power BI,1,43,Self-assessment
E0134,Employee Engagement,3,41,Self-assessment
E0134,Communication,4,34,Project evidence
E0134,Project Management,3,38,Certification
E0135,Change Management,3,19,Self-assessment
E0135,Business Acumen,4,12,Manager validation
E0135,Stakeholder Management,4,42,Project evidence
E0135,Generative AI,2,48,Manager validation
E0135,Statistics,2,31,Self-assessment
E0135,Communication,2,12,Self-assessment
E0135,Data Storytelling,3,13,Project evidence
E0135,Power BI,1,33,Self-assessment
E0135,People Analytics,2,42,Project evidence
E0135,Internal Mobility,3,7,Self-assessment
E0136,Excel,1,35,Self-assessment
E0136,Performance Analytics,2,35,Manager validation
E0136,Stakeholder Management,4,27,Project evidence
E0136,Communication,3,43,Self-assessment
E0136,Data Storytelling,2,46,Manager validation
E0136,Project Management,2,12,Certification
E0137,SQL,2,20,Project evidence
E0137,Change Management,4,13,Self-assessment
E0137,Business Acumen,4,20,Self-assessment
E0137,Data Quality,2,25,Manager validation
E0137,Data Modeling,3,44,Manager validation
E0137,Stakeholder Management,4,20,Self-assessment
E0137,Data Governance,3,33,Certification
E0137,Machine Learning,4,18,Self-assessment
E0137,Generative AI,3,4,Manager validation
E0137,Data Storytelling,4,10,Manager validation
E0137,Project Management,3,47,Self-assessment
E0137,Statistics,3,22,Certification
E0137,Internal Mobility,3,46,Manager validation
E0137,People Analytics,2,24,Self-assessment
E0138,Change Management,4,13,Self-assessment
E0138,Excel,2,36,Self-assessment
E0138,Business Acumen,3,5,Manager validation
E0138,Performance Analytics,2,42,Project evidence
E0138,Stakeholder Management,3,48,Certification
E0138,Communication,2,18,Certification
E0138,Data Storytelling,5,18,Manager validation
E0138,Project Management,2,22,Manager validation
E0138,Power BI,1,24,Certification
E0138,SQL,2,46,Self-assessment
E0139,Excel,3,47,Certification
E0139,Stakeholder Management,2,10,Project evidence
E0139,Statistics,2,42,Project evidence
E0139,Communication,1,6,Self-assessment
E0139,Data Visualization,1,37,Project evidence
E0139,Forecasting,2,28,Manager validation
E0139,Power BI,1,14,Manager validation
E0140,Excel,3,36,Self-assessment
E0140,Business Acumen,1,23,Self-assessment
E0140,Project Management,1,15,Manager validation
E0140,Data Quality,2,40,Manager validation
E0140,Data Storytelling,2,10,Manager validation
E0140,Power BI,3,46,Manager validation
E0140,Internal Mobility,5,10,Manager validation
E0140,Skills Gap Analysis,1,17,Self-assessment
E0141,Excel,1,29,Manager validation
E0141,Scenario Modeling,2,30,Manager validation
E0141,Business Acumen,3,4,Project evidence
E0141,Data Quality,1,18,Manager validation
E0141,Forecasting,3,35,Self-assessment
E0141,Power BI,1,23,Manager validation
E0142,SQL,3,28,Self-assessment
E0142,Excel,1,32,Self-assessment
E0142,Performance Analytics,2,46,Self-assessment
E0142,Employee Engagement,3,24,Self-assessment
E0142,Recruiting Analytics,3,22,Self-assessment
E0142,Stakeholder Management,3,26,Manager validation
E0142,HRIS,3,31,Self-assessment
E0142,Statistics,3,6,Self-assessment
E0142,Communication,3,46,Project evidence
E0142,Talent Management,2,4,Certification
E0142,Power BI,3,17,Self-assessment
E0143,Excel,1,37,Self-assessment
E0143,Scenario Modeling,1,34,Manager validation
E0143,Data Quality,2,33,Certification
E0143,Communication,3,24,Self-assessment
E0143,Project Management,2,24,Manager validation
E0144,Excel,2,5,Self-assessment
E0144,Data Quality,1,35,Manager validation
E0144,Stakeholder Management,2,29,Certification
E0144,Communication,1,13,Project evidence
E0144,Data Storytelling,3,12,Certification
E0144,Power BI,2,3,Manager validation
E0145,Excel,3,39,Self-assessment
E0145,Scenario Modeling,3,44,Manager validation
E0145,Business Acumen,1,17,Certification
E0145,Data Quality,3,13,Manager validation
E0145,Data Visualization,2,39,Manager validation
E0145,Communication,1,10,Project evidence
E0145,Power BI,2,30,Project evidence
E0146,HR Data Management,3,40,Self-assessment
E0146,Business Acumen,3,25,Self-assessment
E0146,Stakeholder Management,2,10,Self-assessment
E0146,Workforce Planning,3,24,Self-assessment
E0146,Data Storytelling,3,15,Manager validation
E0146,People Analytics,4,11,Manager validation
E0146,Talent Analytics,2,20,Certification
E0146,Data Visualization,3,8,Project evidence
E0146,Statistics,2,20,Manager validation
E0146,Talent Management,3,20,Manager validation
E0146,Project Management,3,11,Self-assessment
E0146,SQL,3,13,Project evidence
E0146,DAX,2,16,Manager validation
E0147,Power BI,2,29,Self-assessment
E0147,Business Acumen,3,21,Self-assessment
E0147,Data Quality,3,9,Certification
E0147,Employee Engagement,1,44,Self-assessment
E0147,Communication,4,16,Certification
E0147,Project Management,3,34,Manager validation
E0148,Change Management,4,46,Project evidence
E0148,Excel,1,31,Manager validation
E0148,Scenario Modeling,2,14,Project evidence
E0148,Business Acumen,2,14,Manager validation
E0148,Data Quality,3,4,Certification
E0148,Stakeholder Management,4,35,Project evidence
E0148,Communication,2,6,Self-assessment
E0148,Data Storytelling,4,24,Project evidence
E0148,Project Management,1,5,Project evidence
E0148,Statistics,2,42,Self-assessment
E0148,DAX,4,42,Certification
E0149,Excel,3,35,Manager validation
E0149,Business Acumen,1,40,Manager validation
E0149,Data Quality,1,40,Project evidence
E0149,Employee Engagement,1,22,Project evidence
E0149,Communication,2,5,Project evidence
E0149,Data Storytelling,2,22,Self-assessment
E0150,Data Quality,3,13,Project evidence
E0150,Data Modeling,2,43,Project evidence
E0150,NLP,3,7,Certification
E0150,Stakeholder Management,1,32,Manager validation
E0150,Data Governance,1,14,Project evidence
E0150,Machine Learning,3,31,Certification
E0150,Generative AI,3,47,Project evidence
E0150,Project Management,3,20,Self-assessment
E0150,Power Query,3,3,Manager validation
E0150,Power BI,3,47,Project evidence
E0151,Change Management,4,12,Certification
E0151,Excel,3,40,Certification
E0151,Business Acumen,3,33,Self-assessment
E0151,Data Quality,4,18,Self-assessment
E0151,Data Modeling,4,13,Self-assessment
E0151,NLP,4,40,Manager validation
E0151,Stakeholder Management,4,18,Project evidence
E0151,Machine Learning,4,21,Project evidence
E0151,Generative AI,4,12,Self-assessment
E0151,Data Storytelling,3,5,Certification
E0151,Python,2,23,Project evidence
E0152,Excel,1,34,Project evidence
E0152,Business Acumen,1,30,Manager validation
E0152,Power BI,2,17,Self-assessment
E0152,Data Quality,2,47,Self-assessment
E0152,Forecasting,2,44,Project evidence
E0152,Project Management,4,41,Self-assessment
E0152,Data Modeling,2,7,Project evidence
E0152,SQL,2,46,Project evidence
E0153,Excel,2,41,Manager validation
E0153,Business Acumen,1,44,Project evidence
E0153,Project Management,2,22,Manager validation
E0153,Data Quality,2,23,Manager validation
E0153,Stakeholder Management,2,44,Self-assessment
E0153,Power BI,1,19,Self-assessment
E0154,Scenario Modeling,1,4,Manager validation
E0154,Power BI,2,12,Certification
E0154,Stakeholder Management,1,17,Self-assessment
E0154,Data Visualization,3,40,Self-assessment
E0154,Communication,3,15,Self-assessment
E0154,Forecasting,3,38,Self-assessment
E0154,Project Management,1,16,Self-assessment
E0155,Excel,2,18,Self-assessment
E0155,Scenario Modeling,1,20,Manager validation
E0155,Business Acumen,2,37,Project evidence
E0155,Power BI,3,19,Self-assessment
E0155,Stakeholder Management,3,28,Manager validation
E0155,Statistics,2,46,Manager validation
E0155,Project Management,1,26,Manager validation
E0155,Power Query,1,23,Project evidence
E0156,Business Acumen,1,33,Self-assessment
E0156,Power BI,3,38,Manager validation
E0156,Data Quality,1,3,Self-assessment
E0156,Communication,1,37,Manager validation
E0156,Forecasting,2,23,Manager validation
E0156,Project Management,2,42,Project evidence
E0157,SQL,4,29,Certification
E0157,Excel,3,26,Project evidence
E0157,Business Acumen,1,19,Manager validation
E0157,NLP,3,22,Self-assessment
E0157,Stakeholder Management,2,22,Self-assessment
E0157,Machine Learning,2,39,Manager validation
E0157,Data Governance,2,27,Manager validation
E0157,Generative AI,3,25,Self-assessment
E0158,Change Management,5,5,Manager validation
E0158,Scenario Modeling,3,11,Self-assessment
E0158,Power BI,2,29,Manager validation
E0158,Business Acumen,3,15,Certification
E0158,Data Quality,1,35,Self-assessment
E0158,Stakeholder Management,3,28,Certification
E0158,Data Storytelling,3,48,Self-assessment
E0158,Project Management,1,15,Project evidence
E0158,Statistics,1,10,Manager validation
E0158,DAX,4,5,Manager validation
E0159,SQL,2,20,Self-assessment
E0159,Data Quality,1,31,Project evidence
E0159,Data Modeling,3,26,Certification
E0159,Stakeholder Management,2,11,Self-assessment
E0159,Data Governance,4,46,Project evidence
E0159,Machine Learning,4,42,Self-assessment
E0159,Generative AI,3,7,Manager validation
E0159,Project Management,1,22,Certification
E0160,SQL,3,16,Project evidence
E0160,Business Acumen,3,8,Project evidence
E0160,NLP,4,9,Self-assessment
E0160,Stakeholder Management,2,18,Manager validation
E0160,Data Governance,1,17,Manager validation
E0160,Machine Learning,2,4,Manager validation
E0160,Generative AI,3,30,Project evidence
E0160,Project Management,2,3,Self-assessment
E0161,Change Management,5,10,Self-assessment
E0161,Business Acumen,4,32,Self-assessment
E0161,NLP,3,24,Manager validation
E0161,Stakeholder Management,4,35,Self-assessment
E0161,Machine Learning,4,5,Self-assessment
E0161,Data Governance,4,41,Project evidence
E0161,Generative AI,5,6,Certification
E0161,Communication,2,11,Manager validation
E0161,Data Storytelling,4,22,Project evidence
E0161,Project Management,3,19,Self-assessment
E0161,Python,5,16,Manager validation
E0162,Power BI,1,20,Certification
E0162,Data Quality,2,25,Certification
E0162,Recruiting Analytics,3,28,Manager validation
E0162,HRIS,3,46,Self-assessment
E0162,Learning Analytics,2,40,Self-assessment
E0162,Data Storytelling,4,15,Manager validation
E0162,Talent Analytics,3,13,Manager validation
E0162,Statistics,1,46,Manager validation
E0162,Communication,3,11,Manager validation
E0162,Talent Management,2,31,Self-assessment
E0162,Project Management,1,8,Self-assessment
E0163,SQL,5,27,Manager validation
E0163,Business Acumen,1,42,Self-assessment
E0163,Data Quality,1,9,Self-assessment
E0163,Data Modeling,4,31,Certification
E0163,NLP,1,4,Project evidence
E0163,Machine Learning,3,5,Manager validation
E0163,Generative AI,3,5,Certification
E0163,Project Management,2,32,Manager validation
E0164,SQL,3,41,Manager validation
E0164,Change Management,3,16,Project evidence
E0164,Excel,2,28,Manager validation
E0164,Business Acumen,5,28,Self-assessment
E0164,Data Modeling,3,5,Certification
E0164,NLP,4,20,Self-assessment
E0164,Stakeholder Management,3,45,Project evidence
E0164,Data Governance,3,7,Project evidence
E0164,Data Storytelling,5,31,Manager validation
E0164,Python,2,20,Manager validation
E0165,SQL,2,35,Self-assessment
E0165,Excel,1,47,Manager validation
E0165,Performance Analytics,2,33,Manager validation
E0165,Data Quality,3,36,Manager validation
E0165,Employee Engagement,3,7,Certification
E0165,Recruiting Analytics,3,29,Self-assessment
E0165,Stakeholder Management,2,42,Self-assessment
E0165,Talent Analytics,3,25,Project evidence
E0165,Data Visualization,3,24,Project evidence
E0165,Talent Management,3,36,Project evidence
E0165,Power BI,3,12,Manager validation
E0165,Data Modeling,3,29,Manager validation
E0165,Talent Intelligence,2,17,Self-assessment
E0165,Workforce Planning,3,17,Self-assessment
E0166,Scenario Modeling,2,22,Certification
E0166,Business Acumen,2,34,Self-assessment
E0166,Project Management,3,17,Self-assessment
E0166,Statistics,3,21,Self-assessment
E0166,Communication,3,38,Manager validation
E0166,Forecasting,4,25,Self-assessment
E0166,Power BI,3,27,Self-assessment
E0166,Data Modeling,3,12,Project evidence
E0167,Change Management,4,6,Manager validation
E0167,Excel,5,45,Self-assessment
E0167,Business Acumen,3,17,Manager validation
E0167,Data Quality,2,44,Manager validation
E0167,Stakeholder Management,3,46,Manager validation
E0167,Data Storytelling,2,33,Manager validation
E0168,Excel,3,30,Project evidence
E0168,Business Acumen,1,20,Manager validation
E0168,Power BI,3,27,Project evidence
E0168,Performance Analytics,3,34,Self-assessment
E0168,Stakeholder Management,2,28,Self-assessment
E0168,Communication,1,5,Self-assessment
E0168,Project Management,1,34,Manager validation
E0169,Data Quality,3,48,Project evidence
E0169,Data Modeling,4,40,Self-assessment
E0169,NLP,5,39,Self-assessment
E0169,Stakeholder Management,3,27,Self-assessment
E0169,Machine Learning,4,25,Manager validation
E0169,Data Governance,3,16,Self-assessment
E0169,Communication,2,23,Certification
E0169,Python,5,9,Manager validation
E0169,Power Query,1,24,Certification
E0170,Business Acumen,2,37,Self-assessment
E0170,Data Quality,3,15,Project evidence
E0170,Data Modeling,5,42,Project evidence
E0170,NLP,5,13,Self-assessment
E0170,Data Governance,1,39,Self-assessment
E0170,Machine Learning,4,42,Manager validation
E0170,Project Management,3,3,Project evidence
E0170,Python,4,32,Self-assessment
E0171,Business Acumen,1,13,Self-assessment
E0171,Project Management,3,28,Project evidence
E0171,Generative AI,3,22,Manager validation
E0171,Statistics,2,20,Self-assessment
E0171,Communication,1,36,Manager validation
E0171,Data Visualization,1,16,Self-assessment
E0171,Power BI,3,12,Project evidence
E0172,SQL,3,39,Self-assessment
E0172,Excel,2,5,Self-assessment
E0172,Data Modeling,3,35,Manager validation
E0172,NLP,3,35,Self-assessment
E0172,Stakeholder Management,1,47,Self-assessment
E0172,Machine Learning,4,35,Manager validation
E0172,Generative AI,2,9,Manager validation
E0172,Communication,3,42,Self-assessment
E0173,Excel,2,27,Self-assessment
E0173,Business Acumen,2,27,Manager validation
E0173,Performance Analytics,1,42,Certification
E0173,Stakeholder Management,3,12,Manager validation
E0173,Communication,1,41,Self-assessment
E0173,Power BI,3,37,Project evidence
E0174,Excel,3,29,Project evidence
E0174,Business Acumen,2,45,Manager validation
E0174,Project Management,3,23,Certification
E0174,Data Visualization,3,48,Project evidence
E0174,Statistics,1,8,Project evidence
E0174,Power BI,3,19,Certification
E0174,Talent Intelligence,1,9,Project evidence
E0174,Internal Mobility,1,13,Manager validation
E0175,Project Management,3,26,Certification
E0175,Data Quality,3,30,Manager validation
E0175,Excel,2,6,Certification
E0175,Communication,1,43,Project evidence
E0176,SQL,5,21,Certification
E0176,Change Management,4,12,Self-assessment
E0176,Excel,2,27,Self-assessment
E0176,Business Acumen,2,32,Manager validation
E0176,Data Quality,2,28,Project evidence
E0176,NLP,4,31,Self-assessment
E0176,Stakeholder Management,4,27,Self-assessment
E0176,Data Governance,2,14,Self-assessment
E0176,Machine Learning,4,38,Self-assessment
E0176,Generative AI,5,33,Self-assessment
E0176,Data Storytelling,3,36,Manager validation
E0177,SQL,3,6,Project evidence
E0177,HR Data Management,3,36,Manager validation
E0177,Change Management,5,27,Project evidence
E0177,Business Acumen,4,26,Manager validation
E0177,Performance Analytics,4,41,Self-assessment
E0177,Data Quality,1,13,Project evidence
E0177,HRIS,2,17,Manager validation
E0177,Stakeholder Management,4,40,Manager validation
E0177,Learning Analytics,2,24,Self-assessment
E0177,Data Storytelling,4,26,Certification
E0177,Data Visualization,3,44,Self-assessment
E0177,Talent Management,2,44,Self-assessment
E0177,Project Management,1,25,Manager validation
E0178,SQL,1,37,Manager validation
E0178,Business Acumen,3,32,Self-assessment
E0178,Performance Analytics,3,24,Certification
E0178,Data Quality,3,23,Manager validation
E0178,Employee Engagement,5,39,Self-assessment
E0178,Recruiting Analytics,2,31,Manager validation
E0178,Stakeholder Management,3,25,Manager validation
E0178,People Analytics,2,40,Project evidence
E0178,Talent Analytics,3,33,Self-assessment
E0178,Data Visualization,2,23,Manager validation
E0178,Data Storytelling,3,10,Self-assessment
E0178,Statistics,3,14,Project evidence
E0178,Data Modeling,3,33,Project evidence
E0178,Talent Intelligence,2,31,Manager validation
E0179,SQL,2,42,Certification
E0179,Excel,2,23,Self-assessment
E0179,Employee Engagement,2,38,Certification
E0179,Stakeholder Management,1,42,Self-assessment
E0179,Learning Analytics,2,25,Certification
E0179,Workforce Planning,2,4,Project evidence
E0179,Talent Analytics,3,41,Manager validation
E0179,People Analytics,2,16,Project evidence
E0179,Communication,3,7,Project evidence
E0179,Data Storytelling,1,4,Self-assessment
E0179,Power BI,1,18,Self-assessment
E0180,HR Data Management,3,11,Manager validation
E0180,Excel,2,48,Manager validation
E0180,Business Acumen,1,26,Manager validation
E0180,Performance Analytics,4,38,Self-assessment
E0180,HRIS,3,34,Project evidence
E0180,Learning Analytics,2,31,Self-assessment
E0180,Workforce Planning,3,4,Project evidence
E0180,Statistics,3,40,Self-assessment
E0180,Communication,1,23,Self-assessment
E0180,Data Visualization,2,9,Self-assessment
E0180,Data Storytelling,3,24,Project evidence
E0180,Skills Gap Analysis,3,23,Manager validation
E0181,Change Management,2,11,Project evidence
E0181,Business Acumen,4,13,Project evidence
E0181,Stakeholder Management,4,17,Project evidence
E0181,Communication,2,24,Manager validation
E0181,Data Storytelling,5,30,Manager validation
E0181,Power BI,2,43,Self-assessment
E0182,Excel,2,22,Manager validation
E0182,Scenario Modeling,2,42,Project evidence
E0182,Data Quality,4,16,Self-assessment
E0182,Stakeholder Management,2,38,Manager validation
E0182,Power BI,3,9,Manager validation
E0182,SQL,2,45,Project evidence
E0182,Power Query,1,8,Certification
E0183,Excel,2,39,Self-assessment
E0183,Business Acumen,2,41,Project evidence
E0183,Data Quality,3,17,Project evidence
E0183,Employee Engagement,2,45,Certification
E0183,Stakeholder Management,2,9,Project evidence
E0183,Data Storytelling,2,13,Self-assessment
E0183,Power BI,1,13,Self-assessment
E0184,Data Quality,1,25,Self-assessment
E0184,Data Modeling,3,44,Manager validation
E0184,NLP,1,27,Manager validation
E0184,Stakeholder Management,2,20,Self-assessment
E0184,Machine Learning,4,24,Self-assessment
E0184,Generative AI,4,46,Self-assessment
E0184,Communication,3,31,Manager validation
E0184,Python,2,32,Manager validation
E0184,Power Query,1,31,Certification
E0185,SQL,5,3,Manager validation
E0185,Change Management,4,47,Manager validation
E0185,Business Acumen,3,9,Self-assessment
E0185,Data Quality,3,27,Self-assessment
E0185,Data Modeling,3,29,Self-assessment
E0185,Stakeholder Management,4,14,Self-assessment
E0185,Machine Learning,4,4,Project evidence
E0185,Data Governance,3,38,Project evidence
E0185,Data Storytelling,4,42,Manager validation
E0185,Project Management,2,13,Project evidence
E0185,Python,4,40,Manager validation
E0186,Excel,5,15,Certification
E0186,Power BI,3,15,Self-assessment
E0186,Business Acumen,2,46,Self-assessment
E0186,Employee Engagement,1,6,Self-assessment
E0186,Communication,1,35,Self-assessment
E0186,Project Management,2,18,Self-assessment
E0186,Internal Mobility,2,41,Manager validation
E0186,Skills Gap Analysis,2,20,Certification
E0187,SQL,2,22,Self-assessment
E0187,Business Acumen,1,19,Manager validation
E0187,Performance Analytics,4,3,Project evidence
E0187,Data Quality,1,24,Certification
E0187,HRIS,2,18,Self-assessment
E0187,Stakeholder Management,3,26,Project evidence
E0187,Workforce Planning,2,21,Manager validation
E0187,People Analytics,4,15,Project evidence
E0187,Statistics,2,39,Manager validation
E0187,Data Visualization,2,22,Self-assessment
E0187,Talent Management,3,28,Certification
E0187,Skills Gap Analysis,1,28,Certification
E0187,Internal Mobility,2,40,Self-assessment
E0188,Excel,2,3,Self-assessment
E0188,Business Acumen,3,42,Self-assessment
E0188,Data Quality,2,6,Manager validation
E0188,Employee Engagement,3,4,Self-assessment
E0188,Stakeholder Management,2,5,Project evidence
E0188,Communication,2,22,Self-assessment
E0188,Power BI,1,39,Manager validation
E0189,Change Management,4,15,Self-assessment
E0189,Excel,2,21,Project evidence
E0189,Scenario Modeling,4,3,Manager validation
E0189,Business Acumen,4,7,Manager validation
E0189,Data Quality,3,16,Project evidence
E0189,Stakeholder Management,5,20,Self-assessment
E0189,Data Storytelling,3,25,Manager validation
E0189,Forecasting,1,5,Certification
E0189,Project Management,4,32,Manager validation
E0189,Statistics,2,21,Self-assessment
E0189,Python,2,18,Project evidence
E0190,SQL,4,3,Project evidence
E0190,Excel,3,15,Manager validation
E0190,Data Modeling,3,37,Certification
E0190,Stakeholder Management,1,23,Self-assessment
E0190,Machine Learning,4,43,Self-assessment
E0190,Data Governance,3,33,Project evidence
E0190,Generative AI,3,8,Self-assessment
E0190,Project Management,2,15,Project evidence
E0190,People Analytics,2,16,Certification
E0190,Internal Mobility,1,45,Certification
E0191,SQL,4,33,Project evidence
E0191,Excel,3,42,Project evidence
E0191,Business Acumen,3,10,Self-assessment
E0191,Data Modeling,4,28,Project evidence
E0191,NLP,4,46,Certification
E0191,Data Governance,3,46,Project evidence
E0191,Generative AI,3,8,Self-assessment
E0191,Communication,3,48,Self-assessment
E0192,Business Acumen,2,34,Manager validation
E0192,Power BI,4,18,Project evidence
E0192,Stakeholder Management,2,30,Manager validation
E0192,Data Storytelling,1,32,Self-assessment
E0192,Project Management,1,8,Project evidence
E0193,Change Management,5,3,Manager validation
E0193,Excel,2,27,Project evidence
E0193,Power BI,3,25,Certification
E0193,Business Acumen,2,46,Self-assessment
E0193,Stakeholder Management,2,45,Manager validation
E0193,Statistics,3,15,Manager validation
E0193,Communication,2,21,Certification
E0193,Data Storytelling,3,12,Manager validation
E0193,Project Management,2,15,Self-assessment
E0193,Talent Intelligence,1,27,Manager validation
E0193,Skills Gap Analysis,2,45,Manager validation
E0194,Change Management,3,9,Manager validation
E0194,Excel,2,34,Self-assessment
E0194,Business Acumen,3,20,Self-assessment
E0194,Data Quality,2,15,Project evidence
E0194,Stakeholder Management,2,19,Certification
E0194,Communication,3,41,Self-assessment
E0194,Data Storytelling,4,7,Self-assessment
E0195,SQL,2,32,Certification
E0195,HR Data Management,3,24,Self-assessment
E0195,Excel,2,43,Manager validation
E0195,Data Quality,4,23,Manager validation
E0195,Employee Engagement,3,6,Self-assessment
E0195,Recruiting Analytics,4,33,Self-assessment
E0195,Learning Analytics,2,10,Manager validation
E0195,Talent Analytics,2,46,Self-assessment
E0195,Data Visualization,1,26,Certification
E0195,Data Storytelling,3,26,Manager validation
E0195,Project Management,2,23,Project evidence
E0195,Python,3,6,Project evidence
E0195,Power Query,1,33,Certification
E0196,Excel,1,31,Manager validation
E0196,Power BI,1,35,Manager validation
E0196,Data Quality,2,22,Self-assessment
E0196,Communication,2,6,Project evidence
E0196,Forecasting,2,28,Self-assessment
E0196,Project Management,1,22,Self-assessment
E0196,Data Modeling,3,36,Manager validation
E0196,DAX,2,46,Self-assessment
E0197,Excel,1,9,Manager validation
E0197,Business Acumen,3,39,Manager validation
E0197,Data Quality,2,34,Self-assessment
E0197,Communication,5,5,Manager validation
E0197,Data Storytelling,2,9,Self-assessment
E0197,Project Management,1,45,Self-assessment
E0198,Excel,2,32,Self-assessment
E0198,Business Acumen,4,22,Manager validation
E0198,Data Quality,3,10,Manager validation
E0198,Data Visualization,3,15,Manager validation
E0198,Statistics,2,31,Project evidence
E0198,Power BI,1,48,Certification
E0199,Business Acumen,1,35,Project evidence
E0199,Performance Analytics,4,31,Certification
E0199,Employee Engagement,2,29,Manager validation
E0199,Recruiting Analytics,2,33,Self-assessment
E0199,Stakeholder Management,4,45,Manager validation
E0199,Workforce Planning,2,6,Manager validation
E0199,Talent Analytics,1,31,Manager validation
E0199,Data Visualization,2,29,Project evidence
E0199,Communication,2,24,Self-assessment
E0199,Statistics,2,45,Self-assessment
E0199,Power BI,1,16,Manager validation
E0200,Change Management,1,10,Self-assessment
E0200,Excel,2,27,Certification
E0200,Scenario Modeling,2,40,Manager validation
E0200,Business Acumen,4,41,Self-assessment
E0200,Stakeholder Management,4,27,Manager validation
E0200,Data Visualization,1,15,Self-assessment
E0200,Communication,2,28,Self-assessment
E0200,Data Storytelling,4,4,Manager validation
E0200,Power BI,3,38,Self-assessment
E0201,Change Management,4,19,Self-assessment
E0201,Scenario Modeling,3,23,Self-assessment
E0201,Power BI,2,8,Manager validation
E0201,Business Acumen,4,34,Certification
E0201,Data Quality,2,29,Project evidence
E0201,Stakeholder Management,4,31,Self-assessment
E0201,Data Visualization,1,45,Manager validation
E0201,Communication,2,12,Manager validation
E0201,Data Storytelling,4,31,Manager validation
E0201,Forecasting,2,12,Self-assessment
E0201,Project Management,1,7,Certification
E0202,SQL,4,8,Self-assessment
E0202,Business Acumen,1,44,Certification
E0202,Data Quality,2,13,Self-assessment
E0202,NLP,4,28,Self-assessment
E0202,Data Governance,2,28,Project evidence
E0202,Generative AI,2,15,Certification
E0202,Communication,3,29,Manager validation
E0202,Python,5,34,Project evidence
E0203,SQL,3,45,Project evidence
E0203,Change Management,4,24,Self-assessment
E0203,Excel,2,8,Certification
E0203,Business Acumen,4,36,Self-assessment
E0203,Stakeholder Management,4,24,Project evidence
E0203,Data Governance,4,22,Self-assessment
E0203,Machine Learning,4,33,Project evidence
E0203,Generative AI,4,15,Manager validation
E0203,Communication,3,45,Manager validation
E0203,Data Storytelling,5,21,Certification
E0203,Python,2,28,Self-assessment
E0204,Excel,2,13,Project evidence
E0204,Business Acumen,1,8,Self-assessment
E0204,Project Management,2,24,Certification
E0204,Employee Engagement,2,25,Manager validation
E0204,Communication,5,39,Project evidence
E0204,Power BI,1,41,Self-assessment
E0205,Change Management,5,38,Manager validation
E0205,Business Acumen,3,23,Self-assessment
E0205,Data Modeling,5,47,Self-assessment
E0205,Stakeholder Management,3,34,Manager validation
E0205,Machine Learning,4,43,Self-assessment
E0205,Data Governance,1,4,Project evidence
E0205,Generative AI,3,43,Certification
E0205,Communication,1,16,Manager validation
E0205,Data Storytelling,2,18,Certification
E0205,Project Management,2,24,Certification
E0205,Python,4,11,Self-assessment
E0206,Excel,1,15,Manager validation
E0206,Data Modeling,2,21,Self-assessment
E0206,NLP,3,21,Project evidence
E0206,Stakeholder Management,2,6,Certification
E0206,Machine Learning,4,25,Manager validation
E0206,Generative AI,5,43,Self-assessment
E0206,Project Management,3,20,Project evidence
E0206,Python,3,10,Manager validation
E0206,Power BI,2,40,Manager validation
E0206,SQL,2,42,Project evidence
E0207,SQL,3,12,Manager validation
E0207,Change Management,4,45,Self-assessment
E0207,Business Acumen,3,36,Self-assessment
E0207,Data Quality,3,12,Self-assessment
E0207,Data Modeling,3,18,Self-assessment
E0207,NLP,4,18,Project evidence
E0207,Stakeholder Management,5,39,Certification
E0207,Data Governance,2,17,Self-assessment
E0207,Machine Learning,4,10,Self-assessment
E0207,Communication,2,36,Self-assessment
E0207,Data Storytelling,5,5,Self-assessment
E0207,Project Management,3,28,Self-assessment
E0207,DAX,2,22,Project evidence
E0207,People Analytics,2,41,Self-assessment
E0207,Workforce Planning,1,3,Self-assessment
E0208,Excel,2,22,Self-assessment
E0208,Power BI,2,23,Self-assessment
E0208,Employee Engagement,1,4,Manager validation
E0208,Stakeholder Management,2,30,Certification
E0208,Communication,2,9,Manager validation
E0208,Data Storytelling,3,37,Manager validation
E0208,Project Management,1,19,Manager validation
E0208,Python,3,21,Manager validation
E0208,Statistics,1,39,Self-assessment
E0208,Talent Intelligence,2,47,Project evidence
E0208,Workforce Planning,1,40,Certification
E0209,Excel,2,21,Self-assessment
E0209,Business Acumen,2,31,Certification
E0209,Stakeholder Management,4,47,Self-assessment
E0209,Generative AI,2,10,Manager validation
E0209,Statistics,2,21,Project evidence
E0209,Data Storytelling,4,18,Self-assessment
E0209,Internal Mobility,2,25,Certification
E0209,Talent Intelligence,3,31,Manager validation
E0210,Excel,1,30,Self-assessment
E0210,Business Acumen,3,39,Project evidence
E0210,Stakeholder Management,3,35,Manager validation
E0210,Communication,2,16,Manager validation
E0210,Data Storytelling,2,19,Manager validation
E0210,Project Management,1,12,Self-assessment
E0210,Data Modeling,1,12,Certification
E0210,Power BI,2,22,Self-assessment
E0211,Excel,2,10,Manager validation
E0211,Business Acumen,1,42,Manager validation
E0211,Power BI,2,38,Manager validation
E0211,Data Quality,4,39,Project evidence
E0211,Stakeholder Management,3,30,Manager validation
E0211,Data Storytelling,3,40,Self-assessment
E0211,Project Management,3,25,Manager validation
E0211,SQL,1,7,Manager validation
E0211,Power Query,1,39,Self-assessment
E0211,Skills Gap Analysis,3,47,Manager validation
E0211,Workforce Planning,1,32,Manager validation
E0212,SQL,2,37,Certification
E0212,HR Data Management,2,15,Self-assessment
E0212,Excel,4,35,Manager validation
E0212,Performance Analytics,3,25,Project evidence
E0212,Data Quality,1,34,Self-assessment
E0212,Recruiting Analytics,3,47,Manager validation
E0212,Stakeholder Management,2,32,Manager validation
E0212,Learning Analytics,3,28,Manager validation
E0212,Data Storytelling,2,40,Manager validation
E0212,Data Visualization,2,25,Self-assessment
E0212,Talent Management,3,45,Project evidence
E0212,Python,1,27,Manager validation
E0213,Change Management,3,39,Manager validation
E0213,Business Acumen,4,22,Self-assessment
E0213,Power BI,3,36,Manager validation
E0213,Data Quality,2,8,Manager validation
E0213,Stakeholder Management,4,19,Self-assessment
E0213,Generative AI,2,43,Self-assessment
E0213,Statistics,2,14,Self-assessment
E0213,Data Visualization,3,35,Certification
E0213,Data Storytelling,3,6,Manager validation
E0213,Project Management,2,13,Self-assessment
E0214,Excel,3,33,Manager validation
E0214,Scenario Modeling,3,34,Project evidence
E0214,Stakeholder Management,2,21,Certification
E0214,Statistics,3,19,Self-assessment
E0214,Data Visualization,4,5,Self-assessment
E0214,Forecasting,2,22,Self-assessment
E0214,Project Management,2,15,Certification
E0215,SQL,1,34,Manager validation
E0215,HR Data Management,1,20,Project evidence
E0215,Power BI,2,13,Project evidence
E0215,Performance Analytics,3,5,Self-assessment
E0215,Data Quality,1,23,Self-assessment
E0215,Employee Engagement,2,45,Certification
E0215,HRIS,3,48,Project evidence
E0215,Learning Analytics,2,4,Manager validation
E0215,Statistics,2,44,Project evidence
E0215,Communication,1,17,Manager validation
E0215,Project Management,2,47,Self-assessment
E0215,DAX,3,42,Project evidence
E0215,Power Query,2,33,Certification
E0216,SQL,2,4,Project evidence
E0216,Excel,4,30,Manager validation
E0216,Business Acumen,2,45,Certification
E0216,Stakeholder Management,2,13,Project evidence
E0216,Machine Learning,3,26,Manager validation
E0216,Data Governance,3,6,Self-assessment
E0216,Generative AI,4,6,Certification
E0216,Python,4,5,Certification
E0217,Excel,2,32,Project evidence
E0217,Business Acumen,1,7,Project evidence
E0217,Data Modeling,5,22,Self-assessment
E0217,NLP,4,7,Project evidence
E0217,Data Governance,3,46,Project evidence
E0217,Machine Learning,4,12,Manager validation
E0217,Project Management,1,3,Manager validation
E0217,Python,3,11,Project evidence
E0218,SQL,3,11,Self-assessment
E0218,Business Acumen,3,7,Certification
E0218,Power BI,1,4,Manager validation
E0218,Data Quality,1,30,Project evidence
E0218,Employee Engagement,3,22,Project evidence
E0218,HRIS,3,15,Manager validation
E0218,Recruiting Analytics,3,14,Self-assessment
E0218,Workforce Planning,5,18,Manager validation
E0218,People Analytics,4,23,Manager validation
E0218,Data Visualization,2,42,Project evidence
E0218,Project Management,1,29,Project evidence
E0219,Excel,2,32,Self-assessment
E0219,Scenario Modeling,1,16,Project evidence
E0219,Data Quality,1,42,Self-assessment
E0219,Forecasting,2,16,Manager validation
E0219,Project Management,2,22,Manager validation
E0220,SQL,3,11,Self-assessment
E0220,Change Management,4,13,Self-assessment
E0220,Excel,1,28,Self-assessment
E0220,Business Acumen,2,29,Self-assessment
E0220,Performance Analytics,2,16,Self-assessment
E0220,Employee Engagement,5,46,Self-assessment
E0220,Recruiting Analytics,3,44,Manager validation
E0220,Stakeholder Management,4,23,Certification
E0220,Data Storytelling,3,13,Project evidence
E0220,Talent Analytics,3,18,Project evidence
E0220,Data Visualization,3,28,Manager validation
E0220,Communication,1,24,Self-assessment
E0220,Talent Management,3,38,Certification
E0220,Power BI,3,26,Self-assessment
E0221,Excel,2,18,Self-assessment
E0221,Scenario Modeling,1,46,Self-assessment
E0221,Business Acumen,1,26,Project evidence
E0221,Power BI,1,34,Self-assessment
E0221,Communication,2,35,Project evidence
E0221,Project Management,3,8,Manager validation
E0222,Change Management,2,14,Project evidence
E0222,Scenario Modeling,2,32,Manager validation
E0222,Power BI,4,47,Certification
E0222,Business Acumen,5,3,Certification
E0222,Data Quality,2,17,Self-assessment
E0222,Stakeholder Management,4,12,Manager validation
E0222,Data Storytelling,3,21,Manager validation
E0222,Forecasting,3,6,Self-assessment
E0222,Project Management,3,31,Self-assessment
E0222,People Analytics,1,24,Self-assessment
E0222,Skills Gap Analysis,1,35,Project evidence
E0223,Change Management,5,40,Self-assessment
E0223,Excel,1,35,Self-assessment
E0223,Scenario Modeling,2,24,Self-assessment
E0223,Business Acumen,4,7,Project evidence
E0223,Data Quality,2,47,Self-assessment
E0223,Stakeholder Management,3,19,Project evidence
E0223,Data Storytelling,5,44,Self-assessment
E0223,Forecasting,2,16,Self-assessment
E0224,Change Management,3,7,Manager validation
E0224,Excel,2,37,Manager validation
E0224,Business Acumen,3,21,Self-assessment
E0224,Performance Analytics,2,38,Self-assessment
E0224,Data Quality,2,33,Project evidence
E0224,Stakeholder Management,4,8,Manager validation
E0224,Data Storytelling,3,17,Self-assessment
E0224,Power BI,2,44,Project evidence
E0224,Workforce Planning,1,42,Project evidence
E0224,People Analytics,3,14,Certification
E0225,Excel,2,44,Manager validation
E0225,Business Acumen,4,7,Manager validation
E0225,Power BI,3,41,Certification
E0225,Generative AI,2,29,Certification
E0225,Statistics,1,25,Manager validation
E0225,Data Storytelling,2,39,Manager validation
E0225,Project Management,1,20,Self-assessment
E0225,Python,1,16,Manager validation
E0225,Power Query,2,45,Manager validation
E0225,Skills Gap Analysis,2,13,Manager validation
E0225,Internal Mobility,1,11,Manager validation
E0226,Excel,4,37,Manager validation
E0226,Business Acumen,2,12,Self-assessment
E0226,Data Quality,2,11,Self-assessment
E0226,Communication,1,6,Self-assessment
E0226,Forecasting,2,10,Self-assessment
E0226,Power BI,2,22,Manager validation
E0226,SQL,2,36,Self-assessment
E0226,Statistics,1,8,Self-assessment
E0227,Excel,1,15,Self-assessment
E0227,Business Acumen,2,14,Manager validation
E0227,Project Management,2,12,Self-assessment
E0227,Data Quality,1,44,Manager validation
E0227,Data Storytelling,3,35,Project evidence
E0227,Power BI,1,10,Certification
E0227,Internal Mobility,2,39,Project evidence
E0227,Talent Intelligence,1,33,Self-assessment
E0228,Business Acumen,3,24,Manager validation
E0228,Project Management,2,4,Project evidence
E0228,Data Quality,2,10,Project evidence
E0228,Communication,2,48,Manager validation
E0228,Forecasting,2,44,Self-assessment
E0228,Power BI,1,42,Certification
E0229,Excel,1,46,Self-assessment
E0229,Employee Engagement,3,47,Self-assessment
E0229,HRIS,4,12,Project evidence
E0229,Stakeholder Management,2,6,Certification
E0229,Workforce Planning,2,45,Self-assessment
E0229,Data Storytelling,3,35,Project evidence
E0229,People Analytics,1,19,Self-assessment
E0229,Statistics,2,5,Manager validation
E0229,Communication,3,42,Manager validation
E0229,Data Visualization,1,3,Manager validation
E0229,Talent Management,4,3,Manager validation
E0229,Data Modeling,1,4,Self-assessment
E0229,DAX,2,24,Self-assessment
E0230,Excel,2,31,Manager validation
E0230,Scenario Modeling,1,17,Project evidence
E0230,Business Acumen,1,5,Self-assessment
E0230,Stakeholder Management,2,16,Project evidence
E0230,Forecasting,2,26,Manager validation
E0230,Power BI,3,34,Self-assessment
E0231,Change Management,3,7,Project evidence
E0231,Excel,1,37,Project evidence
E0231,Business Acumen,3,7,Certification
E0231,Stakeholder Management,4,23,Self-assessment
E0231,Data Storytelling,3,32,Self-assessment
E0231,Power BI,2,8,Manager validation
E0231,DAX,3,11,Manager validation
E0231,SQL,3,41,Manager validation
E0232,Excel,3,45,Project evidence
E0232,Business Acumen,5,3,Manager validation
E0232,Data Visualization,1,22,Manager validation
E0232,Statistics,3,29,Manager validation
E0232,Communication,5,42,Certification
E0232,Forecasting,3,25,Self-assessment
E0232,Project Management,2,13,Certification
E0233,Scenario Modeling,2,15,Self-assessment
E0233,Business Acumen,3,34,Self-assessment
E0233,Power BI,1,15,Self-assessment
E0233,Data Quality,1,13,Self-assessment
E0233,Communication,3,35,Self-assessment
E0233,Project Management,2,22,Certification
E0234,SQL,4,43,Project evidence
E0234,Business Acumen,2,36,Self-assessment
E0234,Data Modeling,4,41,Self-assessment
E0234,NLP,4,47,Manager validation
E0234,Stakeholder Management,1,29,Manager validation
E0234,Machine Learning,3,13,Manager validation
E0234,Project Management,3,3,Project evidence
E0234,Python,4,15,Project evidence
E0235,Excel,3,24,Manager validation
E0235,Scenario Modeling,1,26,Project evidence
E0235,Power BI,1,18,Project evidence
E0235,Stakeholder Management,2,9,Self-assessment
E0235,Communication,1,9,Self-assessment
E0235,Forecasting,3,40,Manager validation
E0235,Project Management,1,43,Project evidence
E0236,Change Management,3,8,Self-assessment
E0236,Excel,2,7,Certification
E0236,Power BI,2,5,Project evidence
E0236,Business Acumen,5,43,Project evidence
E0236,Stakeholder Management,2,23,Self-assessment
E0236,Data Storytelling,5,7,Manager validation
E0236,Project Management,1,13,Project evidence
E0237,Excel,2,30,Manager validation
E0237,Business Acumen,2,24,Manager validation
E0237,Employee Engagement,1,45,Self-assessment
E0237,Communication,3,35,Manager validation
E0237,Project Management,2,31,Manager validation
E0238,Scenario Modeling,1,24,Manager validation
E0238,Data Quality,2,25,Self-assessment
E0238,Stakeholder Management,2,44,Manager validation
E0238,Communication,2,35,Project evidence
E0238,Forecasting,2,43,Project evidence
E0238,Power BI,2,46,Project evidence
E0239,Excel,1,16,Manager validation
E0239,Business Acumen,1,39,Project evidence
E0239,Project Management,1,25,Project evidence
E0239,Data Quality,3,35,Project evidence
E0239,Performance Analytics,1,29,Self-assessment
E0239,Power BI,2,18,Project evidence
E0239,SQL,2,30,Manager validation
E0239,Data Modeling,1,46,Project evidence
E0240,Business Acumen,3,3,Manager validation
E0240,Data Quality,3,35,Certification
E0240,Data Modeling,2,42,Certification
E0240,NLP,4,11,Manager validation
E0240,Data Governance,3,3,Certification
E0240,Machine Learning,3,34,Self-assessment
E0240,Project Management,1,33,Manager validation
E0240,Python,2,19,Manager validation
E0240,Power BI,2,19,Manager validation
E0240,SQL,4,8,Manager validation
E0240,Workforce Planning,1,44,Self-assessment
E0240,People Analytics,2,25,Manager validation
E0241,Excel,1,3,Manager validation
E0241,Data Modeling,3,47,Manager validation
E0241,NLP,3,34,Self-assessment
E0241,Machine Learning,4,47,Manager validation
E0241,Data Governance,3,10,Self-assessment
E0241,Communication,3,14,Self-assessment
E0241,Project Management,2,36,Self-assessment
E0241,Python,3,44,Manager validation
E0242,SQL,3,23,Certification
E0242,Change Management,5,40,Manager validation
E0242,Excel,2,22,Self-assessment
E0242,Power BI,4,3,Self-assessment
E0242,Business Acumen,4,26,Manager validation
E0242,Performance Analytics,4,27,Certification
E0242,HRIS,3,10,Manager validation
E0242,Stakeholder Management,5,11,Self-assessment
E0242,Workforce Planning,4,15,Project evidence
E0242,Data Storytelling,4,33,Self-assessment
E0242,Talent Analytics,1,11,Project evidence
E0242,Communication,2,47,Self-assessment
E0242,Talent Management,4,26,Certification
E0242,Project Management,2,45,Self-assessment
E0243,Excel,1,48,Self-assessment
E0243,Business Acumen,2,47,Manager validation
E0243,Power BI,1,37,Certification
E0243,Data Quality,2,5,Manager validation
E0243,Communication,1,26,Self-assessment
E0243,Project Management,2,40,Project evidence
E0243,Skills Gap Analysis,2,14,Project evidence
E0243,Talent Intelligence,2,44,Project evidence
E0244,Excel,1,11,Project evidence
E0244,Business Acumen,1,33,Manager validation
E0244,Project Management,2,16,Manager validation
E0244,Data Quality,2,46,Manager validation
E0244,Communication,2,28,Self-assessment
E0244,Power BI,2,10,Self-assessment
E0244,Python,2,19,Project evidence
E0244,Power Query,2,45,Self-assessment
E0244,Workforce Planning,2,29,Self-assessment
E0244,People Analytics,1,19,Project evidence
E0245,SQL,2,10,Manager validation
E0245,HR Data Management,3,36,Manager validation
E0245,Change Management,3,18,Self-assessment
E0245,Business Acumen,3,47,Manager validation
E0245,Performance Analytics,2,43,Manager validation
E0245,HRIS,3,13,Project evidence
E0245,Stakeholder Management,3,28,Manager validation
E0245,Learning Analytics,3,22,Self-assessment
E0245,People Analytics,3,31,Manager validation
E0245,Data Visualization,2,24,Self-assessment
E0245,Communication,2,35,Self-assessment
E0245,Data Storytelling,4,42,Self-assessment
E0245,Project Management,3,7,Self-assessment
E0245,Internal Mobility,3,13,Self-assessment
E0246,Excel,1,45,Manager validation
E0246,Business Acumen,2,42,Self-assessment
E0246,Data Quality,3,27,Project evidence
E0246,Communication,3,10,Manager validation
E0246,Forecasting,2,3,Self-assessment
E0246,Power BI,2,23,Manager validation
E0246,Power Query,3,7,Self-assessment
E0247,SQL,3,15,Manager validation
E0247,Data Modeling,4,5,Certification
E0247,Stakeholder Management,3,10,Manager validation
E0247,Data Governance,2,7,Project evidence
E0247,Machine Learning,4,18,Manager validation
E0247,Communication,4,34,Manager validation
E0247,Project Management,1,28,Self-assessment
E0247,Python,3,5,Project evidence
E0248,Excel,2,40,Certification
E0248,Data Visualization,2,37,Self-assessment
E0248,Communication,2,47,Self-assessment
E0248,Statistics,3,34,Self-assessment
E0248,Data Storytelling,1,40,Certification
E0248,Project Management,2,30,Project evidence
E0249,HR Data Management,4,35,Self-assessment
E0249,Excel,1,40,Self-assessment
E0249,Business Acumen,2,10,Certification
E0249,Employee Engagement,4,44,Manager validation
E0249,Workforce Planning,3,16,Self-assessment
E0249,People Analytics,3,27,Project evidence
E0249,Talent Analytics,3,33,Manager validation
E0249,Communication,2,35,Certification
E0249,Data Visualization,2,42,Manager validation
E0249,Data Storytelling,3,6,Manager validation
E0249,Power BI,3,39,Self-assessment
E0250,SQL,2,37,Self-assessment
E0250,HR Data Management,3,31,Manager validation
E0250,Change Management,4,12,Self-assessment
E0250,Business Acumen,4,35,Self-assessment
E0250,Data Quality,2,39,Certification
E0250,Employee Engagement,3,26,Project evidence
E0250,HRIS,2,26,Manager validation
E0250,Recruiting Analytics,2,46,Project evidence
E0250,Stakeholder Management,3,27,Certification
E0250,Talent Analytics,3,35,Project evidence
E0250,Statistics,2,19,Manager validation
E0250,Communication,1,41,Project evidence
E0250,Data Visualization,3,12,Self-assessment
E0250,Data Storytelling,4,20,Manager validation
E0250,Project Management,1,43,Project evidence
E0251,Excel,3,47,Self-assessment
E0251,Scenario Modeling,2,4,Manager validation
E0251,Power BI,3,4,Project evidence
E0251,Statistics,2,29,Self-assessment
E0251,Communication,3,27,Self-assessment
E0251,Project Management,2,27,Self-assessment
E0251,Talent Intelligence,1,9,Project evidence
E0251,People Analytics,3,18,Project evidence
E0252,HR Data Management,4,25,Manager validation
E0252,Excel,2,11,Manager validation
E0252,Business Acumen,2,27,Manager validation
E0252,Performance Analytics,3,47,Project evidence
E0252,Recruiting Analytics,3,10,Manager validation
E0252,Data Storytelling,2,12,Project evidence
E0252,Talent Analytics,2,18,Certification
E0252,Data Visualization,2,18,Manager validation
E0252,Communication,1,43,Project evidence
E0252,Statistics,2,30,Manager validation
E0252,Talent Management,3,10,Self-assessment
E0253,Excel,2,21,Project evidence
E0253,Scenario Modeling,1,18,Self-assessment
E0253,Business Acumen,1,26,Project evidence
E0253,Data Quality,2,30,Project evidence
E0253,Statistics,4,28,Self-assessment
E0253,Data Visualization,1,39,Self-assessment
E0253,Project Management,2,24,Self-assessment
E0254,Excel,1,35,Certification
E0254,Scenario Modeling,3,39,Manager validation
E0254,Business Acumen,3,19,Self-assessment
E0254,Data Quality,2,21,Certification
E0254,Stakeholder Management,1,23,Project evidence
E0254,Forecasting,3,35,Self-assessment
E0255,Excel,3,7,Manager validation
E0255,Business Acumen,4,44,Self-assessment
E0255,Stakeholder Management,1,14,Manager validation
E0255,Data Governance,4,15,Self-assessment
E0255,Communication,1,40,Self-assessment
E0255,Project Management,2,39,Self-assessment
E0256,Excel,2,17,Project evidence
E0256,Business Acumen,2,11,Project evidence
E0256,Power BI,1,29,Self-assessment
E0256,Employee Engagement,2,41,Manager validation
E0256,Communication,3,30,Self-assessment
E0256,Data Storytelling,2,48,Self-assessment
E0256,Project Management,2,11,Self-assessment
E0257,Change Management,3,36,Self-assessment
E0257,Excel,1,16,Self-assessment
E0257,Scenario Modeling,2,22,Manager validation
E0257,Business Acumen,4,38,Project evidence
E0257,Stakeholder Management,4,47,Project evidence
E0257,Communication,2,34,Manager validation
E0257,Data Storytelling,3,38,Certification
E0257,Forecasting,3,6,Manager validation
E0257,Project Management,2,43,Manager validation
E0258,Change Management,3,41,Certification
E0258,Excel,2,19,Project evidence
E0258,Power BI,1,32,Self-assessment
E0258,Business Acumen,4,26,Project evidence
E0258,Performance Analytics,3,15,Project evidence
E0258,Stakeholder Management,2,32,Self-assessment
E0258,Communication,1,35,Manager validation
E0258,Data Storytelling,4,37,Self-assessment
E0258,Project Management,3,11,Manager validation
E0259,Excel,1,47,Certification
E0259,Business Acumen,1,15,Project evidence
E0259,Data Quality,3,35,Manager validation
E0259,Data Governance,1,47,Self-assessment
E0259,Project Management,2,33,Project evidence
E0259,SQL,2,31,Manager validation
E0259,Data Modeling,3,22,Manager validation
E0260,Excel,1,38,Self-assessment
E0260,Scenario Modeling,3,47,Manager validation
E0260,Business Acumen,3,39,Manager validation
E0260,Power BI,2,43,Project evidence
E0260,Statistics,2,43,Project evidence
E0260,Forecasting,1,43,Certification
E0260,Project Management,1,28,Manager validation
E0261,Excel,3,15,Certification
E0261,Business Acumen,2,20,Project evidence
E0261,Performance Analytics,1,41,Certification
E0261,Communication,2,12,Project evidence
E0261,Data Storytelling,5,33,Project evidence
E0261,Power BI,2,46,Project evidence
E0261,Internal Mobility,1,43,Self-assessment
E0261,Skills Gap Analysis,3,39,Self-assessment
E0262,Excel,2,37,Certification
E0262,Business Acumen,2,13,Self-assessment
E0262,Power BI,3,27,Manager validation
E0262,Stakeholder Management,2,8,Certification
E0262,Data Storytelling,3,24,Project evidence
E0262,Project Management,3,43,Project evidence
E0262,Talent Intelligence,2,19,Certification
E0262,Internal Mobility,3,28,Manager validation
E0263,Excel,3,21,Self-assessment
E0263,Business Acumen,2,34,Self-assessment
E0263,Data Quality,1,13,Manager validation
E0263,Data Modeling,5,18,Project evidence
E0263,NLP,3,38,Self-assessment
E0263,Machine Learning,4,17,Certification
E0263,Data Governance,1,39,Self-assessment
E0263,Generative AI,3,43,Manager validation
E0263,Skills Gap Analysis,2,37,Self-assessment
E0263,Workforce Planning,2,5,Project evidence
E0264,Scenario Modeling,2,34,Certification
E0264,Data Quality,2,33,Project evidence
E0264,Communication,2,20,Manager validation
E0264,Forecasting,2,33,Manager validation
E0264,Project Management,2,30,Certification
E0264,Statistics,3,37,Manager validation
E0264,SQL,2,45,Self-assessment
E0265,Excel,2,5,Certification
E0265,Business Acumen,4,40,Self-assessment
E0265,Power BI,3,10,Project evidence
E0265,Stakeholder Management,2,29,Manager validation
E0265,Communication,1,32,Project evidence
E0265,Project Management,4,45,Certification
E0266,SQL,1,3,Project evidence
E0266,HR Data Management,3,16,Manager validation
E0266,Change Management,5,16,Self-assessment
E0266,Business Acumen,3,16,Self-assessment
E0266,Performance Analytics,3,5,Self-assessment
E0266,Employee Engagement,4,19,Self-assessment
E0266,HRIS,2,14,Self-assessment
E0266,Stakeholder Management,3,48,Project evidence
E0266,Workforce Planning,3,48,Project evidence
E0266,Statistics,1,3,Self-assessment
E0266,Communication,2,3,Manager validation
E0266,Data Storytelling,4,11,Self-assessment
E0266,Project Management,2,34,Self-assessment
E0266,DAX,3,48,Self-assessment
E0266,Internal Mobility,3,12,Self-assessment
E0267,HR Data Management,3,37,Self-assessment
E0267,Excel,3,46,Manager validation
E0267,Business Acumen,3,43,Manager validation
E0267,Performance Analytics,3,48,Self-assessment
E0267,Recruiting Analytics,3,23,Manager validation
E0267,Stakeholder Management,2,14,Project evidence
E0267,Learning Analytics,2,18,Certification
E0267,Data Storytelling,1,33,Self-assessment
E0267,Statistics,1,14,Manager validation
E0267,Talent Management,3,36,Manager validation
E0267,Power BI,1,19,Self-assessment
E0267,Python,2,14,Self-assessment
E0268,SQL,1,3,Project evidence
E0268,Excel,2,45,Self-assessment
E0268,Business Acumen,2,4,Self-assessment
E0268,Data Modeling,2,39,Manager validation
E0268,NLP,3,4,Self-assessment
E0268,Stakeholder Management,2,6,Manager validation
E0268,Generative AI,2,48,Project evidence
E0268,Python,4,41,Project evidence
E0268,Skills Gap Analysis,2,29,Manager validation
E0268,Talent Intelligence,2,8,Manager validation
E0269,Excel,2,14,Manager validation
E0269,Business Acumen,1,5,Manager validation
E0269,Power BI,1,12,Project evidence
E0269,Data Quality,2,38,Self-assessment
E0269,Stakeholder Management,4,21,Self-assessment
E0269,Project Management,2,3,Project evidence
E0269,SQL,2,7,Self-assessment
E0269,Data Modeling,1,48,Manager validation
E0270,SQL,5,16,Self-assessment
E0270,Change Management,2,5,Self-assessment
E0270,Excel,2,42,Manager validation
E0270,Business Acumen,5,10,Self-assessment
E0270,NLP,3,11,Project evidence
E0270,Stakeholder Management,4,23,Self-assessment
E0270,Machine Learning,5,23,Self-assessment
E0270,Data Governance,1,13,Self-assessment
E0270,Generative AI,3,35,Self-assessment
E0270,Communication,4,15,Project evidence
E0270,Data Storytelling,2,21,Certification
E0271,SQL,4,4,Manager validation
E0271,Data Quality,2,43,Self-assessment
E0271,Data Modeling,4,10,Manager validation
E0271,NLP,4,27,Self-assessment
E0271,Data Governance,1,36,Project evidence
E0271,Machine Learning,3,9,Self-assessment
E0271,Communication,2,9,Manager validation
E0271,Project Management,3,34,Manager validation
E0272,SQL,3,27,Certification
E0272,Excel,2,17,Manager validation
E0272,Data Quality,1,34,Manager validation
E0272,NLP,5,41,Self-assessment
E0272,Machine Learning,4,3,Manager validation
E0272,Generative AI,4,3,Self-assessment
E0272,Project Management,3,24,Self-assessment
E0272,Python,2,48,Manager validation
E0272,People Analytics,1,15,Self-assessment
E0272,Talent Intelligence,3,3,Manager validation
E0273,Excel,2,47,Project evidence
E0273,Business Acumen,2,11,Self-assessment
E0273,Stakeholder Management,3,31,Project evidence
E0273,Data Visualization,3,33,Self-assessment
E0273,Statistics,2,42,Manager validation
E0273,Forecasting,1,3,Self-assessment
E0274,Business Acumen,2,39,Project evidence
E0274,Data Modeling,3,16,Project evidence
E0274,NLP,4,26,Manager validation
E0274,Stakeholder Management,2,3,Self-assessment
E0274,Data Governance,3,35,Manager validation
E0274,Machine Learning,4,42,Self-assessment
E0274,Generative AI,4,24,Project evidence
E0274,Project Management,3,15,Self-assessment
E0275,Change Management,3,39,Project evidence
E0275,Excel,4,8,Self-assessment
E0275,Business Acumen,3,37,Manager validation
E0275,Performance Analytics,2,15,Manager validation
E0275,Stakeholder Management,4,8,Project evidence
E0275,Data Storytelling,4,22,Project evidence
E0275,Project Management,3,47,Project evidence
E0276,SQL,3,25,Self-assessment
E0276,Excel,2,27,Manager validation
E0276,Data Quality,2,12,Self-assessment
E0276,Data Modeling,3,43,Self-assessment
E0276,NLP,4,26,Manager validation
E0276,Machine Learning,5,27,Project evidence
E0276,Communication,2,29,Self-assessment
E0276,Python,4,16,Manager validation
E0277,Data Modeling,3,37,Self-assessment
E0277,NLP,2,26,Certification
E0277,Stakeholder Management,2,20,Manager validation
E0277,Machine Learning,2,16,Self-assessment
E0277,Data Governance,2,34,Certification
E0277,Communication,2,31,Self-assessment
E0277,Project Management,2,6,Manager validation
E0277,Python,2,20,Project evidence
E0278,Excel,2,22,Self-assessment
E0278,Business Acumen,2,32,Self-assessment
E0278,Data Quality,1,48,Self-assessment
E0278,Data Modeling,3,39,Manager validation
E0278,NLP,3,25,Self-assessment
E0278,Machine Learning,4,41,Manager validation
E0278,Data Governance,3,30,Project evidence
E0278,Generative AI,4,19,Self-assessment
E0278,Python,3,47,Self-assessment
E0278,Statistics,1,26,Self-assessment
E0279,Excel,3,15,Manager validation
E0279,Business Acumen,2,15,Manager validation
E0279,Data Quality,2,40,Certification
E0279,Data Governance,1,18,Certification
E0279,Communication,1,24,Project evidence
E0279,Project Management,3,19,Manager validation
E0280,SQL,4,5,Manager validation
E0280,Excel,1,32,Project evidence
E0280,NLP,3,17,Project evidence
E0280,Machine Learning,4,15,Self-assessment
E0280,Generative AI,3,15,Self-assessment
E0280,Communication,1,10,Manager validation
E0280,Project Management,2,44,Project evidence
E0280,Python,4,3,Project evidence
E0281,Excel,2,19,Self-assessment
E0281,Power BI,2,20,Project evidence
E0281,Data Visualization,2,8,Project evidence
E0281,Communication,3,25,Manager validation
E0281,Statistics,3,48,Self-assessment
E0281,Forecasting,1,10,Project evidence
E0281,Project Management,2,13,Project evidence
E0282,Excel,1,24,Self-assessment
E0282,Data Quality,1,20,Certification
E0282,Stakeholder Management,1,27,Certification
E0282,Communication,2,46,Project evidence
E0282,Forecasting,2,31,Self-assessment
E0282,Project Management,3,36,Certification
E0282,Skills Gap Analysis,1,38,Self-assessment
E0282,Workforce Planning,1,30,Self-assessment
E0283,Excel,2,28,Self-assessment
E0283,Business Acumen,2,25,Manager validation
E0283,Performance Analytics,2,15,Manager validation
E0283,Data Quality,2,12,Certification
E0283,Stakeholder Management,3,48,Self-assessment
E0283,Communication,2,11,Manager validation
E0283,Data Storytelling,1,23,Self-assessment
E0283,People Analytics,3,48,Self-assessment
E0283,Internal Mobility,3,11,Manager validation
E0284,Excel,2,32,Self-assessment
E0284,Scenario Modeling,3,12,Self-assessment
E0284,Business Acumen,2,13,Manager validation
E0284,Power BI,3,19,Project evidence
E0284,Data Quality,1,19,Self-assessment
E0284,Statistics,3,32,Self-assessment
E0284,Project Management,2,23,Manager validation
E0285,Excel,4,13,Certification
E0285,Business Acumen,2,26,Self-assessment
E0285,Data Quality,1,20,Project evidence
E0285,Stakeholder Management,3,42,Manager validation
E0285,Statistics,1,16,Manager validation
E0285,Data Storytelling,2,44,Manager validation
E0285,Power BI,1,45,Self-assessment
E0285,Power Query,1,11,Self-assessment
E0286,Excel,1,26,Project evidence
E0286,Project Management,1,14,Certification
E0286,Data Quality,2,41,Self-assessment
E0286,Stakeholder Management,1,31,Self-assessment
E0286,Communication,2,31,Project evidence
E0286,Forecasting,2,30,Manager validation
E0286,Power BI,3,43,Manager validation
E0286,Python,3,48,Certification
E0286,Statistics,1,29,Project evidence
E0287,Excel,1,42,Self-assessment
E0287,Business Acumen,3,17,Project evidence
E0287,Data Quality,1,30,Manager validation
E0287,Stakeholder Management,1,15,Certification
E0287,Data Storytelling,2,30,Manager validation
E0287,Power BI,3,5,Project evidence
E0288,Change Management,4,21,Self-assessment
E0288,Scenario Modeling,2,12,Project evidence
E0288,Power BI,2,22,Project evidence
E0288,Business Acumen,5,39,Manager validation
E0288,Data Quality,2,38,Manager validation
E0288,Stakeholder Management,4,48,Project evidence
E0288,Communication,2,40,Self-assessment
E0288,Data Storytelling,2,40,Manager validation
E0288,Project Management,1,16,Self-assessment
E0289,Change Management,3,18,Project evidence
E0289,Excel,4,30,Self-assessment
E0289,Business Acumen,5,12,Certification
E0289,Performance Analytics,1,28,Manager validation
E0289,Data Quality,2,32,Project evidence
E0289,Stakeholder Management,3,23,Self-assessment
E0289,Communication,1,30,Manager validation
E0289,Data Storytelling,3,17,Project evidence
E0289,Power BI,2,37,Project evidence
E0290,Excel,2,41,Self-assessment
E0290,Business Acumen,2,35,Manager validation
E0290,Employee Engagement,1,33,Manager validation
E0290,Communication,2,48,Manager validation
E0290,Data Storytelling,2,30,Project evidence
E0290,Power BI,3,19,Self-assessment
E0290,Python,1,42,Self-assessment
E0290,Data Modeling,3,17,Manager validation
E0291,SQL,3,6,Self-assessment
E0291,Business Acumen,2,28,Manager validation
E0291,Data Quality,2,7,Self-assessment
E0291,Data Modeling,4,17,Self-assessment
E0291,Data Governance,3,17,Certification
E0291,Generative AI,4,45,Manager validation
E0291,Project Management,3,35,Self-assessment
E0291,Python,4,31,Self-assessment
E0292,SQL,2,26,Self-assessment
E0292,Power BI,1,13,Self-assessment
E0292,Performance Analytics,3,15,Manager validation
E0292,HRIS,4,45,Self-assessment
E0292,Stakeholder Management,2,5,Manager validation
E0292,Workforce Planning,3,15,Self-assessment
E0292,People Analytics,4,8,Certification
E0292,Talent Analytics,4,21,Self-assessment
E0292,Communication,3,44,Manager validation
E0292,Statistics,1,34,Project evidence
E0292,Project Management,3,10,Certification
E0293,SQL,5,3,Manager validation
E0293,Business Acumen,2,47,Project evidence
E0293,NLP,4,12,Manager validation
E0293,Machine Learning,3,24,Certification
E0293,Generative AI,3,44,Certification
E0293,Communication,4,46,Self-assessment
E0293,Project Management,3,27,Manager validation
E0293,Python,4,29,Project evidence
E0294,Excel,2,45,Self-assessment
E0294,Power BI,1,31,Self-assessment
E0294,Stakeholder Management,3,5,Certification
E0294,Generative AI,3,35,Project evidence
E0294,Data Storytelling,1,12,Project evidence
E0294,Project Management,2,18,Manager validation
E0295,SQL,3,30,Self-assessment
E0295,HR Data Management,2,27,Project evidence
E0295,Performance Analytics,2,10,Project evidence
E0295,Data Quality,2,29,Project evidence
E0295,Employee Engagement,3,43,Manager validation
E0295,HRIS,2,9,Manager validation
E0295,Stakeholder Management,3,45,Certification
E0295,Workforce Planning,4,41,Certification
E0295,Data Visualization,2,7,Self-assessment
E0295,Data Storytelling,3,21,Manager validation
E0295,Project Management,1,44,Project evidence
E0296,Change Management,4,23,Project evidence
E0296,Excel,2,24,Self-assessment
E0296,Scenario Modeling,2,27,Manager validation
E0296,Business Acumen,3,5,Self-assessment
E0296,Data Quality,3,20,Project evidence
E0296,Stakeholder Management,4,33,Certification
E0296,Data Storytelling,4,37,Project evidence
E0296,Forecasting,2,41,Project evidence
E0296,Project Management,1,33,Self-assessment
E0297,Change Management,5,7,Self-assessment
E0297,Business Acumen,2,38,Manager validation
E0297,Data Quality,3,29,Self-assessment
E0297,Stakeholder Management,5,18,Self-assessment
E0297,Data Visualization,2,38,Manager validation
E0297,Statistics,2,4,Manager validation
E0297,Communication,2,4,Manager validation
E0297,Data Storytelling,4,24,Self-assessment
E0297,Power BI,3,9,Project evidence
E0298,SQL,4,3,Manager validation
E0298,Excel,2,39,Self-assessment
E0298,Data Modeling,3,30,Project evidence
E0298,NLP,2,44,Project evidence
E0298,Generative AI,4,20,Manager validation
E0298,Communication,1,26,Manager validation
E0298,Project Management,1,6,Manager validation
E0298,Python,4,44,Certification
E0298,Statistics,3,20,Certification
E0298,Power Query,4,17,Project evidence
E0299,Excel,2,36,Self-assessment
E0299,Data Quality,2,42,Manager validation
E0299,Stakeholder Management,1,4,Self-assessment
E0299,Data Governance,3,22,Manager validation
E0299,Communication,1,30,Self-assessment
E0299,Project Management,2,46,Manager validation
E0299,Internal Mobility,2,43,Manager validation
E0299,Workforce Planning,3,45,Self-assessment
E0300,Excel,1,35,Certification
E0300,Business Acumen,2,26,Certification
E0300,Project Management,2,9,Project evidence
E0300,Stakeholder Management,2,17,Self-assessment
E0300,Communication,2,5,Self-assessment
E0300,Power BI,2,35,Project evidence
E0300,Talent Intelligence,2,37,Self-assessment
E0300,Workforce Planning,2,28,Project evidence
E0301,Excel,1,38,Manager validation
E0301,Business Acumen,2,39,Project evidence
E0301,Employee Engagement,2,35,Manager validation
E0301,Communication,1,18,Project evidence
E0301,Data Storytelling,1,14,Manager validation
E0302,Change Management,5,22,Manager validation
E0302,Excel,3,21,Self-assessment
E0302,Business Acumen,5,4,Manager validation
E0302,Data Quality,2,20,Project evidence
E0302,Stakeholder Management,4,13,Certification
E0302,Data Governance,1,34,Manager validation
E0302,Data Storytelling,4,39,Manager validation
E0302,Project Management,2,22,Manager validation
E0302,Power BI,2,24,Self-assessment
E0302,DAX,1,14,Manager validation
E0303,SQL,3,34,Self-assessment
E0303,Excel,2,23,Project evidence
E0303,Business Acumen,2,16,Self-assessment
E0303,NLP,5,28,Manager validation
E0303,Machine Learning,2,39,Manager validation
E0303,Generative AI,5,48,Manager validation
E0303,Project Management,3,46,Certification
E0303,Python,5,48,Self-assessment
E0303,Power BI,2,13,Self-assessment
E0304,Change Management,4,29,Manager validation
E0304,Excel,1,41,Project evidence
E0304,Business Acumen,3,18,Manager validation
E0304,Performance Analytics,1,3,Self-assessment
E0304,Stakeholder Management,3,30,Self-assessment
E0304,Communication,1,25,Project evidence
E0304,Data Storytelling,4,14,Manager validation
E0304,Power BI,2,26,Self-assessment
E0304,Skills Gap Analysis,2,28,Project evidence
E0304,Internal Mobility,1,5,Project evidence
E0305,SQL,3,34,Project evidence
E0305,Data Quality,1,25,Manager validation
E0305,Data Governance,2,34,Project evidence
E0305,Machine Learning,4,16,Certification
E0305,Generative AI,3,15,Manager validation
E0305,Communication,3,21,Project evidence
E0305,Project Management,3,41,Manager validation
E0305,Python,4,32,Certification
E0305,Talent Intelligence,2,31,Manager validation
E0305,Internal Mobility,3,36,Self-assessment
E0306,SQL,5,30,Manager validation
E0306,Business Acumen,2,18,Project evidence
E0306,Data Modeling,4,38,Project evidence
E0306,Stakeholder Management,1,10,Manager validation
E0306,Data Governance,1,24,Self-assessment
E0306,Generative AI,4,35,Self-assessment
E0306,Project Management,3,28,Manager validation
E0306,Python,3,3,Self-assessment
E0307,Excel,2,9,Project evidence
E0307,Business Acumen,2,12,Project evidence
E0307,Performance Analytics,1,28,Self-assessment
E0307,Stakeholder Management,2,7,Self-assessment
E0307,Communication,2,12,Certification
E0307,Power BI,2,35,Manager validation
E0308,Change Management,3,28,Manager validation
E0308,Business Acumen,3,41,Project evidence
E0308,Data Quality,2,6,Certification
E0308,Stakeholder Management,4,38,Project evidence
E0308,Data Governance,3,43,Manager validation
E0308,Communication,1,39,Self-assessment
E0308,Data Storytelling,3,42,Self-assessment
E0308,Project Management,2,47,Manager validation
E0308,SQL,2,36,Project evidence
E0308,Python,1,42,Manager validation
E0309,SQL,3,18,Certification
E0309,HR Data Management,5,6,Manager validation
E0309,Change Management,3,22,Self-assessment
E0309,Power BI,2,22,Project evidence
E0309,Business Acumen,4,39,Project evidence
E0309,Data Quality,2,14,Self-assessment
E0309,Employee Engagement,3,18,Self-assessment
E0309,Recruiting Analytics,3,44,Self-assessment
E0309,Stakeholder Management,3,6,Manager validation
E0309,Learning Analytics,1,35,Self-assessment
E0309,Workforce Planning,4,34,Certification
E0309,Communication,2,33,Self-assessment
E0309,Data Storytelling,2,39,Self-assessment
E0309,Project Management,1,34,Manager validation
E0309,Python,1,46,Self-assessment
E0309,Skills Gap Analysis,2,9,Self-assessment
E0309,Talent Intelligence,2,19,Self-assessment
E0310,Change Management,2,44,Self-assessment
E0310,Excel,3,48,Self-assessment
E0310,Business Acumen,3,23,Certification
E0310,Project Management,1,48,Certification
E0310,Data Quality,1,9,Manager validation
E0310,Stakeholder Management,5,34,Self-assessment
E0310,Data Storytelling,5,25,Manager validation
E0310,Forecasting,2,5,Self-assessment
E0310,Power BI,2,41,Manager validation
E0311,SQL,4,8,Project evidence
E0311,Change Management,3,39,Project evidence
E0311,Excel,2,28,Self-assessment
E0311,Business Acumen,5,14,Manager validation
E0311,Data Quality,1,37,Manager validation
E0311,Data Modeling,3,44,Project evidence
E0311,NLP,2,13,Project evidence
E0311,Stakeholder Management,3,24,Self-assessment
E0311,Machine Learning,5,48,Certification
E0311,Communication,2,39,Manager validation
E0311,Data Storytelling,5,34,Manager validation
E0311,Python,4,22,Manager validation
E0312,Change Management,5,35,Manager validation
E0312,Business Acumen,3,18,Manager validation
E0312,Power BI,1,31,Self-assessment
E0312,Employee Engagement,1,4,Manager validation
E0312,Stakeholder Management,3,21,Manager validation
E0312,Data Storytelling,5,14,Self-assessment
E0312,Project Management,1,30,Self-assessment
E0313,SQL,2,11,Project evidence
E0313,Change Management,4,11,Self-assessment
E0313,Business Acumen,4,12,Self-assessment
E0313,Power BI,3,21,Self-assessment
E0313,Recruiting Analytics,3,31,Manager validation
E0313,Stakeholder Management,4,3,Self-assessment
E0313,Workforce Planning,2,15,Manager validation
E0313,Data Storytelling,4,35,Self-assessment
E0313,People Analytics,4,13,Self-assessment
E0313,Talent Analytics,3,12,Manager validation
E0313,Communication,2,40,Project evidence
E0313,Talent Management,4,41,Certification
E0313,Project Management,2,25,Self-assessment
E0314,SQL,4,8,Self-assessment
E0314,Change Management,5,30,Project evidence
E0314,Business Acumen,2,8,Manager validation
E0314,Data Modeling,3,32,Self-assessment
E0314,Stakeholder Management,4,26,Certification
E0314,Machine Learning,5,17,Manager validation
E0314,Data Governance,1,10,Project evidence
E0314,Generative AI,4,5,Manager validation
E0314,Communication,4,19,Self-assessment
E0314,Data Storytelling,4,41,Project evidence
E0314,DAX,2,43,Manager validation
E0315,Excel,2,46,Project evidence
E0315,Data Modeling,5,46,Manager validation
E0315,Stakeholder Management,2,45,Certification
E0315,Machine Learning,4,16,Manager validation
E0315,Data Governance,1,46,Manager validation
E0315,Generative AI,3,47,Manager validation
E0315,Project Management,2,3,Certification
E0315,Python,4,16,Project evidence
E0315,SQL,2,35,Self-assessment
E0315,Power Query,2,34,Manager validation
E0316,Excel,3,13,Project evidence
E0316,Business Acumen,2,40,Self-assessment
E0316,Data Quality,2,41,Certification
E0316,Data Modeling,4,37,Project evidence
E0316,NLP,4,24,Project evidence
E0316,Data Governance,2,26,Manager validation
E0316,Machine Learning,4,19,Self-assessment
E0316,Python,4,47,Self-assessment
E0316,Statistics,1,20,Certification
E0316,SQL,4,39,Manager validation
E0317,Excel,3,18,Self-assessment
E0317,Performance Analytics,3,32,Manager validation
E0317,Stakeholder Management,2,35,Certification
E0317,Communication,2,45,Project evidence
E0317,Data Storytelling,2,37,Manager validation
E0317,Power BI,1,26,Self-assessment
E0318,Excel,3,36,Project evidence
E0318,Power BI,1,35,Project evidence
E0318,Stakeholder Management,2,6,Project evidence
E0318,Communication,3,7,Manager validation
E0318,Forecasting,1,20,Certification
E0318,Project Management,1,13,Project evidence
E0319,Excel,3,18,Manager validation
E0319,Power BI,3,22,Project evidence
E0319,Data Quality,4,47,Manager validation
E0319,Stakeholder Management,2,6,Self-assessment
E0319,Data Storytelling,2,27,Self-assessment
E0319,Project Management,2,29,Manager validation
E0319,DAX,1,22,Manager validation
E0320,SQL,3,45,Self-assessment
E0320,Business Acumen,2,21,Certification
E0320,Data Quality,2,25,Manager validation
E0320,Data Modeling,4,45,Self-assessment
E0320,Stakeholder Management,2,33,Self-assessment
E0320,Machine Learning,4,17,Self-assessment
E0320,Data Governance,3,24,Manager validation
E0320,Python,4,45,Self-assessment
E0320,Power BI,1,16,Project evidence
E0320,Internal Mobility,2,36,Project evidence
E0320,People Analytics,2,46,Project evidence
E0321,Excel,2,47,Self-assessment
E0321,Business Acumen,2,35,Self-assessment
E0321,Data Modeling,4,14,Project evidence
E0321,NLP,4,43,Self-assessment
E0321,Stakeholder Management,1,47,Manager validation
E0321,Data Governance,2,39,Self-assessment
E0321,Machine Learning,5,21,Manager validation
E0321,Python,4,45,Manager validation
E0322,Excel,2,10,Manager validation
E0322,Business Acumen,2,41,Manager validation
E0322,Power BI,3,13,Certification
E0322,Performance Analytics,3,33,Manager validation
E0322,Stakeholder Management,2,45,Manager validation
E0322,Communication,2,21,Manager validation
E0322,Project Management,1,31,Project evidence
E0323,Change Management,4,15,Certification
E0323,Excel,2,39,Manager validation
E0323,Business Acumen,4,8,Certification
E0323,Data Quality,2,32,Project evidence
E0323,Employee Engagement,2,21,Self-assessment
E0323,Stakeholder Management,4,30,Manager validation
E0323,Communication,2,7,Certification
E0323,Data Storytelling,5,24,Manager validation
E0323,Power BI,1,17,Manager validation
E0323,People Analytics,4,31,Manager validation
E0323,Skills Gap Analysis,2,30,Manager validation
E0324,Change Management,3,11,Self-assessment
E0324,Excel,3,44,Project evidence
E0324,Scenario Modeling,1,42,Project evidence
E0324,Business Acumen,4,7,Self-assessment
E0324,Project Management,3,35,Self-assessment
E0324,Data Quality,1,5,Project evidence
E0324,Stakeholder Management,4,9,Project evidence
E0324,Data Storytelling,2,23,Project evidence
E0324,Power BI,3,42,Self-assessment
E0324,Python,2,33,Manager validation
E0324,Data Modeling,2,9,Certification
E0325,Excel,3,6,Manager validation
E0325,Business Acumen,3,20,Manager validation
E0325,Employee Engagement,2,33,Certification
E0325,Stakeholder Management,3,22,Project evidence
E0325,Communication,1,18,Manager validation
E0325,Data Storytelling,3,5,Certification
E0325,Project Management,3,38,Project evidence
E0325,Workforce Planning,2,10,Manager validation
E0325,Talent Intelligence,1,10,Self-assessment
E0326,Excel,2,14,Manager validation
E0326,Business Acumen,3,34,Self-assessment
E0326,Performance Analytics,3,47,Manager validation
E0326,Stakeholder Management,2,8,Manager validation
E0326,Power BI,2,14,Certification
E0327,Change Management,3,16,Project evidence
E0327,Business Acumen,3,46,Certification
E0327,Data Quality,1,42,Self-assessment
E0327,Employee Engagement,3,11,Project evidence
E0327,Stakeholder Management,4,9,Manager validation
E0327,Communication,1,24,Project evidence
E0327,Data Storytelling,3,43,Manager validation
E0327,Power BI,3,48,Manager validation
E0328,Excel,2,22,Manager validation
E0328,Business Acumen,3,9,Project evidence
E0328,Performance Analytics,3,20,Self-assessment
E0328,Data Storytelling,2,26,Self-assessment
E0328,Project Management,1,8,Manager validation
E0328,Power Query,2,23,Self-assessment
E0328,Power BI,1,47,Self-assessment
E0329,Excel,1,20,Self-assessment
E0329,Data Quality,2,37,Manager validation
E0329,Employee Engagement,3,18,Certification
E0329,Stakeholder Management,3,32,Self-assessment
E0329,Communication,2,13,Self-assessment
E0329,Power BI,1,39,Manager validation
E0329,People Analytics,1,38,Self-assessment
E0329,Internal Mobility,2,37,Self-assessment
E0330,Excel,1,26,Project evidence
E0330,Business Acumen,2,8,Manager validation
E0330,Power BI,1,29,Manager validation
E0330,Performance Analytics,2,10,Certification
E0330,Data Quality,1,23,Manager validation
E0330,Stakeholder Management,2,18,Self-assessment
E0330,Project Management,2,46,Self-assessment
E0331,Change Management,2,26,Project evidence
E0331,Business Acumen,4,26,Self-assessment
E0331,Power BI,1,48,Manager validation
E0331,Employee Engagement,1,29,Self-assessment
E0331,Stakeholder Management,4,18,Self-assessment
E0331,Communication,2,44,Manager validation
E0331,Data Storytelling,3,20,Self-assessment
E0331,Project Management,3,43,Self-assessment
E0331,DAX,2,17,Self-assessment
E0331,Statistics,1,42,Certification
E0332,Change Management,5,31,Self-assessment
E0332,Excel,3,40,Project evidence
E0332,Business Acumen,5,48,Manager validation
E0332,Data Quality,1,17,Manager validation
E0332,Stakeholder Management,3,14,Project evidence
E0332,Data Visualization,2,37,Manager validation
E0332,Data Storytelling,2,5,Certification
E0332,Forecasting,1,12,Certification
E0332,Power BI,1,34,Project evidence
E0333,Business Acumen,2,44,Self-assessment
E0333,Data Quality,3,35,Manager validation
E0333,Data Modeling,4,38,Self-assessment
E0333,NLP,3,46,Project evidence
E0333,Stakeholder Management,2,29,Certification
E0333,Machine Learning,3,42,Self-assessment
E0333,Data Governance,3,30,Manager validation
E0333,Python,3,46,Project evidence
E0333,Power Query,1,45,Project evidence
E0333,DAX,1,21,Self-assessment
E0334,SQL,3,42,Manager validation
E0334,Change Management,4,32,Self-assessment
E0334,Business Acumen,3,22,Manager validation
E0334,Data Quality,1,28,Manager validation
E0334,Data Modeling,4,18,Manager validation
E0334,Stakeholder Management,5,39,Project evidence
E0334,Machine Learning,4,18,Project evidence
E0334,Generative AI,2,41,Certification
E0334,Communication,3,7,Project evidence
E0334,Data Storytelling,3,41,Self-assessment
E0334,Python,3,11,Self-assessment
E0334,Power BI,2,48,Manager validation
E0334,Power Query,1,11,Project evidence
E0335,Excel,2,15,Manager validation
E0335,Scenario Modeling,3,15,Project evidence
E0335,Data Quality,1,21,Manager validation
E0335,Stakeholder Management,2,31,Certification
E0335,Data Visualization,2,22,Self-assessment
E0335,Statistics,1,19,Certification
E0335,Power BI,3,36,Manager validation
E0336,Business Acumen,2,26,Project evidence
E0336,Data Quality,2,29,Manager validation
E0336,Stakeholder Management,1,38,Project evidence
E0336,Communication,2,13,Project evidence
E0336,Data Storytelling,3,20,Self-assessment
E0336,Power BI,2,35,Self-assessment
E0336,Data Modeling,3,36,Certification
E0336,Python,1,22,Self-assessment
E0337,SQL,5,25,Self-assessment
E0337,Data Quality,3,43,Certification
E0337,Data Modeling,4,11,Manager validation
E0337,NLP,3,31,Manager validation
E0337,Stakeholder Management,1,45,Self-assessment
E0337,Machine Learning,4,18,Self-assessment
E0337,Project Management,2,11,Self-assessment
E0337,Python,4,15,Self-assessment
E0337,Talent Intelligence,2,25,Self-assessment
E0337,Skills Gap Analysis,1,46,Project evidence
E0338,SQL,3,27,Self-assessment
E0338,Data Quality,1,7,Self-assessment
E0338,NLP,1,42,Self-assessment
E0338,Stakeholder Management,3,5,Manager validation
E0338,Data Governance,4,24,Self-assessment
E0338,Machine Learning,5,48,Self-assessment
E0338,Generative AI,3,34,Self-assessment
E0338,Communication,3,14,Project evidence
E0338,Statistics,1,9,Self-assessment
E0338,Data Modeling,4,37,Certification
E0339,Excel,3,27,Self-assessment
E0339,Business Acumen,1,16,Self-assessment
E0339,Stakeholder Management,2,10,Self-assessment
E0339,Generative AI,2,23,Self-assessment
E0339,Statistics,3,21,Project evidence
E0339,Data Visualization,2,26,Manager validation
E0339,Project Management,1,47,Manager validation
E0340,Excel,3,46,Manager validation
E0340,Scenario Modeling,2,18,Self-assessment
E0340,Business Acumen,3,13,Project evidence
E0340,Stakeholder Management,1,46,Project evidence
E0340,Data Visualization,1,34,Self-assessment
E0340,Statistics,1,20,Manager validation
E0340,Power BI,2,7,Project evidence
E0340,Python,1,17,Project evidence
E0341,Excel,2,23,Manager validation
E0341,Business Acumen,3,16,Project evidence
E0341,Performance Analytics,2,32,Self-assessment
E0341,Project Management,2,25,Certification
E0341,Stakeholder Management,1,17,Self-assessment
E0341,Power BI,2,10,Certification
E0342,Excel,2,11,Manager validation
E0342,Business Acumen,3,31,Certification
E0342,Performance Analytics,2,48,Project evidence
E0342,Stakeholder Management,1,48,Project evidence
E0342,Communication,3,48,Self-assessment
E0342,Data Storytelling,1,27,Project evidence
E0342,Power BI,2,44,Certification
E0342,Internal Mobility,2,11,Certification
E0342,Skills Gap Analysis,1,30,Self-assessment
E0343,Change Management,4,18,Project evidence
E0343,Business Acumen,3,32,Project evidence
E0343,Data Quality,2,41,Manager validation
E0343,Stakeholder Management,3,5,Project evidence
E0343,Data Governance,2,41,Project evidence
E0343,Communication,2,8,Manager validation
E0343,Data Storytelling,2,18,Self-assessment
E0343,Project Management,3,48,Manager validation
E0344,Change Management,2,11,Certification
E0344,Business Acumen,3,27,Manager validation
E0344,Employee Engagement,2,10,Self-assessment
E0344,Stakeholder Management,4,4,Project evidence
E0344,Communication,3,21,Project evidence
E0344,Data Storytelling,5,39,Self-assessment
E0344,Power BI,1,12,Certification
E0345,Business Acumen,2,27,Self-assessment
E0345,Stakeholder Management,1,25,Project evidence
E0345,Data Visualization,2,46,Manager validation
E0345,Communication,2,5,Self-assessment
E0345,Statistics,1,13,Self-assessment
E0345,Forecasting,2,44,Manager validation
E0345,Power BI,1,26,Self-assessment
E0345,Data Modeling,2,39,Project evidence
E0345,SQL,3,9,Manager validation
E0345,Workforce Planning,2,45,Project evidence
E0345,Talent Intelligence,2,32,Manager validation
E0346,Excel,3,23,Manager validation
E0346,Business Acumen,3,25,Certification
E0346,Power BI,1,19,Self-assessment
E0346,Performance Analytics,1,11,Manager validation
E0346,Data Quality,3,48,Project evidence
E0346,Stakeholder Management,3,11,Self-assessment
E0346,Project Management,1,38,Manager validation
E0346,Statistics,2,8,Self-assessment
E0347,Excel,2,15,Self-assessment
E0347,Power BI,3,14,Manager validation
E0347,Employee Engagement,3,8,Manager validation
E0347,Communication,1,34,Self-assessment
E0347,Data Storytelling,1,5,Certification
E0347,Project Management,2,40,Manager validation
E0347,Python,3,20,Manager validation
E0347,Data Modeling,3,5,Manager validation
E0348,HR Data Management,3,37,Manager validation
E0348,Change Management,4,21,Project evidence
E0348,Excel,3,13,Certification
E0348,Business Acumen,3,5,Manager validation
E0348,Employee Engagement,4,18,Project evidence
E0348,Stakeholder Management,4,28,Project evidence
E0348,Learning Analytics,1,27,Manager validation
E0348,Data Storytelling,4,12,Self-assessment
E0348,People Analytics,3,20,Project evidence
E0348,Data Visualization,2,5,Manager validation
E0348,Statistics,3,34,Self-assessment
E0348,Talent Management,3,32,Project evidence
E0348,Project Management,1,44,Certification
E0348,Power BI,2,25,Self-assessment
E0348,SQL,3,23,Self-assessment
E0349,Scenario Modeling,2,23,Manager validation
E0349,Data Quality,1,8,Project evidence
E0349,Stakeholder Management,1,15,Project evidence
E0349,Statistics,2,31,Project evidence
E0349,Communication,1,42,Manager validation
E0349,Data Visualization,1,12,Project evidence
E0349,Power BI,2,48,Self-assessment
E0350,Business Acumen,3,34,Manager validation
E0350,Project Management,2,46,Project evidence
E0350,Performance Analytics,3,28,Self-assessment
E0350,Stakeholder Management,2,37,Project evidence
E0350,Communication,2,40,Self-assessment
E0350,Data Storytelling,2,22,Self-assessment
E0350,Power BI,3,14,Self-assessment
E0350,Talent Intelligence,2,44,Self-assessment
E0350,Internal Mobility,1,39,Self-assessment
E0351,Change Management,4,47,Certification
E0351,Excel,2,6,Manager validation
E0351,Business Acumen,4,12,Project evidence
E0351,Project Management,1,33,Self-assessment
E0351,Data Quality,3,26,Self-assessment
E0351,Stakeholder Management,2,17,Self-assessment
E0351,Communication,3,41,Self-assessment
E0351,Data Storytelling,4,41,Manager validation
E0351,Power BI,2,46,Certification
E0352,SQL,2,15,Certification
E0352,Business Acumen,3,27,Certification
E0352,NLP,2,7,Manager validation
E0352,Data Governance,3,34,Self-assessment
E0352,Generative AI,4,28,Self-assessment
E0352,Communication,2,3,Project evidence
E0352,Project Management,2,34,Certification
E0352,Python,4,25,Self-assessment
E0352,People Analytics,2,11,Project evidence
E0352,Workforce Planning,4,29,Self-assessment
E0353,Excel,1,28,Manager validation
E0353,Business Acumen,3,43,Self-assessment
E0353,Project Management,2,32,Project evidence
E0353,Communication,1,12,Certification
E0353,Power BI,1,19,Certification
E0353,Data Modeling,2,46,Self-assessment
E0353,Skills Gap Analysis,3,32,Self-assessment
E0353,Workforce Planning,1,17,Self-assessment
E0354,Excel,3,40,Manager validation
E0354,Business Acumen,2,41,Certification
E0354,Data Quality,2,35,Self-assessment
E0354,Stakeholder Management,2,47,Project evidence
E0354,Communication,2,21,Project evidence
E0354,Project Management,4,32,Manager validation
E0354,Internal Mobility,2,19,Self-assessment
E0354,Workforce Planning,3,9,Self-assessment
E0355,Change Management,4,12,Manager validation
E0355,Excel,1,21,Self-assessment
E0355,Business Acumen,3,34,Project evidence
E0355,Data Quality,2,29,Self-assessment
E0355,Employee Engagement,3,13,Manager validation
E0355,Stakeholder Management,3,3,Self-assessment
E0355,Data Storytelling,2,18,Project evidence
E0356,SQL,2,4,Manager validation
E0356,Excel,2,27,Manager validation
E0356,Performance Analytics,4,40,Certification
E0356,Data Quality,1,17,Manager validation
E0356,Recruiting Analytics,4,34,Manager validation
E0356,Workforce Planning,3,36,Manager validation
E0356,Data Storytelling,2,38,Self-assessment
E0356,Talent Analytics,4,11,Project evidence
E0356,Data Visualization,4,19,Manager validation
E0356,Communication,3,21,Self-assessment
E0356,Talent Management,3,9,Self-assessment
E0357,SQL,5,22,Self-assessment
E0357,Excel,3,27,Self-assessment
E0357,Data Quality,2,12,Manager validation
E0357,Data Modeling,2,18,Project evidence
E0357,Data Governance,1,36,Self-assessment
E0357,Machine Learning,3,10,Project evidence
E0357,Communication,3,29,Project evidence
E0357,Python,3,45,Self-assessment
E0358,Data Storytelling,1,38,Project evidence
E0358,Excel,1,16,Self-assessment
E0358,Stakeholder Management,2,41,Self-assessment
E0358,Business Acumen,2,13,Project evidence
E0359,Excel,1,7,Certification
E0359,Performance Analytics,3,29,Project evidence
E0359,Data Quality,1,23,Project evidence
E0359,Stakeholder Management,3,19,Project evidence
E0359,Data Storytelling,1,11,Self-assessment
E0359,Power BI,1,31,Project evidence
E0360,Excel,3,25,Self-assessment
E0360,Business Acumen,2,15,Self-assessment
E0360,Employee Engagement,2,38,Manager validation
E0360,Stakeholder Management,3,42,Self-assessment
E0360,Communication,2,37,Self-assessment
E0360,Power BI,2,8,Self-assessment
E0360,Talent Intelligence,1,3,Project evidence
E0360,People Analytics,2,8,Self-assessment
E0361,HR Data Management,3,5,Manager validation
E0361,Business Acumen,2,35,Self-assessment
E0361,Data Quality,3,18,Manager validation
E0361,Employee Engagement,2,10,Certification
E0361,HRIS,4,14,Project evidence
E0361,Workforce Planning,3,32,Certification
E0361,Talent Analytics,4,47,Manager validation
E0361,Statistics,3,48,Manager validation
E0361,Communication,2,23,Self-assessment
E0361,Data Storytelling,1,33,Self-assessment
E0361,Power BI,1,13,Self-assessment
E0362,Excel,3,12,Manager validation
E0362,Business Acumen,3,12,Self-assessment
E0362,Performance Analytics,2,11,Certification
E0362,Data Quality,1,10,Certification
E0362,Stakeholder Management,3,40,Project evidence
E0362,Project Management,3,41,Certification
E0363,Business Acumen,3,45,Self-assessment
E0363,Performance Analytics,3,40,Manager validation
E0363,Data Quality,2,10,Project evidence
E0363,Communication,2,13,Project evidence
E0363,Data Storytelling,1,26,Self-assessment
E0363,Power BI,3,31,Self-assessment
E0364,Excel,3,13,Project evidence
E0364,Business Acumen,1,47,Project evidence
E0364,Performance Analytics,2,46,Manager validation
E0364,Data Quality,2,9,Certification
E0364,Communication,1,31,Manager validation
E0364,Data Storytelling,3,26,Manager validation
E0364,Project Management,2,47,Project evidence
E0365,Excel,4,14,Manager validation
E0365,Data Quality,2,26,Manager validation
E0365,Stakeholder Management,1,15,Manager validation
E0365,Generative AI,2,44,Manager validation
E0365,Statistics,3,42,Manager validation
E0365,Data Visualization,1,9,Manager validation
E0365,Data Storytelling,1,15,Self-assessment
E0365,Power BI,2,40,Project evidence
E0365,Python,2,40,Certification
E0366,Excel,2,13,Self-assessment
E0366,Scenario Modeling,2,9,Self-assessment
E0366,Data Quality,3,18,Self-assessment
E0366,Communication,2,16,Certification
E0366,Forecasting,1,30,Self-assessment
E0366,Project Management,4,11,Certification
E0367,Business Acumen,2,34,Self-assessment
E0367,Employee Engagement,2,6,Self-assessment
E0367,Stakeholder Management,2,11,Self-assessment
E0367,Communication,1,8,Manager validation
E0367,Data Storytelling,2,9,Self-assessment
E0367,Power BI,2,9,Self-assessment
E0368,Excel,3,29,Self-assessment
E0368,Project Management,3,18,Self-assessment
E0368,Data Quality,2,14,Manager validation
E0368,Statistics,3,31,Project evidence
E0368,Data Storytelling,3,12,Self-assessment
E0368,Power BI,3,38,Manager validation
E0369,Change Management,4,13,Project evidence
E0369,Excel,1,23,Self-assessment
E0369,Scenario Modeling,1,16,Manager validation
E0369,Business Acumen,4,4,Manager validation
E0369,Data Quality,2,37,Certification
E0369,Stakeholder Management,3,8,Certification
E0369,Data Storytelling,3,17,Certification
E0369,Forecasting,3,27,Manager validation
E0369,Project Management,2,16,Manager validation
E0369,Power BI,3,16,Self-assessment
E0369,Data Modeling,1,38,Project evidence
E0370,Excel,3,36,Certification
E0370,Business Acumen,2,41,Manager validation
E0370,Performance Analytics,2,9,Manager validation
E0370,Data Quality,3,36,Self-assessment
E0370,Data Storytelling,1,37,Self-assessment
E0370,Project Management,3,32,Manager validation
E0370,Power Query,3,22,Manager validation
E0370,Statistics,1,12,Project evidence
E0371,Excel,2,37,Certification
E0371,Scenario Modeling,2,7,Certification
E0371,Business Acumen,1,27,Project evidence
E0371,Data Quality,4,12,Manager validation
E0371,Forecasting,3,34,Self-assessment
E0371,Project Management,3,25,Project evidence
E0372,Change Management,4,12,Manager validation
E0372,Excel,1,10,Self-assessment
E0372,Business Acumen,3,20,Self-assessment
E0372,Stakeholder Management,4,44,Self-assessment
E0372,Data Storytelling,4,22,Self-assessment
E0372,Power BI,2,32,Manager validation
E0373,Change Management,4,3,Certification
E0373,Excel,3,26,Self-assessment
E0373,Scenario Modeling,3,22,Self-assessment
E0373,Business Acumen,2,22,Project evidence
E0373,Stakeholder Management,5,42,Self-assessment
E0373,Statistics,2,9,Project evidence
E0373,Data Storytelling,5,46,Project evidence
E0373,Forecasting,3,12,Manager validation
E0374,Excel,2,35,Project evidence
E0374,Data Modeling,2,31,Manager validation
E0374,NLP,4,17,Manager validation
E0374,Stakeholder Management,1,30,Certification
E0374,Data Governance,5,5,Manager validation
E0374,Generative AI,5,38,Manager validation
E0374,Project Management,2,7,Certification
E0374,Python,4,19,Self-assessment
E0374,DAX,4,26,Self-assessment
E0375,Change Management,4,17,Project evidence
E0375,Excel,4,21,Manager validation
E0375,Business Acumen,3,43,Self-assessment
E0375,Employee Engagement,1,11,Manager validation
E0375,Stakeholder Management,2,9,Certification
E0375,Data Storytelling,3,9,Project evidence
E0375,Power BI,2,32,Project evidence
E0375,Power Query,1,8,Manager validation
E0375,Statistics,1,17,Self-assessment
E0375,Skills Gap Analysis,3,17,Self-assessment
E0375,Workforce Planning,3,21,Self-assessment
E0376,Excel,1,26,Self-assessment
E0376,NLP,4,22,Manager validation
E0376,Machine Learning,4,15,Manager validation
E0376,Data Governance,2,16,Project evidence
E0376,Generative AI,4,35,Manager validation
E0376,Communication,3,15,Project evidence
E0376,Project Management,2,36,Manager validation
E0376,Python,3,19,Project evidence
E0377,Excel,3,14,Self-assessment
E0377,Business Acumen,3,28,Project evidence
E0377,Data Quality,2,47,Manager validation
E0377,Data Governance,1,14,Manager validation
E0377,Project Management,1,47,Manager validation
E0377,Workforce Planning,1,9,Manager validation
E0377,Internal Mobility,1,3,Self-assessment
E0378,HR Data Management,3,18,Manager validation
E0378,Excel,1,30,Manager validation
E0378,Performance Analytics,3,3,Self-assessment
E0378,Data Quality,1,42,Self-assessment
E0378,HRIS,3,40,Manager validation
E0378,Learning Analytics,1,48,Self-assessment
E0378,Data Storytelling,1,48,Project evidence
E0378,Statistics,2,31,Self-assessment
E0378,Communication,3,41,Project evidence
E0378,Data Visualization,1,44,Certification
E0378,Talent Management,2,31,Project evidence
E0378,Python,1,30,Manager validation
E0379,Excel,3,12,Manager validation
E0379,Stakeholder Management,2,9,Manager validation
E0379,Data Governance,2,39,Manager validation
E0379,Communication,2,10,Manager validation
E0379,Project Management,1,3,Project evidence
E0379,Internal Mobility,2,42,Project evidence
E0379,Talent Intelligence,2,29,Self-assessment
E0380,Scenario Modeling,3,16,Self-assessment
E0380,Business Acumen,2,23,Certification
E0380,Power BI,3,35,Self-assessment
E0380,Data Quality,2,11,Certification
E0380,Forecasting,3,46,Self-assessment
E0380,Project Management,1,26,Certification
E0381,Excel,3,27,Manager validation
E0381,Data Quality,1,43,Project evidence
E0381,NLP,5,15,Certification
E0381,Data Governance,2,28,Self-assessment
E0381,Machine Learning,4,35,Manager validation
E0381,Generative AI,4,23,Self-assessment
E0381,Project Management,3,12,Self-assessment
E0381,Python,3,10,Certification
E0382,Excel,3,15,Self-assessment
E0382,Scenario Modeling,3,17,Self-assessment
E0382,Project Management,2,38,Project evidence
E0382,Data Quality,2,39,Self-assessment
E0382,Communication,1,46,Manager validation
E0382,Forecasting,1,31,Self-assessment
E0382,Power BI,2,23,Self-assessment
E0383,Excel,2,32,Certification
E0383,Business Acumen,2,32,Project evidence
E0383,Performance Analytics,4,7,Self-assessment
E0383,Stakeholder Management,1,31,Self-assessment
E0383,Communication,2,18,Certification
E0383,Project Management,2,27,Manager validation
E0384,Excel,2,33,Manager validation
E0384,Business Acumen,2,29,Project evidence
E0384,Data Modeling,4,15,Manager validation
E0384,NLP,3,39,Project evidence
E0384,Machine Learning,3,17,Self-assessment
E0384,Data Governance,1,27,Certification
E0384,Generative AI,3,42,Project evidence
E0384,Communication,3,7,Project evidence
E0384,Internal Mobility,2,26,Self-assessment
E0384,Workforce Planning,2,12,Manager validation
E0385,Excel,3,3,Manager validation
E0385,Business Acumen,2,40,Manager validation
E0385,Performance Analytics,1,27,Manager validation
E0385,Data Quality,2,47,Self-assessment
E0385,Power BI,2,31,Project evidence
E0385,Talent Intelligence,2,26,Manager validation
E0385,Workforce Planning,2,41,Project evidence
E0386,Scenario Modeling,3,25,Manager validation
E0386,Business Acumen,3,28,Manager validation
E0386,Power BI,2,40,Certification
E0386,Stakeholder Management,2,42,Manager validation
E0386,Forecasting,4,39,Certification
E0386,Project Management,2,45,Manager validation
E0386,Power Query,1,23,Manager validation
E0386,SQL,3,46,Certification
E0387,SQL,3,9,Manager validation
E0387,Change Management,3,6,Project evidence
E0387,Excel,2,34,Manager validation
E0387,Business Acumen,4,45,Self-assessment
E0387,NLP,3,40,Manager validation
E0387,Stakeholder Management,4,13,Certification
E0387,Data Governance,1,32,Self-assessment
E0387,Generative AI,2,34,Project evidence
E0387,Communication,1,27,Self-assessment
E0387,Data Storytelling,4,37,Manager validation
E0387,Python,2,21,Manager validation
E0387,Power BI,1,14,Project evidence
E0387,Power Query,2,22,Certification
E0388,SQL,5,43,Project evidence
E0388,Change Management,4,32,Project evidence
E0388,Excel,1,37,Self-assessment
E0388,Business Acumen,3,18,Self-assessment
E0388,Data Quality,3,32,Manager validation
E0388,Data Modeling,5,35,Self-assessment
E0388,Stakeholder Management,3,47,Self-assessment
E0388,Data Governance,3,28,Project evidence
E0388,Generative AI,2,19,Self-assessment
E0388,Data Storytelling,3,36,Manager validation
E0388,Python,4,4,Self-assessment
E0388,Power BI,2,46,Certification
E0388,DAX,3,44,Manager validation
E0389,Change Management,2,16,Project evidence
E0389,Excel,2,22,Project evidence
E0389,Business Acumen,5,39,Self-assessment
E0389,Data Quality,1,27,Self-assessment
E0389,Employee Engagement,3,35,Self-assessment
E0389,Stakeholder Management,3,8,Manager validation
E0389,Data Storytelling,4,34,Self-assessment
E0389,Project Management,1,43,Self-assessment
E0390,Excel,1,4,Project evidence
E0390,Data Modeling,3,44,Project evidence
E0390,NLP,4,3,Project evidence
E0390,Stakeholder Management,2,11,Project evidence
E0390,Data Governance,2,22,Self-assessment
E0390,Generative AI,3,14,Project evidence
E0390,Project Management,2,23,Self-assessment
E0390,Python,3,11,Self-assessment
E0390,Power BI,2,47,Manager validation
E0391,Excel,2,47,Manager validation
E0391,Data Modeling,2,31,Project evidence
E0391,Machine Learning,4,10,Self-assessment
E0391,Data Governance,3,30,Manager validation
E0391,Generative AI,4,48,Self-assessment
E0391,Communication,1,5,Self-assessment
E0391,Project Management,2,17,Certification
E0391,Python,5,7,Certification
E0392,SQL,3,5,Certification
E0392,Change Management,5,11,Project evidence
E0392,Business Acumen,4,29,Self-assessment
E0392,NLP,3,6,Project evidence
E0392,Stakeholder Management,3,3,Certification
E0392,Machine Learning,4,33,Self-assessment
E0392,Data Governance,1,39,Certification
E0392,Communication,2,44,Self-assessment
E0392,Data Storytelling,3,8,Project evidence
E0392,Python,5,28,Manager validation
E0393,Scenario Modeling,1,19,Manager validation
E0393,Business Acumen,1,35,Manager validation
E0393,Stakeholder Management,2,36,Project evidence
E0393,Data Visualization,2,15,Project evidence
E0393,Statistics,2,45,Manager validation
E0393,Forecasting,1,8,Project evidence
E0393,Project Management,1,19,Self-assessment
E0393,Talent Intelligence,3,37,Manager validation
E0393,Workforce Planning,4,9,Certification
E0394,Change Management,4,38,Project evidence
E0394,Business Acumen,5,34,Certification
E0394,Data Quality,2,4,Project evidence
E0394,Stakeholder Management,5,40,Self-assessment
E0394,Data Governance,2,17,Self-assessment
E0394,Communication,2,4,Manager validation
E0394,Data Storytelling,3,19,Project evidence
E0394,Project Management,2,16,Certification
E0394,Statistics,1,5,Project evidence
E0394,DAX,2,6,Self-assessment
E0394,Internal Mobility,1,34,Self-assessment
E0394,Skills Gap Analysis,1,32,Certification
E0395,SQL,3,43,Project evidence
E0395,Excel,3,40,Manager validation
E0395,Business Acumen,3,30,Certification
E0395,NLP,2,12,Manager validation
E0395,Stakeholder Management,2,40,Self-assessment
E0395,Machine Learning,3,38,Certification
E0395,Generative AI,3,6,Project evidence
E0395,Python,3,4,Project evidence
E0395,Workforce Planning,1,18,Self-assessment
E0395,Skills Gap Analysis,3,10,Certification
E0396,SQL,3,6,Self-assessment
E0396,Data Quality,2,27,Project evidence
E0396,NLP,3,48,Certification
E0396,Stakeholder Management,2,20,Manager validation
E0396,Data Governance,1,8,Manager validation
E0396,Generative AI,4,41,Project evidence
E0396,Project Management,3,33,Certification
E0396,Python,5,20,Project evidence
E0397,Excel,1,15,Self-assessment
E0397,Business Acumen,1,19,Self-assessment
E0397,Stakeholder Management,3,45,Manager validation
E0397,Data Visualization,1,42,Self-assessment
E0397,Statistics,2,39,Self-assessment
E0397,Data Storytelling,4,39,Self-assessment
E0397,Power BI,3,25,Self-assessment
E0398,Change Management,4,23,Self-assessment
E0398,Excel,2,34,Self-assessment
E0398,Business Acumen,3,40,Self-assessment
E0398,Performance Analytics,2,36,Self-assessment
E0398,Data Quality,2,42,Manager validation
E0398,Stakeholder Management,4,45,Certification
E0398,Data Storytelling,3,13,Manager validation
E0398,Project Management,3,23,Manager validation
E0399,Excel,1,16,Certification
E0399,Stakeholder Management,1,7,Project evidence
E0399,Generative AI,1,13,Self-assessment
E0399,Statistics,2,30,Self-assessment
E0399,Data Storytelling,1,34,Project evidence
E0399,Project Management,1,42,Manager validation
E0399,Talent Intelligence,4,34,Self-assessment
E0399,People Analytics,2,5,Self-assessment
E0400,Excel,3,18,Manager validation
E0400,Scenario Modeling,1,21,Project evidence
E0400,Business Acumen,1,3,Manager validation
E0400,Power BI,2,30,Certification
E0400,Data Quality,4,5,Project evidence
E0400,Forecasting,2,18,Self-assessment
E0400,Project Management,2,45,Manager validation
E0401,Change Management,3,44,Certification
E0401,Excel,3,29,Self-assessment
E0401,Business Acumen,3,8,Manager validation
E0401,Data Quality,1,38,Manager validation
E0401,NLP,3,46,Self-assessment
E0401,Stakeholder Management,4,30,Self-assessment
E0401,Machine Learning,5,6,Self-assessment
E0401,Data Governance,2,25,Manager validation
E0401,Generative AI,5,16,Manager validation
E0401,Data Storytelling,3,37,Self-assessment
E0401,Project Management,2,32,Project evidence
E0401,Python,4,8,Project evidence
E0402,SQL,3,38,Project evidence
E0402,HR Data Management,3,44,Self-assessment
E0402,Business Acumen,2,35,Self-assessment
E0402,Data Quality,2,8,Self-assessment
E0402,HRIS,4,29,Self-assessment
E0402,Stakeholder Management,2,17,Self-assessment
E0402,Workforce Planning,3,41,Self-assessment
E0402,People Analytics,2,26,Self-assessment
E0402,Talent Analytics,1,25,Manager validation
E0402,Statistics,1,33,Project evidence
E0402,Data Storytelling,3,35,Manager validation
E0403,SQL,2,42,Certification
E0403,HR Data Management,2,18,Self-assessment
E0403,Excel,1,9,Self-assessment
E0403,Recruiting Analytics,4,10,Certification
E0403,Stakeholder Management,1,40,Project evidence
E0403,HRIS,3,48,Project evidence
E0403,Learning Analytics,2,35,Self-assessment
E0403,Workforce Planning,4,17,Self-assessment
E0403,Statistics,2,17,Certification
E0403,Data Storytelling,2,39,Certification
E0403,Project Management,3,24,Certification
E0403,Skills Gap Analysis,1,23,Manager validation
E0404,Excel,1,28,Manager validation
E0404,Scenario Modeling,1,35,Certification
E0404,Data Quality,2,46,Project evidence
E0404,Stakeholder Management,1,21,Self-assessment
E0404,Communication,2,32,Manager validation
E0404,Forecasting,4,14,Certification
E0404,Project Management,2,37,Manager validation
E0405,Excel,3,8,Project evidence
E0405,Business Acumen,2,15,Manager validation
E0405,Project Management,3,44,Project evidence
E0405,Stakeholder Management,2,48,Manager validation
E0405,Forecasting,3,39,Self-assessment
E0405,Power BI,4,47,Self-assessment
E0406,HR Data Management,4,34,Certification
E0406,Business Acumen,2,17,Manager validation
E0406,Power BI,2,20,Self-assessment
E0406,Recruiting Analytics,3,11,Manager validation
E0406,Learning Analytics,3,12,Self-assessment
E0406,Data Storytelling,4,15,Manager validation
E0406,Talent Analytics,2,36,Self-assessment
E0406,Data Visualization,2,35,Self-assessment
E0406,Communication,1,39,Self-assessment
E0406,Talent Management,4,13,Self-assessment
E0406,Project Management,2,47,Self-assessment
E0407,Business Acumen,2,28,Project evidence
E0407,Data Modeling,3,19,Self-assessment
E0407,NLP,2,41,Self-assessment
E0407,Machine Learning,3,30,Certification
E0407,Generative AI,5,26,Self-assessment
E0407,Communication,1,36,Manager validation
E0407,Project Management,1,13,Project evidence
E0407,Python,4,25,Project evidence
E0408,Excel,2,6,Self-assessment
E0408,Business Acumen,4,5,Self-assessment
E0408,Communication,3,30,Certification
E0408,Data Storytelling,2,27,Self-assessment
E0408,Project Management,1,33,Self-assessment
E0408,Data Modeling,2,17,Manager validation
E0408,Power BI,2,24,Manager validation
E0409,SQL,4,18,Manager validation
E0409,Business Acumen,1,6,Certification
E0409,Data Quality,2,16,Manager validation
E0409,NLP,3,36,Self-assessment
E0409,Machine Learning,3,38,Certification
E0409,Generative AI,4,11,Self-assessment
E0409,Project Management,1,16,Project evidence
E0409,Python,4,5,Project evidence
E0410,Change Management,4,45,Self-assessment
E0410,Excel,1,15,Manager validation
E0410,Business Acumen,4,21,Manager validation
E0410,Data Quality,2,5,Project evidence
E0410,Data Modeling,3,5,Manager validation
E0410,NLP,4,5,Self-assessment
E0410,Stakeholder Management,5,6,Certification
E0410,Machine Learning,3,9,Self-assessment
E0410,Data Governance,2,40,Project evidence
E0410,Generative AI,2,9,Manager validation
E0410,Data Storytelling,2,35,Self-assessment
E0411,Excel,1,42,Certification
E0411,Business Acumen,3,38,Self-assessment
E0411,Project Management,1,29,Self-assessment
E0411,Forecasting,3,40,Self-assessment
E0411,Power BI,3,43,Project evidence
E0412,Change Management,3,44,Project evidence
E0412,Excel,1,38,Manager validation
E0412,Business Acumen,4,37,Self-assessment
E0412,Stakeholder Management,4,25,Certification
E0412,Data Governance,1,5,Project evidence
E0412,Communication,4,26,Project evidence
E0412,Data Storytelling,4,42,Manager validation
E0412,Project Management,1,30,Self-assessment
E0412,Statistics,3,17,Self-assessment
E0412,Python,2,24,Self-assessment
E0413,SQL,3,39,Manager validation
E0413,Excel,2,25,Manager validation
E0413,Data Modeling,3,25,Project evidence
E0413,Stakeholder Management,2,46,Self-assessment
E0413,Data Governance,2,10,Certification
E0413,Generative AI,3,23,Project evidence
E0413,Communication,3,33,Manager validation
E0413,Python,3,37,Certification
E0414,Power BI,1,22,Manager validation
E0414,Data Quality,1,40,Self-assessment
E0414,Employee Engagement,2,9,Project evidence
E0414,Stakeholder Management,3,47,Self-assessment
E0414,Communication,1,18,Manager validation
E0414,Data Storytelling,3,3,Project evidence
E0414,Project Management,2,7,Self-assessment
E0415,SQL,3,28,Project evidence
E0415,HR Data Management,3,48,Project evidence
E0415,Change Management,3,34,Self-assessment
E0415,Power BI,2,13,Certification
E0415,Business Acumen,3,28,Manager validation
E0415,Performance Analytics,4,25,Project evidence
E0415,Stakeholder Management,4,12,Self-assessment
E0415,Learning Analytics,1,26,Self-assessment
E0415,Data Storytelling,3,45,Self-assessment
E0415,People Analytics,3,47,Manager validation
E0415,Communication,2,17,Self-assessment
E0415,Talent Management,3,25,Self-assessment
E0415,Project Management,1,24,Manager validation
E0416,SQL,2,41,Manager validation
E0416,Business Acumen,1,26,Certification
E0416,Performance Analytics,3,37,Self-assessment
E0416,Data Quality,2,23,Project evidence
E0416,Employee Engagement,2,13,Self-assessment
E0416,HRIS,3,30,Certification
E0416,Talent Analytics,4,47,Certification
E0416,People Analytics,2,9,Self-assessment
E0416,Communication,3,6,Certification
E0416,Statistics,2,9,Self-assessment
E0416,Power BI,3,7,Manager validation
E0417,Change Management,4,14,Manager validation
E0417,Excel,2,17,Project evidence
E0417,Scenario Modeling,1,34,Project evidence
E0417,Business Acumen,4,4,Manager validation
E0417,Power BI,1,27,Certification
E0417,Data Quality,2,11,Self-assessment
E0417,Stakeholder Management,4,35,Certification
E0417,Communication,1,17,Project evidence
E0417,Data Storytelling,3,38,Self-assessment
E0417,Project Management,2,21,Self-assessment
E0418,Excel,1,35,Self-assessment
E0418,Business Acumen,3,16,Self-assessment
E0418,Data Quality,2,31,Manager validation
E0418,Data Storytelling,2,24,Manager validation
E0418,Power BI,4,12,Project evidence
E0418,Python,3,41,Manager validation
E0418,Statistics,2,44,Project evidence
E0419,Change Management,4,32,Certification
E0419,Excel,1,36,Manager validation
E0419,Business Acumen,3,5,Certification
E0419,Performance Analytics,2,31,Self-assessment
E0419,Data Quality,2,47,Manager validation
E0419,Stakeholder Management,4,12,Project evidence
E0419,Data Storytelling,4,30,Certification
E0419,Project Management,3,33,Manager validation
E0419,Talent Intelligence,2,38,Certification
E0419,Skills Gap Analysis,2,43,Project evidence
E0420,Excel,2,31,Self-assessment
E0420,Data Modeling,4,36,Self-assessment
E0420,Stakeholder Management,3,4,Self-assessment
E0420,Machine Learning,3,47,Manager validation
E0420,Data Governance,3,42,Manager validation
E0420,Generative AI,3,34,Manager validation
E0420,Project Management,1,7,Self-assessment
E0420,Python,4,37,Manager validation
E0421,Excel,2,43,Certification
E0421,Stakeholder Management,2,16,Project evidence
E0421,Data Visualization,4,4,Self-assessment
E0421,Statistics,3,19,Manager validation
E0421,Data Storytelling,2,17,Project evidence
E0421,Project Management,3,28,Manager validation
E0422,Change Management,3,39,Self-assessment
E0422,Business Acumen,3,34,Project evidence
E0422,Data Modeling,5,33,Project evidence
E0422,Stakeholder Management,4,41,Project evidence
E0422,Machine Learning,3,30,Project evidence
E0422,Data Governance,3,27,Manager validation
E0422,Generative AI,1,4,Manager validation
E0422,Communication,2,21,Manager validation
E0422,Data Storytelling,4,43,Self-assessment
E0422,Project Management,3,9,Manager validation
E0422,Python,3,24,Self-assessment
E0422,People Analytics,4,30,Manager validation
E0422,Skills Gap Analysis,2,42,Project evidence
E0423,Excel,4,44,Self-assessment
E0423,Scenario Modeling,3,47,Project evidence
E0423,Power BI,2,42,Project evidence
E0423,Stakeholder Management,1,13,Self-assessment
E0423,Communication,1,33,Self-assessment
E0423,Forecasting,2,31,Self-assessment
E0423,Project Management,3,28,Manager validation
E0423,Statistics,2,26,Self-assessment
E0424,Excel,3,34,Self-assessment
E0424,Business Acumen,2,27,Certification
E0424,Employee Engagement,2,9,Manager validation
E0424,Communication,1,25,Self-assessment
E0424,Data Storytelling,1,33,Self-assessment
E0424,Project Management,1,33,Self-assessment
E0425,Excel,2,18,Self-assessment
E0425,Business Acumen,2,38,Self-assessment
E0425,Data Quality,2,35,Manager validation
E0425,Employee Engagement,3,12,Certification
E0425,Communication,3,28,Project evidence
E0425,Power BI,3,25,Manager validation
E0426,Change Management,5,46,Project evidence
E0426,Power BI,3,16,Project evidence
E0426,Business Acumen,3,12,Self-assessment
E0426,Stakeholder Management,3,39,Self-assessment
E0426,Communication,2,13,Self-assessment
E0426,Data Storytelling,4,9,Manager validation
E0426,Project Management,2,40,Project evidence
E0427,SQL,3,5,Project evidence
E0427,Change Management,2,28,Manager validation
E0427,Excel,2,34,Manager validation
E0427,Business Acumen,4,4,Certification
E0427,NLP,3,10,Manager validation
E0427,Stakeholder Management,3,26,Manager validation
E0427,Data Governance,2,23,Self-assessment
E0427,Machine Learning,3,27,Manager validation
E0427,Data Storytelling,3,11,Project evidence
E0427,Project Management,1,31,Manager validation
E0427,Python,3,15,Manager validation
E0427,Data Modeling,3,45,Self-assessment
E0428,SQL,4,22,Manager validation
E0428,Change Management,4,40,Self-assessment
E0428,Business Acumen,4,22,Certification
E0428,Data Quality,1,8,Manager validation
E0428,Data Modeling,3,37,Certification
E0428,Stakeholder Management,5,28,Project evidence
E0428,Data Governance,3,5,Self-assessment
E0428,Machine Learning,3,26,Manager validation
E0428,Data Storytelling,5,6,Manager validation
E0428,Project Management,2,40,Manager validation
E0428,Python,1,45,Self-assessment
E0429,Excel,1,20,Manager validation
E0429,Data Quality,4,32,Self-assessment
E0429,Data Governance,2,18,Manager validation
E0429,Communication,3,45,Project evidence
E0429,Project Management,1,26,Self-assessment
E0429,People Analytics,3,3,Self-assessment
E0429,Workforce Planning,1,27,Manager validation
E0430,SQL,1,29,Self-assessment
E0430,Business Acumen,2,24,Project evidence
E0430,Data Quality,2,6,Project evidence
E0430,Recruiting Analytics,3,36,Manager validation
E0430,HRIS,4,46,Certification
E0430,Stakeholder Management,3,40,Manager validation
E0430,Data Storytelling,3,21,Project evidence
E0430,People Analytics,3,20,Certification
E0430,Talent Analytics,4,29,Manager validation
E0430,Data Visualization,2,16,Self-assessment
E0430,Talent Management,5,36,Self-assessment
E0431,SQL,1,42,Self-assessment
E0431,Change Management,2,33,Certification
E0431,Business Acumen,3,11,Project evidence
E0431,Performance Analytics,2,21,Manager validation
E0431,Employee Engagement,3,8,Certification
E0431,HRIS,3,8,Project evidence
E0431,Stakeholder Management,3,37,Self-assessment
E0431,Learning Analytics,2,4,Self-assessment
E0431,Talent Analytics,2,48,Self-assessment
E0431,Statistics,1,41,Self-assessment
E0431,Communication,3,45,Project evidence
E0431,Data Storytelling,5,5,Project evidence
E0431,Project Management,2,8,Manager validation
E0431,Internal Mobility,1,31,Project evidence
E0431,Talent Intelligence,2,19,Self-assessment
E0432,SQL,1,22,Self-assessment
E0432,HR Data Management,5,44,Self-assessment
E0432,Change Management,4,34,Manager validation
E0432,Excel,1,27,Project evidence
E0432,Business Acumen,2,21,Project evidence
E0432,Performance Analytics,3,6,Self-assessment
E0432,Recruiting Analytics,3,36,Project evidence
E0432,Stakeholder Management,3,23,Self-assessment
E0432,Workforce Planning,3,44,Project evidence
E0432,People Analytics,3,41,Project evidence
E0432,Statistics,2,26,Self-assessment
E0432,Data Storytelling,5,45,Manager validation
E0432,Project Management,3,34,Self-assessment
E0433,Excel,1,3,Manager validation
E0433,Business Acumen,2,15,Certification
E0433,Data Quality,1,8,Project evidence
E0433,Data Governance,1,46,Self-assessment
E0433,Communication,3,37,Self-assessment
E0433,Project Management,3,20,Manager validation
E0434,SQL,2,48,Self-assessment
E0434,Excel,3,40,Self-assessment
E0434,Performance Analytics,3,26,Self-assessment
E0434,Recruiting Analytics,4,37,Self-assessment
E0434,Stakeholder Management,2,43,Certification
E0434,Workforce Planning,5,23,Self-assessment
E0434,Talent Analytics,3,19,Certification
E0434,People Analytics,5,35,Self-assessment
E0434,Statistics,3,29,Certification
E0434,Data Visualization,3,44,Self-assessment
E0434,Project Management,1,19,Self-assessment
E0434,Power BI,3,23,Manager validation
E0434,Talent Intelligence,2,22,Manager validation
E0435,Excel,1,6,Self-assessment
E0435,Scenario Modeling,3,33,Manager validation
E0435,Stakeholder Management,3,20,Self-assessment
E0435,Statistics,4,19,Self-assessment
E0435,Communication,1,11,Self-assessment
E0435,Data Visualization,2,19,Self-assessment
E0435,Data Modeling,2,16,Project evidence
E0435,Power Query,2,19,Manager validation
E0436,Change Management,4,47,Self-assessment
E0436,Excel,3,18,Project evidence
E0436,Business Acumen,4,34,Certification
E0436,Data Quality,3,31,Manager validation
E0436,Stakeholder Management,4,21,Project evidence
E0436,Data Visualization,3,4,Self-assessment
E0436,Statistics,1,20,Project evidence
E0436,Data Storytelling,3,12,Manager validation
E0436,Power BI,4,37,Certification
E0437,Change Management,3,38,Self-assessment
E0437,Excel,1,45,Self-assessment
E0437,Scenario Modeling,2,39,Self-assessment
E0437,Business Acumen,3,7,Self-assessment
E0437,Power BI,4,28,Self-assessment
E0437,Stakeholder Management,3,17,Manager validation
E0437,Data Storytelling,4,31,Manager validation
E0437,Project Management,2,42,Self-assessment
E0437,Power Query,3,30,Self-assessment
E0437,Python,2,41,Self-assessment
E0438,Excel,3,47,Self-assessment
E0438,Scenario Modeling,3,8,Manager validation
E0438,Data Quality,1,42,Manager validation
E0438,Stakeholder Management,2,45,Manager validation
E0438,Power BI,2,13,Manager validation
E0438,SQL,2,18,Certification
E0438,Statistics,2,17,Self-assessment
E0439,Excel,2,40,Certification
E0439,Business Acumen,2,31,Project evidence
E0439,NLP,3,38,Manager validation
E0439,Data Governance,4,18,Project evidence
E0439,Machine Learning,4,26,Manager validation
E0439,Generative AI,3,38,Certification
E0439,Project Management,1,34,Project evidence
E0439,Python,4,15,Manager validation
E0440,Excel,3,14,Project evidence
E0440,Business Acumen,2,20,Self-assessment
E0440,Employee Engagement,2,47,Self-assessment
E0440,Communication,2,27,Manager validation
E0440,Project Management,2,3,Self-assessment
E0440,Data Modeling,1,24,Project evidence
E0440,Power Query,1,12,Manager validation
E0441,Excel,2,37,Certification
E0441,Business Acumen,3,29,Manager validation
E0441,Data Quality,1,23,Manager validation
E0441,Stakeholder Management,2,13,Self-assessment
E0441,Communication,3,45,Self-assessment
E0441,Power BI,2,23,Certification
E0441,DAX,3,6,Certification
E0442,Change Management,4,4,Self-assessment
E0442,Excel,3,5,Manager validation
E0442,Business Acumen,4,29,Self-assessment
E0442,Employee Engagement,1,40,Project evidence
E0442,Stakeholder Management,4,48,Project evidence
E0442,Communication,2,3,Manager validation
E0442,Data Storytelling,4,37,Manager validation
E0442,Project Management,3,31,Manager validation
E0443,SQL,3,48,Certification
E0443,Excel,3,35,Self-assessment
E0443,Data Modeling,4,40,Project evidence
E0443,NLP,3,27,Manager validation
E0443,Stakeholder Management,1,11,Certification
E0443,Machine Learning,2,41,Manager validation
E0443,Generative AI,3,32,Certification
E0443,Communication,1,31,Self-assessment
E0444,Change Management,3,39,Self-assessment
E0444,Excel,2,33,Manager validation
E0444,Scenario Modeling,2,26,Project evidence
E0444,Business Acumen,4,10,Project evidence
E0444,Data Quality,1,33,Self-assessment
E0444,Stakeholder Management,3,27,Self-assessment
E0444,Communication,2,3,Project evidence
E0444,Data Storytelling,2,40,Certification
E0444,Power BI,2,40,Certification
E0445,Excel,2,20,Self-assessment
E0445,Business Acumen,1,7,Project evidence
E0445,Performance Analytics,1,37,Project evidence
E0445,Data Quality,2,42,Self-assessment
E0445,Project Management,4,42,Manager validation
E0445,Power BI,1,34,Self-assessment
E0446,SQL,3,31,Self-assessment
E0446,Business Acumen,2,5,Self-assessment
E0446,Data Modeling,3,47,Project evidence
E0446,NLP,3,4,Manager validation
E0446,Stakeholder Management,2,39,Self-assessment
E0446,Data Governance,2,42,Self-assessment
E0446,Generative AI,3,34,Manager validation
E0446,Communication,2,24,Manager validation
E0447,Scenario Modeling,3,47,Project evidence
E0447,Data Quality,2,46,Project evidence
E0447,Stakeholder Management,2,5,Self-assessment
E0447,Data Visualization,2,12,Certification
E0447,Communication,1,30,Self-assessment
E0447,Forecasting,1,15,Self-assessment
E0447,Power BI,2,40,Certification
E0448,Excel,3,12,Manager validation
E0448,Business Acumen,1,7,Project evidence
E0448,Data Quality,3,10,Manager validation
E0448,Stakeholder Management,2,25,Self-assessment
E0448,Generative AI,1,16,Self-assessment
E0448,Data Visualization,4,14,Manager validation
E0448,Power BI,3,22,Self-assessment
E0448,DAX,1,27,Manager validation
E0449,Excel,1,37,Certification
E0449,Business Acumen,1,36,Project evidence
E0449,Data Quality,3,28,Project evidence
E0449,Data Governance,3,46,Project evidence
E0449,Communication,3,45,Manager validation
E0449,Project Management,1,44,Project evidence
E0449,DAX,2,3,Self-assessment
E0449,Data Modeling,2,15,Self-assessment
E0450,Excel,3,48,Manager validation
E0450,Business Acumen,2,26,Certification
E0450,Data Quality,2,10,Manager validation
E0450,Communication,2,29,Project evidence
E0450,Data Storytelling,2,21,Self-assessment
E0450,Project Management,2,36,Project evidence
E0450,Internal Mobility,1,40,Certification
E0450,People Analytics,1,48,Manager validation
E0451,Excel,1,33,Project evidence
E0451,Data Quality,2,46,Project evidence
E0451,Stakeholder Management,2,16,Self-assessment
E0451,Data Governance,2,42,Certification
E0451,Communication,2,11,Manager validation
E0451,Power Query,1,35,Manager validation
E0451,DAX,1,7,Self-assessment
E0452,Excel,2,33,Project evidence
E0452,Scenario Modeling,2,19,Project evidence
E0452,Business Acumen,3,14,Project evidence
E0452,Communication,1,24,Manager validation
E0452,Forecasting,2,35,Self-assessment
E0452,Project Management,2,11,Manager validation
E0453,Excel,1,24,Project evidence
E0453,Business Acumen,2,25,Self-assessment
E0453,Power BI,1,40,Certification
E0453,Performance Analytics,2,32,Self-assessment
E0453,Communication,3,44,Self-assessment
E0453,Data Storytelling,1,41,Manager validation
E0453,Project Management,2,20,Manager validation
E0454,Excel,2,9,Certification
E0454,Business Acumen,2,28,Manager validation
E0454,Employee Engagement,2,5,Manager validation
E0454,Communication,2,44,Manager validation
E0454,Data Storytelling,3,24,Self-assessment
E0454,Project Management,1,39,Self-assessment
E0455,Excel,1,45,Self-assessment
E0455,Power BI,2,16,Self-assessment
E0455,Data Quality,2,6,Certification
E0455,Stakeholder Management,1,16,Self-assessment
E0455,Statistics,3,12,Manager validation
E0455,Forecasting,1,13,Manager validation
E0455,Project Management,4,37,Certification
E0455,Internal Mobility,1,31,Project evidence
E0455,People Analytics,2,36,Manager validation
E0456,Change Management,4,24,Project evidence
E0456,Excel,1,41,Self-assessment
E0456,Business Acumen,3,15,Self-assessment
E0456,Data Quality,1,11,Certification
E0456,Stakeholder Management,2,9,Self-assessment
E0456,Data Governance,1,30,Self-assessment
E0456,Communication,2,31,Manager validation
E0456,Data Storytelling,5,44,Project evidence
E0456,Project Management,2,15,Manager validation
E0456,Power BI,2,19,Project evidence
E0456,Data Modeling,1,36,Project evidence
E0457,Change Management,2,37,Manager validation
E0457,Excel,2,34,Self-assessment
E0457,Business Acumen,2,19,Manager validation
E0457,Performance Analytics,3,5,Self-assessment
E0457,Data Quality,2,19,Self-assessment
E0457,Stakeholder Management,4,34,Manager validation
E0457,Data Storytelling,4,46,Project evidence
E0458,Change Management,3,30,Self-assessment
E0458,Excel,2,24,Self-assessment
E0458,Business Acumen,3,4,Project evidence
E0458,Employee Engagement,1,32,Manager validation
E0458,Stakeholder Management,4,27,Manager validation
E0458,Data Storytelling,3,16,Certification
E0458,Power BI,1,11,Manager validation
E0459,Excel,2,44,Manager validation
E0459,Business Acumen,1,17,Self-assessment
E0459,Generative AI,2,33,Manager validation
E0459,Data Visualization,1,4,Certification
E0459,Data Storytelling,2,14,Self-assessment
E0459,Project Management,1,6,Manager validation
E0459,Power Query,2,23,Self-assessment
E0459,Power BI,2,46,Self-assessment
E0460,HR Data Management,2,32,Project evidence
E0460,Power BI,1,40,Manager validation
E0460,Performance Analytics,2,47,Manager validation
E0460,Data Quality,3,26,Project evidence
E0460,HRIS,3,6,Self-assessment
E0460,Recruiting Analytics,4,43,Self-assessment
E0460,Data Storytelling,2,35,Project evidence
E0460,Statistics,1,22,Project evidence
E0460,Communication,2,42,Self-assessment
E0460,Talent Management,2,22,Self-assessment
E0460,Project Management,2,18,Certification
E0460,Python,2,3,Manager validation
E0461,Business Acumen,3,40,Self-assessment
E0461,Data Quality,3,15,Certification
E0461,Generative AI,2,30,Self-assessment
E0461,Statistics,3,16,Certification
E0461,Communication,3,29,Self-assessment
E0461,Data Storytelling,2,24,Project evidence
E0461,Power BI,3,15,Self-assessment
E0461,DAX,1,39,Certification
E0461,Workforce Planning,3,11,Manager validation
E0461,Skills Gap Analysis,3,23,Self-assessment
E0462,Excel,3,29,Manager validation
E0462,Data Quality,2,45,Certification
E0462,Employee Engagement,1,18,Project evidence
E0462,Stakeholder Management,2,9,Self-assessment
E0462,Communication,1,10,Project evidence
E0462,Data Storytelling,2,27,Self-assessment
E0462,Power Query,1,7,Project evidence
E0462,Statistics,2,16,Certification
E0463,Change Management,3,29,Project evidence
E0463,Business Acumen,5,47,Self-assessment
E0463,Data Quality,2,7,Manager validation
E0463,Data Modeling,3,35,Project evidence
E0463,NLP,2,30,Self-assessment
E0463,Stakeholder Management,4,20,Project evidence
E0463,Data Governance,2,42,Project evidence
E0463,Generative AI,4,24,Manager validation
E0463,Data Storytelling,4,40,Manager validation
E0463,Project Management,4,25,Project evidence
E0463,Python,4,6,Self-assessment
E0464,Change Management,5,12,Self-assessment
E0464,Excel,2,8,Certification
E0464,Business Acumen,3,41,Project evidence
E0464,Performance Analytics,1,8,Certification
E0464,Data Quality,3,23,Self-assessment
E0464,Stakeholder Management,3,25,Manager validation
E0464,Data Storytelling,5,11,Manager validation
E0464,Project Management,3,15,Self-assessment
E0464,Workforce Planning,3,21,Self-assessment
E0464,Skills Gap Analysis,1,32,Project evidence
E0465,SQL,3,46,Project evidence
E0465,Business Acumen,2,7,Manager validation
E0465,NLP,3,32,Project evidence
E0465,Stakeholder Management,3,40,Self-assessment
E0465,Data Governance,2,9,Manager validation
E0465,Machine Learning,5,19,Self-assessment
E0465,Generative AI,3,46,Self-assessment
E0465,Communication,2,34,Manager validation
E0466,Excel,4,25,Certification
E0466,Business Acumen,3,32,Manager validation
E0466,Data Quality,3,15,Project evidence
E0466,Communication,1,13,Certification
E0466,Data Storytelling,3,24,Self-assessment
E0466,Project Management,2,13,Self-assessment
E0467,Excel,3,23,Manager validation
E0467,Scenario Modeling,1,40,Manager validation
E0467,Business Acumen,2,17,Self-assessment
E0467,Power BI,3,39,Project evidence
E0467,Data Quality,2,48,Self-assessment
E0467,Forecasting,3,15,Manager validation
E0467,Project Management,3,33,Self-assessment
E0468,SQL,4,25,Manager validation
E0468,Data Quality,1,16,Manager validation
E0468,Data Modeling,2,37,Manager validation
E0468,Stakeholder Management,4,39,Manager validation
E0468,Machine Learning,4,8,Manager validation
E0468,Data Governance,3,34,Self-assessment
E0468,Generative AI,3,42,Self-assessment
E0468,Communication,1,32,Manager validation
E0469,Business Acumen,2,31,Manager validation
E0469,Project Management,1,42,Self-assessment
E0469,Stakeholder Management,1,28,Project evidence
E0469,Communication,1,46,Self-assessment
E0469,Data Storytelling,1,35,Self-assessment
E0469,Power BI,1,7,Self-assessment
E0469,Talent Intelligence,4,22,Self-assessment
E0469,Workforce Planning,1,44,Self-assessment
E0470,SQL,4,48,Certification
E0470,Change Management,3,16,Self-assessment
E0470,Business Acumen,3,5,Project evidence
E0470,Data Modeling,4,44,Project evidence
E0470,NLP,3,25,Project evidence
E0470,Stakeholder Management,4,36,Self-assessment
E0470,Machine Learning,4,19,Self-assessment
E0470,Communication,2,34,Project evidence
E0470,Data Storytelling,3,11,Project evidence
E0470,Project Management,2,47,Project evidence
E0470,Python,4,25,Self-assessment
E0471,SQL,4,39,Manager validation
E0471,Change Management,4,6,Manager validation
E0471,Excel,3,33,Project evidence
E0471,Business Acumen,3,3,Self-assessment
E0471,Data Quality,3,4,Project evidence
E0471,Data Modeling,4,9,Self-assessment
E0471,NLP,3,17,Self-assessment
E0471,Stakeholder Management,4,21,Self-assessment
E0471,Data Governance,2,7,Manager validation
E0471,Communication,3,34,Self-assessment
E0471,Data Storytelling,3,48,Manager validation
E0471,Python,3,42,Manager validation
E0471,DAX,2,26,Project evidence
E0471,Power Query,2,43,Self-assessment
E0472,Change Management,4,16,Self-assessment
E0472,Excel,1,28,Manager validation
E0472,Scenario Modeling,2,45,Project evidence
E0472,Business Acumen,5,25,Self-assessment
E0472,Power BI,4,45,Self-assessment
E0472,Stakeholder Management,4,3,Self-assessment
E0472,Data Storytelling,5,30,Self-assessment
E0472,Forecasting,1,42,Project evidence
E0472,Project Management,5,36,Project evidence
E0473,Change Management,3,15,Project evidence
E0473,Excel,2,27,Project evidence
E0473,Business Acumen,5,29,Self-assessment
E0473,Data Quality,2,13,Self-assessment
E0473,Stakeholder Management,3,26,Self-assessment
E0473,Data Governance,3,44,Manager validation
E0473,Communication,1,30,Self-assessment
E0473,Data Storytelling,3,11,Self-assessment
E0473,Project Management,4,36,Project evidence
E0474,Change Management,5,48,Project evidence
E0474,Business Acumen,4,27,Project evidence
E0474,Data Quality,1,4,Self-assessment
E0474,Data Modeling,2,15,Project evidence
E0474,NLP,4,3,Manager validation
E0474,Stakeholder Management,2,9,Certification
E0474,Machine Learning,3,26,Self-assessment
E0474,Generative AI,2,3,Manager validation
E0474,Data Storytelling,4,37,Self-assessment
E0474,Project Management,2,38,Project evidence
E0474,Python,4,9,Project evidence
E0475,SQL,4,28,Manager validation
E0475,Business Acumen,1,47,Self-assessment
E0475,Data Quality,1,30,Manager validation
E0475,NLP,4,47,Project evidence
E0475,Data Governance,2,36,Project evidence
E0475,Generative AI,4,9,Self-assessment
E0475,Communication,3,45,Self-assessment
E0475,Python,2,15,Project evidence
E0475,Power Query,2,23,Project evidence
E0476,Excel,1,6,Project evidence
E0476,Business Acumen,1,37,Project evidence
E0476,Project Management,1,21,Certification
E0476,Data Visualization,2,8,Certification
E0476,Statistics,1,7,Manager validation
E0476,Power BI,3,40,Manager validation
E0476,People Analytics,2,3,Manager validation
E0476,Workforce Planning,1,23,Self-assessment
E0477,SQL,2,12,Project evidence
E0477,Business Acumen,1,33,Manager validation
E0477,Data Modeling,1,48,Self-assessment
E0477,NLP,4,19,Manager validation
E0477,Data Governance,2,4,Project evidence
E0477,Generative AI,3,38,Project evidence
E0477,Communication,2,46,Self-assessment
E0477,Project Management,2,22,Manager validation
E0478,Change Management,4,28,Project evidence
E0478,Excel,2,43,Manager validation
E0478,Business Acumen,4,22,Certification
E0478,Data Quality,4,28,Certification
E0478,Stakeholder Management,4,46,Self-assessment
E0478,Communication,2,6,Self-assessment
E0478,Data Storytelling,2,27,Self-assessment
E0478,Power BI,1,9,Self-assessment
E0478,Python,2,8,Self-assessment
E0479,Excel,1,34,Manager validation
E0479,Business Acumen,2,17,Manager validation
E0479,Power BI,2,20,Manager validation
E0479,Performance Analytics,1,16,Self-assessment
E0479,Stakeholder Management,1,18,Manager validation
E0479,Data Storytelling,1,22,Project evidence
E0479,Project Management,3,8,Manager validation
E0480,SQL,4,25,Certification
E0480,Business Acumen,2,39,Self-assessment
E0480,Data Quality,2,5,Manager validation
E0480,Data Modeling,4,3,Self-assessment
E0480,NLP,3,30,Manager validation
E0480,Machine Learning,4,5,Project evidence
E0480,Project Management,2,21,Project evidence
E0480,Python,3,4,Certification
E0480,DAX,1,8,Manager validation
E0480,Statistics,2,32,Project evidence
E0481,Change Management,3,7,Self-assessment
E0481,Excel,1,13,Self-assessment
E0481,Scenario Modeling,1,6,Manager validation
E0481,Business Acumen,3,27,Manager validation
E0481,Stakeholder Management,2,38,Certification
E0481,Data Storytelling,3,4,Self-assessment
E0481,Forecasting,1,46,Certification
E0481,Power BI,2,19,Manager validation
E0482,Excel,2,12,Self-assessment
E0482,Scenario Modeling,4,12,Project evidence
E0482,Business Acumen,2,32,Manager validation
E0482,Data Quality,2,36,Self-assessment
E0482,Data Visualization,1,42,Manager validation
E0482,Power BI,2,33,Certification
E0483,Excel,3,35,Certification
E0483,Scenario Modeling,2,27,Certification
E0483,Business Acumen,2,24,Certification
E0483,Data Quality,2,45,Certification
E0483,Statistics,2,8,Manager validation
E0483,Power BI,1,35,Manager validation
E0484,Excel,2,17,Self-assessment
E0484,Power BI,2,16,Self-assessment
E0484,Stakeholder Management,2,23,Manager validation
E0484,Forecasting,2,43,Manager validation
E0484,Project Management,3,33,Self-assessment
E0485,SQL,3,3,Self-assessment
E0485,Change Management,4,45,Self-assessment
E0485,Business Acumen,4,35,Manager validation
E0485,Data Quality,2,45,Certification
E0485,NLP,3,38,Self-assessment
E0485,Stakeholder Management,4,5,Self-assessment
E0485,Data Governance,2,4,Self-assessment
E0485,Generative AI,3,48,Project evidence
E0485,Data Storytelling,4,20,Project evidence
E0485,Project Management,2,11,Self-assessment
E0485,Python,3,18,Certification
E0486,Change Management,3,14,Certification
E0486,Excel,4,40,Manager validation
E0486,Business Acumen,2,26,Project evidence
E0486,Data Quality,2,37,Manager validation
E0486,Stakeholder Management,5,23,Project evidence
E0486,Communication,2,10,Manager validation
E0486,Data Storytelling,4,32,Project evidence
E0486,Power BI,2,38,Project evidence
E0487,Excel,3,21,Manager validation
E0487,Business Acumen,2,36,Certification
E0487,Communication,3,39,Self-assessment
E0487,Data Storytelling,3,4,Manager validation
E0487,Power BI,3,34,Self-assessment
E0487,Data Modeling,2,24,Manager validation
E0487,Statistics,2,35,Manager validation
E0488,SQL,3,15,Manager validation
E0488,Change Management,5,40,Self-assessment
E0488,Excel,2,48,Manager validation
E0488,Business Acumen,4,34,Manager validation
E0488,Data Quality,3,8,Project evidence
E0488,HRIS,4,7,Project evidence
E0488,Stakeholder Management,4,21,Manager validation
E0488,Learning Analytics,1,17,Certification
E0488,Workforce Planning,4,23,Manager validation
E0488,Data Storytelling,5,8,Self-assessment
E0488,Talent Analytics,4,17,Project evidence
E0488,Talent Management,3,26,Self-assessment
E0488,Power BI,2,13,Certification
E0488,Statistics,3,39,Manager validation
E0488,Power Query,2,23,Self-assessment
E0489,SQL,2,34,Manager validation
E0489,Data Quality,1,10,Certification
E0489,NLP,4,17,Project evidence
E0489,Stakeholder Management,3,48,Self-assessment
E0489,Data Governance,3,7,Self-assessment
E0489,Generative AI,2,32,Self-assessment
E0489,Project Management,3,18,Self-assessment
E0489,Python,2,9,Manager validation
E0490,Excel,1,8,Manager validation
E0490,Power BI,1,34,Self-assessment
E0490,Stakeholder Management,1,3,Certification
E0490,Statistics,3,27,Self-assessment
E0490,Data Visualization,3,23,Project evidence
E0490,Project Management,2,20,Project evidence
E0491,SQL,4,41,Certification
E0491,Excel,3,25,Manager validation
E0491,Data Quality,1,10,Self-assessment
E0491,Data Modeling,2,37,Project evidence
E0491,NLP,4,27,Certification
E0491,Stakeholder Management,3,44,Manager validation
E0491,Generative AI,2,35,Project evidence
E0491,Python,4,36,Self-assessment
E0492,Excel,1,3,Certification
E0492,Power BI,2,15,Certification
E0492,Stakeholder Management,1,38,Manager validation
E0492,Generative AI,1,4,Self-assessment
E0492,Communication,2,4,Certification
E0492,Data Storytelling,3,21,Manager validation
E0492,Project Management,2,31,Manager validation
E0492,Python,1,47,Manager validation
E0492,Power Query,4,32,Project evidence
E0493,Excel,2,17,Manager validation
E0493,Business Acumen,3,33,Manager validation
E0493,Data Quality,2,7,Project evidence
E0493,Stakeholder Management,1,7,Self-assessment
E0493,Data Storytelling,1,40,Manager validation
E0494,SQL,1,4,Project evidence
E0494,HR Data Management,2,20,Manager validation
E0494,Business Acumen,4,8,Manager validation
E0494,Power BI,2,14,Self-assessment
E0494,Recruiting Analytics,4,10,Project evidence
E0494,Learning Analytics,2,40,Project evidence
E0494,Workforce Planning,3,17,Self-assessment
E0494,Data Visualization,2,48,Project evidence
E0494,Communication,2,33,Manager validation
E0494,Talent Management,4,9,Self-assessment
E0494,Project Management,2,40,Self-assessment
E0494,Statistics,2,37,Manager validation
E0494,Power Query,3,25,Manager validation
E0495,SQL,4,40,Self-assessment
E0495,Change Management,4,4,Manager validation
E0495,Excel,1,41,Project evidence
E0495,Business Acumen,4,44,Project evidence
E0495,Data Quality,2,46,Self-assessment
E0495,Data Modeling,5,40,Manager validation
E0495,NLP,4,16,Project evidence
E0495,Stakeholder Management,4,17,Certification
E0495,Data Governance,2,44,Self-assessment
E0495,Communication,2,8,Project evidence
E0495,Data Storytelling,4,29,Self-assessment
E0495,Python,4,18,Manager validation
E0496,Excel,2,12,Self-assessment
E0496,Business Acumen,2,22,Project evidence
E0496,Employee Engagement,4,5,Certification
E0496,Stakeholder Management,1,42,Self-assessment
E0496,Data Storytelling,3,32,Self-assessment
E0496,Power BI,3,36,Self-assessment
E0497,Excel,1,14,Manager validation
E0497,Scenario Modeling,3,19,Self-assessment
E0497,Data Quality,2,19,Project evidence
E0497,Communication,3,41,Manager validation
E0497,Power BI,2,20,Certification
E0498,Change Management,4,14,Self-assessment
E0498,Excel,4,14,Project evidence
E0498,Business Acumen,4,12,Project evidence
E0498,Data Quality,4,17,Manager validation
E0498,Stakeholder Management,4,43,Self-assessment
E0498,Statistics,1,3,Manager validation
E0498,Data Storytelling,4,18,Self-assessment
E0498,Power BI,2,7,Certification
E0499,Excel,3,13,Certification
E0499,Business Acumen,2,14,Manager validation
E0499,Data Modeling,5,27,Certification
E0499,NLP,4,15,Self-assessment
E0499,Stakeholder Management,1,28,Manager validation
E0499,Data Governance,1,16,Project evidence
E0499,Machine Learning,3,11,Manager validation
E0499,Generative AI,4,46,Project evidence
E0500,Excel,1,31,Manager validation
E0500,Business Acumen,1,45,Self-assessment
E0500,Data Quality,4,20,Certification
E0500,Employee Engagement,1,48,Project evidence
E0500,Stakeholder Management,1,39,Manager validation
E0500,Communication,2,9,Self-assessment
E0500,Power BI,2,44,Self-assessment
E0500,Data Modeling,4,31,Certification
E0500,Python,3,34,Self-assessment
E0501,Change Management,5,5,Certification
E0501,Excel,2,41,Certification
E0501,Business Acumen,3,23,Manager validation
E0501,Data Quality,1,8,Project evidence
E0501,Stakeholder Management,4,28,Manager validation
E0501,Data Storytelling,4,26,Self-assessment
E0501,Power BI,2,36,Self-assessment
E0501,Data Modeling,1,10,Certification
E0501,Statistics,3,25,Certification
E0502,SQL,3,32,Manager validation
E0502,Excel,2,38,Certification
E0502,Data Quality,2,22,Manager validation
E0502,NLP,3,8,Manager validation
E0502,Data Governance,1,9,Manager validation
E0502,Generative AI,4,42,Self-assessment
E0502,Project Management,1,34,Certification
E0502,Python,3,17,Project evidence
E0502,Power Query,2,8,Manager validation
E0502,Statistics,3,7,Self-assessment
E0503,SQL,2,47,Self-assessment
E0503,HR Data Management,5,42,Certification
E0503,Change Management,4,9,Certification
E0503,Power BI,1,21,Certification
E0503,Business Acumen,5,7,Project evidence
E0503,HRIS,4,42,Manager validation
E0503,Stakeholder Management,3,29,Project evidence
E0503,Learning Analytics,2,39,Self-assessment
E0503,Data Storytelling,3,34,Manager validation
E0503,People Analytics,3,43,Certification
E0503,Data Visualization,2,22,Self-assessment
E0503,Communication,2,38,Self-assessment
E0503,Talent Management,3,47,Certification
E0503,Project Management,3,36,Manager validation
E0503,Python,1,46,Self-assessment
E0504,Change Management,4,31,Project evidence
E0504,Excel,2,11,Manager validation
E0504,Scenario Modeling,1,31,Self-assessment
E0504,Business Acumen,5,22,Certification
E0504,Project Management,1,30,Certification
E0504,Data Quality,2,35,Manager validation
E0504,Stakeholder Management,3,9,Manager validation
E0504,Data Storytelling,3,6,Self-assessment
E0504,Power BI,1,45,Project evidence
E0504,Statistics,3,43,Project evidence
E0505,Excel,3,30,Self-assessment
E0505,Scenario Modeling,2,22,Manager validation
E0505,Business Acumen,3,4,Project evidence
E0505,Data Quality,2,15,Manager validation
E0505,Forecasting,3,42,Certification
E0505,Project Management,2,43,Project evidence
E0505,Skills Gap Analysis,3,11,Project evidence
E0505,Talent Intelligence,3,22,Self-assessment
E0506,HR Data Management,3,47,Project evidence
E0506,Business Acumen,1,39,Manager validation
E0506,Performance Analytics,2,18,Certification
E0506,Data Quality,2,28,Self-assessment
E0506,Recruiting Analytics,3,22,Manager validation
E0506,Stakeholder Management,2,24,Manager validation
E0506,Workforce Planning,4,40,Self-assessment
E0506,Talent Analytics,4,15,Self-assessment
E0506,Data Visualization,2,30,Manager validation
E0506,Statistics,1,18,Self-assessment
E0506,Data Storytelling,2,41,Self-assessment
E0507,Power BI,2,23,Self-assessment
E0507,Performance Analytics,3,7,Manager validation
E0507,Data Quality,1,31,Manager validation
E0507,Stakeholder Management,1,13,Manager validation
E0507,Data Storytelling,1,20,Self-assessment
E0507,Project Management,3,20,Manager validation
E0508,Power BI,2,38,Certification
E0508,Performance Analytics,2,11,Project evidence
E0508,Data Quality,1,24,Project evidence
E0508,Stakeholder Management,3,5,Self-assessment
E0508,Communication,2,15,Self-assessment
E0508,Data Storytelling,3,21,Manager validation
E0508,Project Management,2,6,Self-assessment
E0508,Power Query,3,45,Certification
E0508,DAX,1,45,Manager validation
E0509,Change Management,3,8,Project evidence
E0509,Excel,2,31,Self-assessment
E0509,Scenario Modeling,3,42,Manager validation
E0509,Business Acumen,5,10,Certification
E0509,Stakeholder Management,4,29,Self-assessment
E0509,Data Visualization,1,33,Self-assessment
E0509,Communication,4,14,Manager validation
E0509,Data Storytelling,4,45,Certification
E0509,Power BI,3,29,Self-assessment
E0510,Excel,1,26,Certification
E0510,Business Acumen,1,33,Certification
E0510,Project Management,2,20,Self-assessment
E0510,Data Quality,2,32,Manager validation
E0510,Performance Analytics,3,45,Self-assessment
E0510,Data Storytelling,1,46,Self-assessment
E0510,Power BI,1,23,Manager validation
E0511,Excel,3,4,Self-assessment
E0511,Data Quality,3,7,Project evidence
E0511,Stakeholder Management,3,12,Manager validation
E0511,Communication,2,19,Self-assessment
E0511,Data Storytelling,3,48,Project evidence
E0511,Power BI,4,35,Manager validation
E0511,Statistics,2,35,Self-assessment
E0511,Power Query,2,25,Certification
E0511,Internal Mobility,2,27,Certification
E0511,Skills Gap Analysis,1,40,Self-assessment
E0512,Excel,2,10,Manager validation
E0512,Scenario Modeling,3,3,Self-assessment
E0512,Data Quality,3,33,Self-assessment
E0512,Statistics,1,23,Self-assessment
E0512,Communication,4,20,Self-assessment
E0512,Power BI,2,41,Manager validation
E0513,SQL,1,37,Manager validation
E0513,HR Data Management,3,40,Project evidence
E0513,Excel,1,47,Self-assessment
E0513,Business Acumen,1,38,Project evidence
E0513,Performance Analytics,2,26,Self-assessment
E0513,Employee Engagement,2,4,Manager validation
E0513,HRIS,4,46,Manager validation
E0513,Learning Analytics,2,14,Self-assessment
E0513,Data Visualization,2,16,Manager validation
E0513,Communication,1,36,Project evidence
E0513,Data Storytelling,2,22,Certification
E0513,Statistics,2,13,Project evidence
E0513,DAX,3,45,Project evidence
E0514,SQL,5,21,Manager validation
E0514,Excel,3,39,Manager validation
E0514,Business Acumen,1,10,Project evidence
E0514,Data Modeling,3,13,Self-assessment
E0514,Stakeholder Management,2,6,Self-assessment
E0514,Data Governance,1,25,Self-assessment
E0514,Generative AI,2,6,Self-assessment
E0514,Python,3,8,Certification
E0515,Excel,2,28,Manager validation
E0515,Power BI,3,23,Self-assessment
E0515,Data Quality,3,38,Project evidence
E0515,Stakeholder Management,2,41,Project evidence
E0515,Project Management,2,4,Manager validation
E0515,Data Modeling,1,37,Self-assessment
E0515,Talent Intelligence,3,20,Self-assessment
E0515,People Analytics,2,4,Certification
E0516,Change Management,3,19,Manager validation
E0516,Excel,2,31,Manager validation
E0516,Business Acumen,4,42,Manager validation
E0516,Employee Engagement,1,38,Project evidence
E0516,Stakeholder Management,3,42,Self-assessment
E0516,Communication,2,22,Self-assessment
E0516,Data Storytelling,3,7,Project evidence
E0516,Project Management,3,5,Certification
E0516,Workforce Planning,1,29,Project evidence
E0516,Talent Intelligence,3,3,Project evidence
E0517,Change Management,5,19,Manager validation
E0517,Excel,1,13,Certification
E0517,Power BI,2,11,Project evidence
E0517,Business Acumen,2,44,Certification
E0517,Employee Engagement,2,15,Manager validation
E0517,Stakeholder Management,4,13,Self-assessment
E0517,Communication,2,48,Self-assessment
E0517,Data Storytelling,4,5,Self-assessment
E0517,Project Management,1,28,Self-assessment
E0517,Statistics,2,34,Certification
E0517,DAX,1,13,Self-assessment
E0518,Excel,4,40,Certification
E0518,Scenario Modeling,2,29,Self-assessment
E0518,Data Quality,2,12,Self-assessment
E0518,Communication,3,13,Self-assessment
E0518,Forecasting,1,22,Certification
E0518,Power BI,2,12,Manager validation
E0519,Excel,3,14,Certification
E0519,Business Acumen,2,4,Self-assessment
E0519,Employee Engagement,1,29,Manager validation
E0519,Stakeholder Management,2,35,Manager validation
E0519,Communication,2,34,Manager validation
E0519,Power BI,2,16,Manager validation
E0519,DAX,3,11,Self-assessment
E0519,Data Modeling,2,19,Manager validation
E0520,Change Management,4,37,Self-assessment
E0520,Excel,2,43,Project evidence
E0520,Scenario Modeling,1,20,Self-assessment
E0520,Business Acumen,3,47,Project evidence
E0520,Stakeholder Management,5,33,Self-assessment
E0520,Data Storytelling,5,36,Manager validation
E0520,Forecasting,3,19,Project evidence
E0520,Power BI,4,21,Manager validation
E0521,Excel,2,8,Certification
E0521,Business Acumen,1,36,Self-assessment
E0521,Data Quality,2,20,Manager validation
E0521,Employee Engagement,3,16,Self-assessment
E0521,Stakeholder Management,3,36,Self-assessment
E0521,Communication,1,19,Self-assessment
E0521,Data Storytelling,1,29,Self-assessment
E0522,SQL,3,27,Project evidence
E0522,Business Acumen,2,26,Project evidence
E0522,Data Quality,2,8,Manager validation
E0522,NLP,3,42,Self-assessment
E0522,Stakeholder Management,2,36,Project evidence
E0522,Machine Learning,3,36,Manager validation
E0522,Data Governance,3,28,Project evidence
E0522,Python,3,22,Manager validation
E0522,Power Query,2,35,Self-assessment
E0522,Statistics,3,6,Certification
E0523,Excel,3,47,Certification
E0523,Business Acumen,1,4,Manager validation
E0523,Data Quality,3,40,Project evidence
E0523,Data Governance,2,35,Certification
E0523,Project Management,3,11,Project evidence
E0524,Excel,2,12,Self-assessment
E0524,Scenario Modeling,3,27,Manager validation
E0524,Business Acumen,2,7,Manager validation
E0524,Power BI,1,44,Manager validation
E0524,Communication,1,42,Manager validation
E0524,Project Management,2,36,Manager validation
E0525,SQL,3,40,Project evidence
E0525,Change Management,4,29,Self-assessment
E0525,Business Acumen,5,44,Project evidence
E0525,Data Quality,1,20,Manager validation
E0525,Employee Engagement,2,22,Self-assessment
E0525,HRIS,3,34,Self-assessment
E0525,Stakeholder Management,4,15,Project evidence
E0525,Recruiting Analytics,3,44,Self-assessment
E0525,Learning Analytics,1,4,Project evidence
E0525,Data Storytelling,5,28,Certification
E0525,Data Visualization,1,22,Manager validation
E0525,Talent Management,3,41,Manager validation
E0525,Project Management,2,16,Self-assessment
E0526,SQL,5,4,Project evidence
E0526,Excel,4,34,Project evidence
E0526,Business Acumen,3,3,Self-assessment
E0526,Data Modeling,4,7,Self-assessment
E0526,NLP,1,26,Self-assessment
E0526,Machine Learning,3,20,Certification
E0526,Generative AI,4,19,Project evidence
E0526,Communication,2,48,Self-assessment
E0527,HR Data Management,2,11,Self-assessment
E0527,Business Acumen,3,15,Self-assessment
E0527,Power BI,1,3,Manager validation
E0527,Performance Analytics,3,44,Project evidence
E0527,Employee Engagement,4,44,Manager validation
E0527,Recruiting Analytics,5,19,Manager validation
E0527,Talent Analytics,2,22,Manager validation
E0527,Data Visualization,2,41,Manager validation
E0527,Communication,2,13,Manager validation
E0527,Statistics,2,32,Manager validation
E0527,Project Management,2,9,Manager validation
E0527,DAX,3,16,Self-assessment
E0527,Python,3,31,Manager validation
E0528,SQL,4,31,Certification
E0528,Business Acumen,3,20,Manager validation
E0528,Data Quality,1,23,Manager validation
E0528,Data Modeling,3,29,Self-assessment
E0528,Stakeholder Management,3,45,Project evidence
E0528,Data Governance,1,26,Self-assessment
E0528,Machine Learning,4,11,Manager validation
E0528,Generative AI,4,18,Self-assessment
E0528,People Analytics,2,40,Self-assessment
E0528,Workforce Planning,2,25,Self-assessment
E0529,Excel,2,20,Self-assessment
E0529,Data Modeling,4,45,Manager validation
E0529,NLP,2,10,Manager validation
E0529,Stakeholder Management,2,7,Project evidence
E0529,Data Governance,2,11,Manager validation
E0529,Generative AI,4,6,Self-assessment
E0529,Communication,2,26,Project evidence
E0529,Python,3,42,Certification
E0529,Power BI,2,37,Manager validation
E0529,Power Query,1,31,Manager validation
E0530,SQL,2,27,Self-assessment
E0530,Excel,1,41,Self-assessment
E0530,Business Acumen,1,25,Project evidence
E0530,NLP,4,7,Self-assessment
E0530,Stakeholder Management,1,14,Manager validation
E0530,Data Governance,2,26,Self-assessment
E0530,Generative AI,4,29,Self-assessment
E0530,Python,2,24,Self-assessment
E0530,Power BI,3,39,Manager validation
E0530,DAX,3,29,Self-assessment
E0531,Excel,2,9,Certification
E0531,Data Quality,2,41,Manager validation
E0531,Data Modeling,2,36,Self-assessment
E0531,NLP,3,20,Manager validation
E0531,Stakeholder Management,2,40,Manager validation
E0531,Machine Learning,5,24,Certification
E0531,Generative AI,3,16,Self-assessment
E0531,Python,5,39,Project evidence
E0532,Excel,1,48,Project evidence
E0532,Business Acumen,2,29,Self-assessment
E0532,Performance Analytics,2,12,Self-assessment
E0532,Recruiting Analytics,4,5,Manager validation
E0532,Learning Analytics,2,23,Self-assessment
E0532,Workforce Planning,3,38,Manager validation
E0532,Talent Analytics,2,25,Self-assessment
E0532,Statistics,1,29,Certification
E0532,Data Visualization,3,31,Project evidence
E0532,Data Storytelling,2,19,Manager validation
E0532,Project Management,2,5,Manager validation
E0533,Data Quality,1,12,Self-assessment
E0533,Stakeholder Management,2,22,Project evidence
E0533,Generative AI,2,5,Manager validation
E0533,Data Visualization,3,46,Manager validation
E0533,Communication,2,18,Self-assessment
E0533,Statistics,3,11,Self-assessment
E0533,Data Storytelling,1,31,Self-assessment
E0534,Excel,2,5,Manager validation
E0534,Business Acumen,2,31,Project evidence
E0534,Performance Analytics,3,28,Project evidence
E0534,Stakeholder Management,3,9,Self-assessment
E0534,Data Storytelling,1,14,Self-assessment
E0534,Power BI,3,17,Manager validation
E0534,Workforce Planning,3,47,Self-assessment
E0534,Talent Intelligence,3,36,Project evidence
E0535,Change Management,5,12,Manager validation
E0535,Excel,2,9,Self-assessment
E0535,Business Acumen,4,32,Self-assessment
E0535,Performance Analytics,1,22,Certification
E0535,Stakeholder Management,5,32,Certification
E0535,Communication,4,19,Manager validation
E0535,Data Storytelling,4,36,Manager validation
E0535,Project Management,1,9,Project evidence
E0536,Excel,4,10,Manager validation
E0536,Scenario Modeling,2,17,Manager validation
E0536,Business Acumen,2,11,Manager validation
E0536,Data Quality,4,46,Manager validation
E0536,Forecasting,1,16,Self-assessment
E0536,Project Management,2,36,Certification
E0537,Change Management,3,32,Self-assessment
E0537,Business Acumen,2,40,Self-assessment
E0537,Data Quality,3,18,Self-assessment
E0537,NLP,1,20,Self-assessment
E0537,Stakeholder Management,1,43,Manager validation
E0537,Data Governance,4,5,Self-assessment
E0537,Machine Learning,3,5,Manager validation
E0537,Generative AI,4,14,Manager validation
E0537,Communication,2,44,Project evidence
E0537,Data Storytelling,4,8,Manager validation
E0537,Project Management,2,13,Project evidence
E0537,Python,4,23,Self-assessment
E0537,SQL,3,27,Certification
E0537,DAX,2,27,Manager validation
E0538,Excel,4,16,Manager validation
E0538,Business Acumen,1,32,Project evidence
E0538,Performance Analytics,2,25,Self-assessment
E0538,Data Quality,1,6,Self-assessment
E0538,Stakeholder Management,3,14,Manager validation
E0538,Data Storytelling,2,10,Manager validation
E0538,Project Management,1,7,Project evidence
E0539,Change Management,3,24,Self-assessment
E0539,Excel,3,9,Self-assessment
E0539,Business Acumen,4,31,Manager validation
E0539,Data Quality,2,33,Manager validation
E0539,Stakeholder Management,2,12,Project evidence
E0539,Communication,1,27,Self-assessment
E0539,Data Storytelling,5,39,Self-assessment
E0539,Project Management,1,46,Manager validation
E0540,Business Acumen,3,24,Self-assessment
E0540,Data Modeling,4,13,Manager validation
E0540,Stakeholder Management,3,3,Self-assessment
E0540,Data Governance,2,16,Manager validation
E0540,Machine Learning,4,26,Manager validation
E0540,Generative AI,4,14,Self-assessment
E0540,Project Management,1,15,Manager validation
E0540,Python,4,39,Project evidence
E0540,People Analytics,1,15,Self-assessment
E0540,Skills Gap Analysis,1,20,Manager validation
E0541,Excel,1,39,Self-assessment
E0541,Business Acumen,2,31,Manager validation
E0541,Performance Analytics,3,38,Self-assessment
E0541,Data Quality,2,24,Self-assessment
E0541,Stakeholder Management,2,22,Manager validation
E0541,Data Storytelling,1,14,Certification
E0541,Project Management,3,17,Project evidence
E0542,Excel,1,16,Self-assessment
E0542,Scenario Modeling,2,9,Project evidence
E0542,Data Quality,1,10,Self-assessment
E0542,Statistics,3,36,Self-assessment
E0542,Communication,1,6,Manager validation
E0542,Forecasting,2,32,Manager validation
E0542,Power BI,3,29,Self-assessment
E0543,Business Acumen,2,5,Certification
E0543,Stakeholder Management,4,22,Manager validation
E0543,Generative AI,2,39,Self-assessment
E0543,Data Visualization,2,5,Self-assessment
E0543,Statistics,3,5,Manager validation
E0543,Communication,1,18,Manager validation
E0543,Data Storytelling,1,36,Manager validation
E0543,Talent Intelligence,3,9,Self-assessment
E0543,Internal Mobility,3,25,Self-assessment
E0544,Excel,2,47,Manager validation
E0544,Performance Analytics,3,4,Manager validation
E0544,Data Quality,3,38,Self-assessment
E0544,Stakeholder Management,3,16,Project evidence
E0544,Data Storytelling,2,32,Self-assessment
E0544,Statistics,2,12,Certification
E0544,Power Query,2,39,Self-assessment
E0545,Change Management,3,22,Manager validation
E0545,Business Acumen,4,21,Manager validation
E0545,Employee Engagement,1,40,Project evidence
E0545,Stakeholder Management,2,36,Manager validation
E0545,Communication,2,3,Self-assessment
E0545,Data Storytelling,3,17,Project evidence
E0545,Project Management,2,11,Manager validation
E0545,Power Query,2,43,Manager validation
E0545,DAX,1,14,Manager validation
E0545,Workforce Planning,2,30,Manager validation
E0545,Skills Gap Analysis,2,42,Project evidence
E0546,Change Management,5,40,Self-assessment
E0546,Excel,3,12,Self-assessment
E0546,Business Acumen,4,7,Manager validation
E0546,Data Quality,1,16,Manager validation
E0546,Stakeholder Management,4,7,Self-assessment
E0546,Data Governance,2,14,Project evidence
E0546,Data Storytelling,3,23,Manager validation
E0546,Project Management,2,4,Manager validation
E0547,HR Data Management,4,14,Self-assessment
E0547,Change Management,5,21,Project evidence
E0547,Excel,3,12,Self-assessment
E0547,Business Acumen,4,47,Project evidence
E0547,Data Quality,2,21,Self-assessment
E0547,Employee Engagement,4,28,Self-assessment
E0547,Stakeholder Management,3,46,Self-assessment
E0547,Learning Analytics,2,42,Self-assessment
E0547,Data Storytelling,5,9,Self-assessment
E0547,People Analytics,3,43,Certification
E0547,Data Visualization,1,32,Manager validation
E0547,Communication,2,30,Self-assessment
E0547,Statistics,2,22,Manager validation
E0547,Talent Management,3,29,Self-assessment
E0547,Power BI,3,39,Self-assessment
E0548,Excel,2,45,Manager validation
E0548,Business Acumen,3,17,Self-assessment
E0548,Project Management,2,22,Project evidence
E0548,Data Quality,2,25,Self-assessment
E0548,Communication,2,46,Project evidence
E0548,Power BI,2,11,Manager validation
E0548,Statistics,1,46,Project evidence
E0549,Change Management,4,6,Project evidence
E0549,Power BI,3,23,Self-assessment
E0549,Business Acumen,4,38,Self-assessment
E0549,Data Quality,3,45,Project evidence
E0549,Stakeholder Management,5,30,Self-assessment
E0549,Communication,2,32,Manager validation
E0549,Data Storytelling,4,14,Project evidence
E0549,Forecasting,2,6,Certification
E0549,Project Management,2,15,Self-assessment
E0550,Excel,3,10,Self-assessment
E0550,Business Acumen,3,40,Self-assessment
E0550,Project Management,3,4,Project evidence
E0550,Employee Engagement,2,25,Self-assessment
E0550,Stakeholder Management,2,48,Self-assessment
E0550,Power BI,4,20,Manager validation
E0550,Power Query,1,24,Certification
E0550,DAX,2,13,Certification
E0550,Skills Gap Analysis,2,48,Self-assessment
E0550,Talent Intelligence,1,37,Manager validation
E0551,Business Acumen,2,45,Manager validation
E0551,Data Quality,1,8,Certification
E0551,Employee Engagement,3,38,Self-assessment
E0551,Communication,3,32,Certification
E0551,Data Storytelling,1,21,Self-assessment
E0551,Project Management,1,8,Certification
E0552,Change Management,5,17,Self-assessment
E0552,Excel,3,15,Self-assessment
E0552,Scenario Modeling,3,34,Self-assessment
E0552,Power BI,4,43,Self-assessment
E0552,Business Acumen,3,47,Manager validation
E0552,Stakeholder Management,4,33,Manager validation
E0552,Statistics,2,35,Project evidence
E0552,Communication,3,9,Self-assessment
E0552,Data Storytelling,4,36,Certification
E0552,Forecasting,3,42,Manager validation
E0552,Project Management,3,26,Manager validation
E0553,Change Management,3,18,Manager validation
E0553,Excel,3,34,Manager validation
E0553,Scenario Modeling,3,28,Self-assessment
E0553,Business Acumen,3,38,Certification
E0553,Data Quality,1,31,Manager validation
E0553,Stakeholder Management,4,19,Certification
E0553,Statistics,2,13,Manager validation
E0553,Data Storytelling,2,8,Certification
E0553,Forecasting,2,33,Self-assessment
E0553,Project Management,3,25,Certification
E0553,Power BI,1,41,Manager validation
E0554,SQL,3,3,Project evidence
E0554,Data Quality,2,36,Self-assessment
E0554,NLP,2,10,Manager validation
E0554,Machine Learning,3,3,Self-assessment
E0554,Data Governance,2,8,Manager validation
E0554,Generative AI,3,34,Manager validation
E0554,Communication,1,15,Self-assessment
E0554,Project Management,1,16,Project evidence
E0555,Excel,2,35,Self-assessment
E0555,Scenario Modeling,3,43,Certification
E0555,Project Management,1,35,Self-assessment
E0555,Stakeholder Management,3,41,Certification
E0555,Communication,1,11,Manager validation
E0555,Power BI,1,48,Certification
E0555,Internal Mobility,2,13,Self-assessment
E0555,Skills Gap Analysis,3,43,Self-assessment
E0556,SQL,3,39,Project evidence
E0556,Data Modeling,3,19,Project evidence
E0556,Stakeholder Management,3,14,Manager validation
E0556,Data Governance,3,44,Self-assessment
E0556,Generative AI,4,39,Self-assessment
E0556,Communication,2,48,Self-assessment
E0556,Project Management,2,40,Project evidence
E0556,Python,1,34,Certification
E0557,Excel,4,27,Self-assessment
E0557,Business Acumen,3,11,Self-assessment
E0557,Power BI,3,31,Manager validation
E0557,Data Storytelling,2,23,Self-assessment
E0557,Project Management,3,32,Certification
E0557,Data Modeling,1,38,Manager validation
E0557,DAX,3,18,Manager validation
E0558,Change Management,3,22,Manager validation
E0558,Excel,1,21,Project evidence
E0558,Business Acumen,4,28,Manager validation
E0558,Performance Analytics,1,24,Manager validation
E0558,Data Quality,2,38,Self-assessment
E0558,Stakeholder Management,5,44,Manager validation
E0558,Data Storytelling,4,26,Manager validation
E0558,Power BI,2,45,Project evidence
E0559,Change Management,3,9,Self-assessment
E0559,Excel,2,9,Manager validation
E0559,Business Acumen,3,36,Self-assessment
E0559,Performance Analytics,1,33,Self-assessment
E0559,Stakeholder Management,4,46,Project evidence
E0559,Communication,1,46,Self-assessment
E0559,Data Storytelling,4,19,Project evidence
E0560,SQL,5,43,Project evidence
E0560,Business Acumen,1,9,Manager validation
E0560,Data Quality,2,27,Project evidence
E0560,Data Modeling,4,44,Manager validation
E0560,Stakeholder Management,3,9,Certification
E0560,Data Governance,2,33,Manager validation
E0560,Generative AI,4,16,Certification
E0560,Python,4,39,Self-assessment
E0560,People Analytics,2,26,Self-assessment
E0560,Internal Mobility,2,33,Project evidence
E0561,SQL,4,41,Certification
E0561,Business Acumen,1,17,Project evidence
E0561,NLP,2,10,Manager validation
E0561,Stakeholder Management,1,38,Manager validation
E0561,Data Governance,1,19,Project evidence
E0561,Generative AI,2,11,Self-assessment
E0561,Communication,3,21,Project evidence
E0561,Python,4,20,Manager validation
E0562,Change Management,3,11,Self-assessment
E0562,Excel,2,33,Manager validation
E0562,Business Acumen,3,27,Manager validation
E0562,Performance Analytics,3,35,Self-assessment
E0562,Data Quality,3,46,Self-assessment
E0562,HRIS,3,45,Certification
E0562,Stakeholder Management,3,3,Project evidence
E0562,Workforce Planning,4,43,Certification
E0562,Talent Analytics,3,27,Project evidence
E0562,People Analytics,4,25,Manager validation
E0562,Communication,3,45,Project evidence
E0562,Data Visualization,2,46,Certification
E0562,Data Storytelling,4,48,Certification
E0562,Power BI,2,43,Project evidence
E0563,Excel,3,25,Self-assessment
E0563,Business Acumen,3,38,Self-assessment
E0563,Performance Analytics,2,27,Certification
E0563,Stakeholder Management,3,44,Manager validation
E0563,Communication,2,23,Project evidence
E0564,Excel,4,38,Manager validation
E0564,Business Acumen,1,5,Project evidence
E0564,Statistics,2,48,Self-assessment
E0564,Communication,2,7,Manager validation
E0564,Forecasting,1,24,Self-assessment
E0564,Power BI,2,17,Manager validation
E0564,SQL,3,14,Manager validation
E0565,Power BI,2,18,Manager validation
E0565,Business Acumen,1,21,Manager validation
E0565,Performance Analytics,2,31,Project evidence
E0565,Stakeholder Management,1,19,Project evidence
E0565,Communication,1,43,Manager validation
E0565,Data Storytelling,3,20,Certification
E0565,Project Management,3,15,Certification
E0565,Python,1,27,Project evidence
E0565,Data Modeling,2,15,Self-assessment
E0566,Excel,1,43,Certification
E0566,Stakeholder Management,2,20,Self-assessment
E0566,Data Visualization,4,15,Self-assessment
E0566,Communication,4,48,Project evidence
E0566,Statistics,3,16,Certification
E0566,Data Storytelling,1,32,Manager validation
E0566,Power BI,1,12,Self-assessment
E0566,Power Query,2,31,Self-assessment
E0566,Data Modeling,3,15,Manager validation
E0567,SQL,3,13,Project evidence
E0567,Excel,3,5,Self-assessment
E0567,Business Acumen,3,8,Self-assessment
E0567,NLP,3,22,Manager validation
E0567,Data Governance,3,6,Certification
E0567,Machine Learning,1,22,Project evidence
E0567,Generative AI,4,13,Self-assessment
E0567,Project Management,2,11,Self-assessment
E0567,Data Modeling,4,34,Manager validation
E0567,Power BI,3,5,Certification
E0568,Data Quality,3,22,Self-assessment
E0568,Data Modeling,3,35,Self-assessment
E0568,NLP,2,35,Project evidence
E0568,Stakeholder Management,1,11,Manager validation
E0568,Data Governance,1,42,Self-assessment
E0568,Machine Learning,4,28,Self-assessment
E0568,Communication,1,21,Self-assessment
E0568,Python,4,13,Manager validation
E0568,Talent Intelligence,1,47,Self-assessment
E0568,Skills Gap Analysis,1,46,Manager validation
E0569,Change Management,3,7,Manager validation
E0569,Scenario Modeling,3,22,Certification
E0569,Business Acumen,4,10,Certification
E0569,Project Management,1,42,Project evidence
E0569,Data Quality,2,20,Project evidence
E0569,Stakeholder Management,5,46,Project evidence
E0569,Communication,1,9,Self-assessment
E0569,Data Storytelling,3,43,Self-assessment
E0569,Forecasting,2,45,Project evidence
E0569,Power BI,1,35,Manager validation
E0569,Workforce Planning,2,20,Self-assessment
E0569,People Analytics,2,27,Manager validation
E0570,Excel,2,42,Manager validation
E0570,Business Acumen,2,27,Certification
E0570,Employee Engagement,1,41,Self-assessment
E0570,Stakeholder Management,3,42,Self-assessment
E0570,Data Storytelling,2,31,Project evidence
E0570,Project Management,1,31,Manager validation
E0571,Excel,3,39,Self-assessment
E0571,Business Acumen,3,24,Manager validation
E0571,Data Quality,1,43,Self-assessment
E0571,Statistics,2,17,Self-assessment
E0571,Communication,2,26,Manager validation
E0571,Data Storytelling,3,7,Self-assessment
E0571,Power BI,1,24,Certification
E0572,Change Management,4,14,Certification
E0572,Excel,1,46,Self-assessment
E0572,Business Acumen,4,25,Self-assessment
E0572,Project Management,2,41,Self-assessment
E0572,Data Quality,2,26,Self-assessment
E0572,Employee Engagement,3,17,Self-assessment
E0572,Stakeholder Management,4,45,Certification
E0572,Data Storytelling,3,9,Project evidence
E0572,Power BI,2,42,Manager validation
E0573,SQL,3,7,Manager validation
E0573,Business Acumen,2,48,Certification
E0573,Data Modeling,4,45,Certification
E0573,NLP,3,44,Self-assessment
E0573,Machine Learning,3,21,Manager validation
E0573,Communication,1,35,Certification
E0573,Project Management,1,46,Self-assessment
E0573,Python,4,16,Self-assessment
E0574,Excel,2,43,Self-assessment
E0574,Business Acumen,1,44,Manager validation
E0574,Performance Analytics,2,28,Project evidence
E0574,Data Quality,2,47,Self-assessment
E0574,Stakeholder Management,2,40,Project evidence
E0574,Data Storytelling,2,46,Self-assessment
E0574,DAX,1,25,Self-assessment
E0574,SQL,4,46,Manager validation
E0575,Change Management,5,39,Project evidence
E0575,Excel,2,31,Project evidence
E0575,Scenario Modeling,2,14,Manager validation
E0575,Power BI,1,10,Self-assessment
E0575,Business Acumen,4,21,Self-assessment
E0575,Data Quality,3,23,Certification
E0575,Stakeholder Management,3,5,Project evidence
E0575,Communication,4,24,Self-assessment
E0575,Data Storytelling,4,13,Self-assessment
E0575,Project Management,1,33,Manager validation
E0575,SQL,1,19,Manager validation
E0575,Data Modeling,2,30,Certification
E0576,Excel,3,14,Manager validation
E0576,Business Acumen,2,13,Project evidence
E0576,Project Management,3,48,Self-assessment
E0576,Stakeholder Management,3,47,Project evidence
E0576,Communication,3,38,Manager validation
E0576,Power BI,1,32,Manager validation
E0576,Workforce Planning,2,3,Manager validation
E0576,Internal Mobility,3,25,Manager validation
E0577,Change Management,3,42,Manager validation
E0577,Excel,1,43,Certification
E0577,Business Acumen,3,35,Project evidence
E0577,Data Quality,1,23,Self-assessment
E0577,Stakeholder Management,3,24,Certification
E0577,Generative AI,1,39,Self-assessment
E0577,Statistics,1,19,Manager validation
E0577,Data Storytelling,5,33,Self-assessment
E0578,SQL,4,3,Manager validation
E0578,Excel,3,18,Self-assessment
E0578,Business Acumen,2,17,Self-assessment
E0578,Data Modeling,3,12,Manager validation
E0578,NLP,1,34,Self-assessment
E0578,Data Governance,2,26,Self-assessment
E0578,Communication,1,41,Manager validation
E0578,Python,4,41,Certification
E0578,Statistics,3,17,Self-assessment
E0578,Talent Intelligence,1,44,Project evidence
E0578,Internal Mobility,3,12,Manager validation
E0579,Business Acumen,2,36,Self-assessment
E0579,Performance Analytics,2,34,Self-assessment
E0579,Stakeholder Management,2,32,Manager validation
E0579,Communication,1,31,Self-assessment
E0579,Power BI,4,45,Self-assessment
E0579,Statistics,3,36,Manager validation
E0580,Change Management,3,17,Manager validation
E0580,Excel,1,42,Self-assessment
E0580,Business Acumen,4,45,Manager validation
E0580,Data Quality,2,43,Manager validation
E0580,Employee Engagement,1,6,Certification
E0580,Stakeholder Management,3,43,Self-assessment
E0580,Communication,2,33,Manager validation
E0580,Data Storytelling,4,36,Self-assessment
E0580,Project Management,3,21,Self-assessment
E0581,Business Acumen,2,11,Self-assessment
E0581,Performance Analytics,4,34,Self-assessment
E0581,Data Quality,2,14,Self-assessment
E0581,HRIS,2,8,Project evidence
E0581,Stakeholder Management,1,12,Manager validation
E0581,Workforce Planning,4,16,Manager validation
E0581,Data Storytelling,1,4,Project evidence
E0581,People Analytics,3,39,Manager validation
E0581,Statistics,2,46,Manager validation
E0581,Talent Management,3,34,Manager validation
E0581,Power BI,2,37,Certification
E0582,SQL,4,42,Project evidence
E0582,Change Management,4,13,Manager validation
E0582,Excel,2,21,Project evidence
E0582,Business Acumen,4,37,Manager validation
E0582,NLP,3,32,Manager validation
E0582,Stakeholder Management,3,18,Self-assessment
E0582,Data Governance,1,44,Project evidence
E0582,Machine Learning,3,36,Self-assessment
E0582,Data Storytelling,4,9,Self-assessment
E0582,Python,3,34,Self-assessment
E0583,HR Data Management,5,24,Self-assessment
E0583,Excel,3,38,Self-assessment
E0583,Power BI,3,47,Self-assessment
E0583,Performance Analytics,4,48,Project evidence
E0583,Employee Engagement,4,3,Self-assessment
E0583,Recruiting Analytics,2,5,Manager validation
E0583,Stakeholder Management,2,28,Manager validation
E0583,People Analytics,5,32,Manager validation
E0583,Statistics,2,38,Project evidence
E0583,Data Storytelling,2,28,Certification
E0583,Project Management,2,14,Manager validation
E0584,SQL,4,36,Self-assessment
E0584,Change Management,4,37,Project evidence
E0584,Business Acumen,5,44,Project evidence
E0584,Data Quality,2,24,Manager validation
E0584,NLP,2,29,Self-assessment
E0584,Stakeholder Management,3,32,Manager validation
E0584,Machine Learning,3,18,Certification
E0584,Data Governance,2,27,Self-assessment
E0584,Generative AI,4,30,Manager validation
E0584,Data Storytelling,3,5,Self-assessment
E0584,Project Management,1,6,Project evidence
E0585,Change Management,3,26,Certification
E0585,Excel,3,8,Self-assessment
E0585,Business Acumen,4,32,Self-assessment
E0585,Data Quality,3,27,Self-assessment
E0585,Stakeholder Management,3,9,Manager validation
E0585,Data Governance,2,48,Self-assessment
E0585,Data Storytelling,2,24,Manager validation
E0585,Project Management,1,38,Self-assessment
E0586,Excel,2,21,Project evidence
E0586,Business Acumen,2,12,Manager validation
E0586,Data Visualization,3,10,Project evidence
E0586,Communication,2,38,Project evidence
E0586,Statistics,1,19,Project evidence
E0586,Forecasting,1,48,Manager validation
E0586,Power BI,4,14,Project evidence
E0587,Excel,3,11,Manager validation
E0587,Business Acumen,1,10,Self-assessment
E0587,Employee Engagement,2,44,Manager validation
E0587,Stakeholder Management,2,13,Manager validation
E0587,Data Storytelling,2,46,Project evidence
E0587,Project Management,2,13,Project evidence
E0588,Change Management,5,3,Manager validation
E0588,Excel,3,5,Manager validation
E0588,Business Acumen,4,25,Manager validation
E0588,Performance Analytics,3,23,Project evidence
E0588,Data Quality,2,31,Self-assessment
E0588,Stakeholder Management,3,47,Self-assessment
E0588,Data Storytelling,4,45,Manager validation
E0588,Project Management,2,19,Certification
E0589,SQL,3,15,Project evidence
E0589,Change Management,3,19,Self-assessment
E0589,Business Acumen,3,11,Self-assessment
E0589,Data Quality,2,24,Manager validation
E0589,Data Modeling,1,41,Project evidence
E0589,NLP,3,20,Manager validation
E0589,Stakeholder Management,4,23,Self-assessment
E0589,Generative AI,2,37,Manager validation
E0589,Communication,1,41,Certification
E0589,Data Storytelling,2,21,Certification
E0589,Python,3,12,Manager validation
E0590,SQL,1,36,Certification
E0590,Data Quality,1,20,Self-assessment
E0590,Employee Engagement,4,10,Certification
E0590,Recruiting Analytics,3,4,Self-assessment
E0590,Stakeholder Management,3,29,Manager validation
E0590,Workforce Planning,1,3,Self-assessment
E0590,Data Storytelling,1,19,Manager validation
E0590,People Analytics,2,48,Certification
E0590,Data Visualization,2,25,Self-assessment
E0590,Communication,1,33,Project evidence
E0590,Talent Management,3,32,Manager validation
E0591,Excel,2,10,Self-assessment
E0591,Data Quality,3,7,Project evidence
E0591,Stakeholder Management,2,8,Project evidence
E0591,Generative AI,2,31,Manager validation
E0591,Statistics,1,13,Certification
E0591,Power BI,1,44,Manager validation
E0591,Data Modeling,2,48,Self-assessment
E0592,Excel,3,48,Project evidence
E0592,Scenario Modeling,2,12,Manager validation
E0592,Business Acumen,4,3,Self-assessment
E0592,Power BI,4,40,Certification
E0592,Forecasting,1,16,Manager validation
E0592,Project Management,2,31,Self-assessment
E0592,Data Modeling,1,47,Certification
E0593,Change Management,5,48,Self-assessment
E0593,Excel,2,19,Manager validation
E0593,Business Acumen,4,5,Manager validation
E0593,Performance Analytics,3,48,Project evidence
E0593,Data Quality,2,8,Project evidence
E0593,Stakeholder Management,3,40,Project evidence
E0593,Communication,4,30,Self-assessment
E0593,Data Storytelling,3,25,Manager validation
E0593,Power BI,1,12,Certification
E0594,Change Management,4,16,Project evidence
E0594,Excel,3,20,Project evidence
E0594,Power BI,1,11,Certification
E0594,Business Acumen,5,9,Self-assessment
E0594,Data Quality,2,3,Self-assessment
E0594,Stakeholder Management,4,18,Certification
E0594,Communication,3,39,Manager validation
E0594,Data Storytelling,3,43,Project evidence
E0594,Project Management,1,29,Manager validation
E0595,Excel,2,15,Self-assessment
E0595,Power BI,1,12,Self-assessment
E0595,Data Quality,3,11,Manager validation
E0595,Communication,2,28,Self-assessment
E0595,Project Management,3,35,Manager validation
E0595,Workforce Planning,2,25,Project evidence
E0595,Talent Intelligence,4,43,Certification
E0596,Excel,2,33,Self-assessment
E0596,Scenario Modeling,3,38,Self-assessment
E0596,Business Acumen,2,30,Manager validation
E0596,Data Quality,3,7,Manager validation
E0596,Statistics,2,38,Manager validation
E0596,Forecasting,1,12,Manager validation
E0596,Project Management,2,18,Project evidence
E0597,SQL,2,19,Self-assessment
E0597,Data Quality,1,20,Project evidence
E0597,NLP,4,36,Self-assessment
E0597,Data Governance,2,4,Manager validation
E0597,Machine Learning,5,18,Project evidence
E0597,Generative AI,3,40,Project evidence
E0597,Communication,3,46,Project evidence
E0597,Project Management,2,21,Certification
E0598,Change Management,3,27,Manager validation
E0598,Excel,1,27,Manager validation
E0598,Scenario Modeling,1,33,Self-assessment
E0598,Power BI,4,45,Manager validation
E0598,Business Acumen,5,30,Project evidence
E0598,Data Quality,1,44,Manager validation
E0598,Stakeholder Management,3,48,Certification
E0598,Data Storytelling,3,38,Project evidence
E0598,Project Management,1,19,Project evidence
E0599,SQL,3,22,Project evidence
E0599,Change Management,3,18,Self-assessment
E0599,Business Acumen,5,7,Manager validation
E0599,Data Quality,2,22,Self-assessment
E0599,Data Modeling,3,15,Self-assessment
E0599,Stakeholder Management,4,42,Manager validation
E0599,Data Governance,3,46,Self-assessment
E0599,Machine Learning,3,44,Manager validation
E0599,Generative AI,5,12,Project evidence
E0599,Communication,1,30,Manager validation
E0599,Data Storytelling,4,37,Manager validation
E0600,Excel,5,5,Manager validation
E0600,Business Acumen,2,28,Project evidence
E0600,Power BI,2,48,Manager validation
E0600,HRIS,3,7,Project evidence
E0600,Recruiting Analytics,3,6,Project evidence
E0600,Workforce Planning,2,35,Manager validation
E0600,Data Storytelling,1,48,Project evidence
E0600,People Analytics,4,43,Manager validation
E0600,Statistics,2,19,Project evidence
E0600,Talent Management,2,6,Manager validation
E0600,Project Management,2,41,Manager validation
